Date,Close,High,Low,Open,Volume
1993-01-29,24.17538833618164,24.192582780232982,24.072221671873614,24.192582780232982,1003200
1993-02-01,24.34731674194336,24.34731674194336,24.192566847397106,24.192566847397106,480500
1993-02-02,24.398914337158203,24.416108779960993,24.27855323753868,24.330136565947047,201300
1993-02-03,24.656810760498047,24.674005189201324,24.416088758652183,24.43328318735546,529400
1993-02-04,24.76000213623047,24.811585474014283,24.46769655545553,24.74280769030253,531500
1993-02-05,24.7428035736084,24.794386902809805,24.605248029071312,24.7428035736084,492100
1993-02-08,24.7428035736084,24.828775788944075,24.708414687474125,24.7428035736084,596100
1993-02-09,24.57085609436035,24.65682829902921,24.519272771559034,24.65682829902921,122100
1993-02-10,24.60524559020996,24.622440031572793,24.502078942032984,24.570856707484303,379600
1993-02-11,24.725610733032227,24.828777398121375,24.639638512124602,24.639638512124602,19500
1993-02-12,24.536462783813477,24.69121272428602,24.536462783813477,24.69121272428602,42500
1993-02-16,23.91746711730957,24.46768922209311,23.8830782357606,24.46768922209311,374800
1993-02-17,23.900270462036133,23.951853779580098,23.81429826612953,23.917464901217457,210900
1993-02-18,23.883073806762695,24.175379245722354,23.55637949263131,24.175379245722354,378100
1993-02-19,23.96904182434082,23.96904182434082,23.84868078218129,23.883069651369727,34900
1993-02-22,24.055023193359375,24.089412075694415,23.96905098752178,24.037828752191857,513600
1993-02-23,24.037826538085938,24.140993175588452,23.91746546099967,24.123798736004698,373700
1993-02-24,24.34731674194336,24.34731674194336,24.05501138557822,24.05501138557822,26300
1993-02-25,24.398914337158203,24.416108779960993,24.27855323753868,24.330136565947047,44500
1993-02-26,24.43329620361328,24.450490641476485,24.31293513857085,24.450490641476485,66200
1993-03-01,24.364526748657227,24.519276742120823,24.330137861220873,24.519276742120823,66500
1993-03-02,24.725610733032227,24.725610733032227,24.34733296103869,24.381721849401735,182400
1993-03-03,24.828763961791992,24.84595839666858,24.725597352532468,24.759986222285644,280100
1993-03-04,24.691226959228516,24.863171436660465,24.691226959228512,24.863171436660465,89500
1993-03-05,24.6224308013916,24.828764020397674,24.605236366474426,24.725597410894636,40000
1993-03-08,25.17264747619629,25.17264747619629,24.6740089674465,24.6740089674465,50800
1993-03-09,25.08668327331543,25.138266583678657,25.035099962952206,25.121072146890917,169300
1993-03-10,25.138277053833008,25.138277053833008,24.983527058289578,25.0866937219852,194400
1993-03-11,25.06949806213379,25.224248050171653,25.035109175903152,25.15547027771038,70900
1993-03-12,24.81157875061035,24.88035651568481,24.656828779192825,24.863162074416195,643600
1993-03-15,24.931928634643555,24.93192863464356,24.79437316631449,24.79437316631449,310800
1993-03-16,24.931928634643555,25.00070636880809,24.93192863464356,24.93192863464356,30800
1993-03-17,24.777172088623047,24.89753309113544,24.74278323076236,24.89753309113544,21800
1993-03-18,24.931928634643555,25.035095235890356,24.880345334020156,24.880345334020156,59300
1993-03-19,24.89419174194336,25.0323968314198,24.89419174194336,25.0323968314198,66900
1993-03-22,24.75600814819336,24.807835101748545,24.635078589897926,24.65235424108299,183400
1993-03-23,24.80784034729004,24.842391656965933,24.77328903761415,24.825116002127988,55200
1993-03-24,24.80784034729004,24.911494276317715,24.65235945374853,24.77328903761415,37200
1993-03-25,24.963314056396484,25.015141005994536,24.7905575577363,24.825108857468337,110100
1993-03-26,24.825101852416992,24.96330701234694,24.80782620742575,24.9460313673557,101500
1993-03-29,24.928760528564453,25.049690066818055,24.842382286954734,24.842382286954734,87100
1993-03-30,24.997854232788086,24.997854232788086,24.928751664072706,24.963302948430396,56000
1993-03-31,24.980588912963867,25.136069756820486,24.980588912963867,25.066967159550877,111600
1993-04-01,24.89419174194336,25.015121195235242,24.842364833389695,25.015121195235242,129500
1993-04-02,24.375938415527344,24.686900067887013,24.375938415527344,24.686900067887013,59400
1993-04-05,24.496875762939453,24.565978374400498,24.427773151478412,24.565978374400498,172200
1993-04-06,24.427762985229492,24.54869250495835,24.358660402527285,24.54869250495835,129700
1993-04-07,24.514142990112305,24.5141429901123,24.410489108547345,24.462316049329825,28000
1993-04-08,24.479598999023438,24.617804215672827,24.375945086536394,24.617804215672827,180800
1993-04-12,24.825101852416992,24.84237749740824,24.686896692487046,24.721447982469535,348500
1993-04-13,24.876937866210938,24.963316122690834,24.790559609731037,24.807835261027016,146100
1993-04-14,24.84238624572754,24.911488850027197,24.82511059465262,24.894213198952283,119600
1993-04-15,24.84238624572754,24.894213198952283,24.738732339278048,24.82511059465262,148600
1993-04-16,24.84238624572754,24.894213198952283,24.807834943577706,24.85966189680245,47900
1993-04-19,24.738718032836914,24.91147444368075,24.721442391752532,24.842371879343215,157000
1993-04-20,24.617786407470703,24.738715884560033,24.462305651212993,24.70416460539165,279500
1993-04-21,24.60051727294922,24.669619849558625,24.53141469633981,24.669619849558625,67900
1993-04-22,24.28956413269043,24.704179736662383,24.28956413269043,24.496871934676406,97700
1993-04-23,24.185914993286133,24.30684456825256,24.151363686152866,24.23774195398603,106000
1993-04-26,23.995868682861328,24.289554620664525,23.926766109260573,24.203176403663583,62600
1993-04-27,24.255001068115234,24.255001068115234,23.961315157746316,23.961315157746316,156800
1993-04-28,24.20318031311035,24.27228289787298,24.16862902072904,24.22045595930101,85900
1993-04-29,24.30683708190918,24.30683708190918,24.116804951204845,24.255010137171634,85000
1993-04-30,24.34137725830078,24.479582381130022,24.341377258300778,24.393204179361746,88500
1993-05-03,24.496875762939453,24.496875762939453,24.27229227569107,24.37594619288263,80500
1993-05-04,24.5832462310791,24.669624468011918,24.51414364153285,24.548694936305978,149100
1993-05-05,24.652345657348633,24.738723883197785,24.58324307666931,24.58324307666931,109000
1993-05-06,24.56596565246582,24.63506822814083,24.54869000854707,24.617792584222077,54700
1993-05-07,24.514142990112305,24.583245577822275,24.479591696257316,24.583245577822275,68000
1993-05-10,24.56596565246582,24.70417080381584,24.54869000854707,24.54869000854707,113900
1993-05-11,24.66961097717285,24.66961097717285,24.496854597780885,24.565957149537674,42600
1993-05-12,24.63507652282715,24.65235217256265,24.565973923885135,24.565973923885135,31000
1993-05-13,24.34137725830078,24.53140930219099,24.32410161794712,24.53140930219099,129100
1993-05-14,24.32410430908203,24.410482520406898,24.306828666817058,24.341379951347005,63500
1993-05-17,24.410478591918945,24.41047859191895,24.289549115525862,24.393202952434223,34000
1993-05-18,24.393220901489258,24.445047858078826,24.306842640506648,24.427772205882302,105200
1993-05-19,24.89419174194336,24.89419174194336,24.237717566930282,24.393198292591272,50200
1993-05-20,24.963314056396484,24.96331405639648,24.842384507334355,24.89421145693241,98200
1993-05-21,24.738718032836914,25.01512829018705,24.721442391752532,24.980577008018283,221400
1993-05-24,24.84238624572754,24.928764501102112,24.790559292502792,24.790559292502792,30500
1993-05-25,24.89419174194336,24.946018650497024,24.89419174194336,24.946018650497024,191800
1993-05-26,25.20516586303711,25.222441507905536,24.946031190010682,24.96330683487911,102400
1993-05-27,25.11878776550293,25.23971728019242,25.084236475591645,25.23971728019242,53800
1993-05-28,24.997854232788086,25.101508085861152,24.876924737536175,25.101508085861152,79100
1993-06-01,25.239715576171875,25.32609379511839,25.04968349448954,25.084234782068144,28300
1993-06-02,25.20516586303711,25.29154408737925,25.06696070408968,25.170614573300252,20300
1993-06-03,25.11878776550293,25.15333905541421,25.066960830636003,25.15333905541421,21600
1993-06-04,25.032400131225586,25.04967576968744,24.928746300454463,25.04967576968744,32000
1993-06-07,24.94602394104004,25.084229059826967,24.94602394104004,25.084229059826967,121400
1993-06-08,24.721454620361328,24.87693546703027,24.721454620361328,24.87693546703027,104500
1993-06-09,24.80784034729004,24.911494276317715,24.77328903761415,24.80784034729004,43300
1993-06-10,24.825101852416992,24.84237749740824,24.738723627460775,24.790550562434507,17900
1993-06-11,24.928760528564453,24.96331182520834,24.82510663863279,24.911484880242508,647400
1993-06-14,24.89419174194336,24.980569922866135,24.89419174194336,24.96329428668158,64200
1993-06-15,24.84238624572754,24.946040152177027,24.842386245727536,24.928764501102112,142400
1993-06-16,24.89419174194336,24.89419174194336,24.773262288651477,24.842364833389695,330900
1993-06-17,24.980588912963867,24.980588912963867,24.894210666376853,24.94603761432906,37400
1993-06-18,24.77486228942871,24.96624114138357,24.774862289428714,24.96624114138357,58500
1993-06-21,24.827056884765625,24.84445496247044,24.792260729356006,24.84445496247044,29300
1993-06-22,24.844449996948242,24.861848071175796,24.80965384849313,24.861848071175796,137500
1993-06-23,24.61826515197754,24.844440026165316,24.61826515197754,24.844440026165316,227600
1993-06-24,24.94884490966797,24.94884490966797,24.687873728604497,24.687873728604497,243700
1993-06-25,24.93144989013672,25.001042213626285,24.91405180926433,24.93144989013672,44800
1993-06-28,25.20981788635254,25.209817886352536,25.01843900660797,25.053235166561528,439900
1993-06-29,25.088037490844727,25.175027912102856,25.053241322341474,25.175027912102856,207500
1993-06-30,25.088037490844727,25.175027912102856,25.053241322341474,25.12283365934798,437600
1993-07-01,25.018444061279297,25.122832562230393,24.983647894295597,25.122832562230393,605700
1993-07-02,24.87925148010254,24.94884379193499,24.79226109031197,24.931445713976878,285400
1993-07-06,24.61826515197754,24.91403229514617,24.58346901748711,24.844440026165316,246400
1993-07-07,24.687875747680664,24.722671908001566,24.600885346878407,24.600885346878407,343700
1993-07-08,24.966251373291016,25.01844562703309,24.670483935419277,24.70528010458066,248200
1993-07-09,25.035844802856445,25.035844802856445,24.914058205483272,24.966252461500346,378200
1993-07-12,25.018444061279297,25.035842144771145,24.96624981080375,25.00104597778745,373700
1993-07-13,25.001039505004883,25.105427978929747,24.861854873105063,25.03583566297984,389600
1993-07-14,25.088037490844727,25.15762982785123,25.001047069586594,25.018445153838222,617300
1993-07-15,24.98365020751953,25.07064063303318,24.931455952211344,25.07064063303318,443800
1993-07-16,24.914045333862305,25.01843379196508,24.87924918116138,25.00103571561462,216400
1993-07-19,24.896657943725586,24.9140560275437,24.82706560845312,24.9140560275437,188200
1993-07-20,24.966251373291016,24.966251373291016,24.75747435832273,24.879260950387565,68500
1993-07-21,24.94884490966797,24.94884490966797,24.861854515980145,24.931446830930405,142700
1993-07-22,24.77486228942871,24.94884306393313,24.774862289428714,24.914046909032244,632400
1993-07-23,24.896657943725586,24.896657943725586,24.809667524635,24.82706560845312,286200
1993-07-26,25.035844802856445,25.08803905887352,24.966252461500346,24.966252461500346,121300
1993-07-27,25.018444061279297,25.070638311754845,24.93145364382005,25.053240228262997,92800
1993-07-28,24.966251373291016,25.01844562703309,24.931455204129637,24.966251373291016,30800
1993-07-29,25.105449676513672,25.175042052609346,24.983663018346245,25.018459206394084,331000
1993-07-30,24.966251373291016,25.105436049936543,24.931455204129637,25.105436049936543,75300
1993-08-02,25.035844802856445,25.12283522955157,25.001048632178396,25.001048632178396,41300
1993-08-03,25.053245544433594,25.1576340675354,24.966255108515423,25.088041718800863,81600
1993-08-04,25.053245544433594,25.1054398059845,24.983653195699056,25.053245544433594,434000
1993-08-05,25.001039505004883,25.053233741967315,24.966243347029927,25.053233741967315,36800
1993-08-06,25.035844802856445,25.08803905887352,25.001048632178396,25.070640973534495,402300
1993-08-09,25.175020217895508,25.244612533632605,25.053233665355584,25.105427902158407,828200
1993-08-10,25.157629013061523,25.175027096749673,25.122832845685227,25.157629013061523,604900
1993-08-11,25.157629013061523,25.227221347814115,25.140230929373377,25.140230929373377,542200
1993-08-12,25.088037490844727,25.227222164857732,25.001047069586594,25.227222164857732,303700
1993-08-13,25.12282371520996,25.140221792575066,25.105425637844856,25.105425637844856,103500
1993-08-16,25.26201629638672,25.331608627781723,25.140229716445457,25.140229716445457,241800
1993-08-17,25.349010467529297,25.349010467529297,25.24462195496569,25.24462195496569,369300
1993-08-18,25.488182067871094,25.540376297361615,25.418589761883734,25.435987838380573,414300
1993-08-19,25.488182067871094,25.505580144367936,25.453385914877416,25.505580144367936,28500
1993-08-20,25.50557518005371,25.50557518005371,25.418584814501003,25.435982887611544,80700
1993-08-23,25.453401565551758,25.470799652746255,25.40120730396826,25.40120730396826,15600
1993-08-24,25.73175048828125,25.73175048828125,25.45338131464197,25.45338131464197,273400
1993-08-25,25.749162673950195,25.853551171277022,25.696968425286784,25.73176459106239,242300
1993-08-26,25.76654815673828,25.905732751778057,25.66215971045845,25.76654815673828,120000
1993-08-27,25.749162673950195,25.749162673950195,25.696968425286784,25.696968425286784,25700
1993-08-30,25.853561401367188,25.888357580911425,25.766570952506598,25.766570952506598,183500
1993-08-31,25.923145294189453,25.923145294189457,25.801358705559036,25.836154873739154,66500
1993-09-01,25.888338088989258,25.94053231900738,25.836143858971138,25.836143858971138,136500
1993-09-02,25.80135154724121,25.940536181346353,25.783953467978066,25.90574002282007,472400
1993-09-03,25.81875228881836,25.853548450932667,25.749159964589737,25.783956126704048,630500
1993-09-07,25.644786834716797,25.853563932421412,25.60999065176603,25.818767749470645,196400
1993-09-08,25.557785034179688,25.64477545294817,25.38380419664273,25.64477545294817,269900
1993-09-09,25.609975814819336,25.627373896215275,25.453393082255904,25.453393082255904,239200
1993-09-10,25.836162567138672,25.853560656409474,25.644783585159868,25.67957976370147,106500
1993-09-13,25.853561401367188,25.92315376045566,25.853561401367188,25.92315376045566,66900
1993-09-14,25.749162673950195,25.783958839725805,25.662172259511173,25.783958839725805,184500
1993-09-15,25.81875228881836,25.83615036987551,25.55778107296103,25.644771478246806,101000
1993-09-16,25.714351654052734,25.801342018241005,25.69695358121508,25.78394394540335,54300
1993-09-17,25.664522171020508,25.71704165704579,25.62950918033699,25.69953516170403,200900
1993-09-20,25.454421997070312,25.752032157971406,25.45442199707031,25.69951271781239,57800
1993-09-21,25.366901397705078,25.524459791479643,25.104304074747468,25.489446815085294,318200
1993-09-22,25.576984405517578,25.611997388961136,25.419425980021575,25.454438963465133,439700
1993-09-23,25.717042922973633,25.734549419177153,25.6120039457525,25.647016938159545,88500
1993-09-24,25.64700698852539,25.69952645676128,25.611994009701466,25.682019967349316,53500
1993-09-27,25.927095413208008,25.927095413208008,25.83956301816004,25.83956301816004,274600
1993-09-28,25.87458038330078,25.944606311266412,25.857073901309374,25.944606311266412,158300
1993-09-29,25.787057876586914,25.9446162750182,25.752044899157738,25.87459032015985,221000
1993-09-30,25.73453712463379,25.839576051673113,25.68201766111413,25.78705658815345,99300
1993-10-01,25.857074737548828,25.89208770266399,25.664503429415422,25.699516394530587,22700
1993-10-04,25.89210319519043,25.892103195190433,25.8220772230601,25.892103195190433,1038500
1993-10-05,25.857074737548828,25.944607150336736,25.769542324760916,25.944607150336736,436500
1993-10-06,25.83957290649414,25.979624792166195,25.83957290649414,25.874585877912153,209200
1993-10-07,25.769535064697266,25.874573930450108,25.75202858707179,25.874573930450108,59400
1993-10-08,25.80455780029297,25.857077253075115,25.611986473425112,25.8395707688144,54400
1993-10-11,25.857074737548828,25.90959418522157,25.857074737548828,25.857074737548828,467100
1993-10-12,25.89210319519043,25.909609688223014,25.87459670215785,25.892103195190433,26200
1993-10-13,25.89210319519043,25.909609688223014,25.857090209125264,25.909609688223014,139100
1993-10-14,26.22471809387207,26.22471809387207,25.927107808427593,25.997133757943942,108100
1993-10-15,26.364765167236328,26.417284619760704,26.27723274636237,26.347258683061536,1502500
1993-10-18,26.29473304748535,26.34725248766009,26.25972008736886,26.34725248766009,722400
1993-10-19,26.102170944213867,26.312248778774947,26.102170944213867,26.259729320134678,880100
1993-10-20,26.137178421020508,26.189697868618005,26.084658973423014,26.189697868618005,230400
1993-10-21,26.102170944213867,26.154690402854136,26.067157971787022,26.154690402854136,56200
1993-10-22,25.979612350463867,26.242209510340526,25.97961235046387,26.137170646389862,390700
1993-10-25,26.049650192260742,26.084663162949262,25.927104794850912,25.997130736227955,114500
1993-10-26,26.03215217590332,26.04965866694293,25.94461972070526,26.032152175903317,186200
1993-10-27,26.049650192260742,26.067156677605002,25.997130736227955,25.997130736227955,118400
1993-10-28,26.242212295532227,26.3122382122648,26.084653982883932,26.084653982883932,129600
1993-10-29,26.242212295532227,26.259718774715367,26.20719933716594,26.22470581634908,80700
1993-11-01,26.312231063842773,26.329737538269818,26.20719221728053,26.20719221728053,36400
1993-11-02,26.29473304748535,26.32974600760184,26.13717472696114,26.277226567427103,262100
1993-11-03,25.962120056152344,26.277236820151497,25.83957464793045,26.277236820151497,479100
1993-11-04,25.68201446533203,25.962118235915064,25.664507979670592,25.962118235915064,130400
1993-11-05,25.80455780029297,25.80455780029297,25.506947567860827,25.611986473425112,363200
1993-11-08,25.83957290649414,25.909598849330166,25.752040477949105,25.82206642078513,367600
1993-11-09,25.857074737548828,26.032139563124648,25.839568254991246,26.014633080567066,246900
1993-11-10,26.049650192260742,26.04965019226074,25.787052912096822,25.857078853473865,46500
1993-11-11,25.979612350463867,26.11966416906475,25.96210587313876,26.04963825976431,88900
1993-11-12,26.102170944213867,26.189703375280985,26.014638513146753,26.032144999360177,108200
1993-11-15,26.084671020507812,26.154696982978976,26.01464505803665,26.154696982978976,243300
1993-11-16,26.207204818725586,26.224711301570423,26.032139990277184,26.137178887346224,492600
1993-11-17,26.06717300415039,26.22473147093169,25.99714701891426,26.22473147093169,39600
1993-11-18,25.997148513793945,26.084681000372374,25.9271225245312,26.032161508425315,240800
1993-11-19,25.944610595703125,25.979623565467907,25.892091141055957,25.909597625938346,106000
1993-11-22,25.787057876586914,25.892096808874438,25.699525433013978,25.87459032015985,165300
1993-11-23,25.927095413208008,25.9446018922176,25.787043581131257,25.927095413208008,89700
1993-11-24,26.03215217590332,26.04965866694293,25.96212621174487,25.997139193824093,77200
1993-11-26,26.049650192260742,26.102169648293525,26.03214370691648,26.102169648293525,1019800
1993-11-29,25.944610595703125,26.172194899174208,25.94461059570313,26.119675444527036,517500
1993-11-30,25.962120056152344,26.084665464374236,25.90960059548582,25.92710708237466,230000
1993-12-01,25.997148513793945,26.119693995003747,25.99714851379394,26.10218749768806,379200
1993-12-02,26.06717300415039,26.084679500459423,25.99714701891426,26.04966650784136,352000
1993-12-03,26.172199249267578,26.172199249267578,26.049653834722513,26.049653834722513,306000
1993-12-06,26.259723663330078,26.29473662821452,26.20720421600342,26.20720421600342,99500
1993-12-07,26.242212295532227,26.27722525389851,26.20719933716594,26.259718774715367,88800
1993-12-08,26.242212295532227,26.242212295532223,26.20719933716594,26.242212295532223,146700
1993-12-09,26.154695510864258,26.27724093829133,26.119682531599377,26.24222795902645,416500
1993-12-10,26.102170944213867,26.17219688906756,26.049651485573598,26.17219688906756,412900
1993-12-13,26.259723663330078,26.259723663330078,26.06715235646566,26.1021653213501,273200
1993-12-14,26.06717300415039,26.27725095985879,26.06717300415039,26.27725095985879,41900
1993-12-15,26.03215217590332,26.11968463110138,26.032152175903317,26.102178140061767,82600
1993-12-16,26.119672775268555,26.137179258361897,26.084659809081867,26.137179258361897,78200
1993-12-17,26.263233184814453,26.280859515810974,26.157475198835336,26.175101529831856,104700
1993-12-20,26.298465728759766,26.316092046272338,26.22796045870947,26.245586776222044,68800
1993-12-21,26.210344314575195,26.263223287637555,26.175091665866958,26.263223287637555,205700
1993-12-22,26.386606216430664,26.404232539888536,26.22796930530984,26.280848275683447,410300
1993-12-23,26.368993759155273,26.421872757335397,26.333741093701857,26.368993759155273,533800
1993-12-27,26.5100040435791,26.5100040435791,26.36899338377283,26.36899338377283,447100
1993-12-28,26.5628662109375,26.580492532245355,26.474734604398225,26.49236092570608,880600
1993-12-29,26.52762222290039,26.598127531134015,26.509995895841985,26.58050120407561,266700
1993-12-30,26.421871185302734,26.51000284369267,26.368992190268774,26.51000284369267,219900
1993-12-31,26.280845642089844,26.509987824079897,26.2632193203983,26.47473518069681,312900
1994-01-03,26.210344314575195,26.31610226069991,26.175091665866958,26.280849611991673,960900
1994-01-04,26.31609535217285,26.316095352172848,26.210337433811805,26.245590073265486,164300
1994-01-05,26.368993759155273,26.38662009188198,26.245609430068317,26.351367426428563,710900
1994-01-06,26.368993759155273,26.421872757335397,26.333741093701857,26.40424642460869,201000
1994-01-07,26.52762222290039,26.5452485499588,26.351358952316335,26.42186426054996,775500
1994-01-10,26.844900131225586,26.844900131225586,26.4923735372502,26.562878856045277,593700
1994-01-11,26.79201889038086,26.82727154681557,26.70388724929408,26.82727154681557,295200
1994-01-12,26.70388412475586,26.809642081685585,26.615752493981088,26.809642081685585,158400
1994-01-13,26.633384704589844,26.68626369473794,26.598132044491116,26.633384704589844,244300
1994-01-14,26.7391300201416,26.79200898524406,26.721503698440785,26.721503698440785,137200
1994-01-17,26.7391300201416,26.77438266354324,26.686251055039147,26.7391300201416,17700
1994-01-18,26.77437973022461,26.809632369764074,26.72150077091541,26.77437973022461,166400
1994-01-19,26.70388412475586,26.774389429375677,26.651005146291,26.73913677706577,200800
1994-01-20,26.77437973022461,26.79200604999434,26.72150077091541,26.73912709068514,281100
1994-01-21,26.721519470214844,26.80965113073666,26.70389313811048,26.80965113073666,85600
1994-01-24,26.615745544433594,26.827261403064853,26.615745544433594,26.70387715219662,373800
1994-01-25,26.615745544433594,26.650998187538804,26.56286657977578,26.6333718659862,310400
1994-01-26,26.6862735748291,26.703899911404285,26.580515555377996,26.615768228528363,145100
1994-01-27,26.93303108215332,26.968283740637816,26.70388880200411,26.739141460488604,344500
1994-01-28,27.00353240966797,27.091664042858792,27.00353240966797,27.038785062944296,356500
1994-01-31,27.197418212890625,27.250297185436754,27.074033943616335,27.109286591980418,313800
1994-02-01,27.0564022064209,27.16216013035479,27.0211495651096,27.16216013035479,303600
1994-02-02,27.232667922973633,27.232667922973633,27.12690998929218,27.144536311572423,307600
1994-02-03,27.109281539916992,27.179786823505854,27.021149935430916,27.179786823505854,466100
1994-02-04,26.49237060546875,27.14454473215028,26.492370605468746,27.109292076653983,1403200
1994-02-07,26.615745544433594,26.686250830644013,26.421856007354936,26.421856007354936,516400
1994-02-08,26.633384704589844,26.668637364688575,26.527626724293658,26.668637364688575,188200
1994-02-09,26.7391300201416,26.756756341842422,26.615745768235872,26.65099841163751,144600
1994-02-10,26.5100040435791,26.73914636576429,26.5100040435791,26.72152003328851,883900
1994-02-11,26.598127365112305,26.668632672905844,26.404237768680076,26.527622057318766,519400
1994-02-14,26.633384704589844,26.72151635483667,26.510000394244294,26.54525305434302,2742100
1994-02-15,26.77437973022461,26.79200604999434,26.650995491836476,26.68624813137594,374700
1994-02-16,26.756763458251953,26.809642437418457,26.703884479085445,26.809642437418457,287600
1994-02-17,26.598127365112305,26.89777492323484,26.527622057318766,26.88014859628646,342400
1994-02-18,26.439498901367188,26.633388559977213,26.36899357096354,26.6157622273763,313300
1994-02-22,26.70388412475586,26.70388412475586,26.509994537051362,26.509994537051362,154500
1994-02-23,26.633384704589844,26.756769014935397,26.54525305434302,26.739142684886033,391700
1994-02-24,26.280845642089844,26.54524046746298,26.2632193203983,26.54524046746298,770800
1994-02-25,26.40422821044922,26.40422821044922,26.26321764590743,26.3160966076106,531300
1994-02-28,26.40422821044922,26.545238774991002,26.40422821044922,26.47473349272011,333000
1994-03-01,26.298465728759766,26.457102586372926,26.157455188659178,26.40422363383521,423600
1994-03-02,26.333740234375,26.333740234375,25.89308193058693,25.963587259193023,581500
1994-03-03,26.263233184814453,26.298485846807495,26.192727860828377,26.298485846807495,223200
1994-03-04,26.333740234375,26.404245562981092,26.175103245011297,26.263234905768908,595800
1994-03-07,26.474742889404297,26.509995543051975,26.421863908932785,26.421863908932785,539800
1994-03-08,26.368993759155273,26.49237808824223,26.333741093701857,26.49237808824223,880300
1994-03-09,26.49237060546875,26.509996933216897,26.280854672490953,26.404238966728,2500100
1994-03-10,26.280845642089844,26.47473518069681,26.19271403363213,26.47473518069681,207400
1994-03-11,26.421871185302734,26.457123848658707,26.175102541810915,26.316113195234813,576600
1994-03-14,26.457120895385742,26.527626214227542,26.42186823596484,26.527626214227542,345900
1994-03-15,26.439498901367188,26.562883229573565,26.421872568766275,26.510004231770832,748600
1994-03-16,26.651004791259766,26.651004791259766,26.386609902457586,26.47474153205831,455500
1994-03-17,26.651004791259766,26.686257443100054,26.562873161659038,26.562873161659038,133000
1994-03-18,26.645187377929688,26.680643382424606,26.503363359950022,26.52109136219748,365500
1994-03-21,26.57428550720215,26.627469534234574,26.503373471158913,26.55655749819134,324800
1994-03-22,26.645187377929688,26.698371384672065,26.52109136219748,26.574275368939855,435700
1994-03-23,26.627458572387695,26.698370579238265,26.609730570675055,26.627458572387695,698500
1994-03-24,26.308361053466797,26.57428114497758,26.184265010761763,26.52109712667542,1200500
1994-03-25,26.060165405273438,26.396997475137518,26.060165405273438,26.32608546042929,100900
1994-03-28,26.095623016357422,26.131079025890514,25.865158954392307,26.095623016357422,1117200
1994-03-29,25.581518173217773,26.113358467879266,25.581518173217773,26.09563045805722,338400
1994-03-30,25.226951599121094,25.670151732626383,25.226951599121094,25.599239711265536,1123900
1994-03-31,25.297876358032227,25.351060400831173,24.695123872977497,25.226964300966962,788800
1994-04-04,24.9078311920166,24.97874316694049,24.58872730485909,24.58872730485909,2627300
1994-04-05,25.421960830688477,25.42196083068848,25.15604073831726,25.15604073831726,1179000
1994-04-06,25.421960830688477,25.47514484916272,25.244680769107667,25.45741684300464,516500
1994-04-07,25.546051025390625,25.59923503168915,25.262402991798503,25.404227008594564,666100
1994-04-08,25.351037979125977,25.49286196782039,25.226941989018368,25.49286196782039,242400
1994-04-11,25.457422256469727,25.563790316037146,25.359918201866254,25.42196623661392,203300
1994-04-12,25.421960830688477,25.528328867636965,25.368776812214236,25.48400885224176,1409200
1994-04-13,25.28900909423828,25.47515322006338,25.102864968413186,25.413105178121683,364100
1994-04-14,25.297876358032227,25.430836465029593,25.191508272434334,25.24469231523328,419900
1994-04-15,25.297876358032227,25.40424444363012,25.253556322366435,25.289012350899068,387300
1994-04-18,25.12944984436035,25.395369948533475,25.049673813108413,25.324457920753975,369100
1994-04-19,25.164907455444336,25.262411499829646,24.952171358603668,25.102859427199142,472200
1994-04-20,25.138296127319336,25.253528091231587,25.00533616895904,25.191480110663452,508000
1994-04-21,25.475141525268555,25.51059753295856,25.15603745605851,25.24467747528352,200300
1994-04-22,25.448543548583984,25.554911546697188,25.37763154984185,25.537183547011654,301800
1994-04-25,25.714468002319336,25.732196005078602,25.439683959550667,25.439683959550667,394600
1994-04-26,25.687877655029297,25.723333662834722,25.634693643321164,25.67901365307794,399000
1994-04-28,25.501747131347656,25.67016325769302,25.421971071499854,25.634707231093994,287000
1994-04-29,25.581518173217773,25.616974192861875,25.421966084819328,25.457422104463426,481900
1994-05-02,25.741056442260742,25.9360644456112,25.49286443799652,25.581504439519456,275000
1994-05-03,25.714468002319336,25.758788009217508,25.56377997886555,25.749924007837873,183400
1994-05-04,25.670150756835938,25.767654782500717,25.57264673117116,25.767654782500717,401900
1994-05-05,25.634687423706055,25.741055421314794,25.634687423706055,25.696735422311153,659800
1994-05-06,25.386505126953125,25.510601171568116,25.29786509508527,25.510601171568116,216300
1994-05-09,25.164907455444336,25.386507556320037,25.120587435269197,25.315595524039814,499300
1994-05-10,25.359914779663086,25.439690813573247,25.27127474198513,25.289002749520723,583400
1994-05-11,25.12944984436035,25.368777938116164,25.05853781658085,25.333321924226414,210600
1994-05-12,25.253543853759766,25.315591873056473,25.19149583446306,25.288999864786454,305200
1994-05-13,25.253543853759766,25.324455875813143,25.12944781516635,25.324455875813143,321300
1994-05-16,25.262405395507812,25.38650142201206,25.25354139361465,25.306725404973616,450400
1994-05-17,25.634687423706055,25.634687423706055,25.24467143247401,25.280127431676924,470200
1994-05-18,25.820833206176758,25.91833721073149,25.537185192926618,25.652417198309486,824800
1994-05-19,25.94493293762207,26.01584495111745,25.767652903883622,25.767652903883622,531000
1994-05-20,25.847423553466797,25.91833555224174,25.811967554079324,25.900607552548003,370400
1994-05-23,25.803115844726562,25.829707856933428,25.723339808105976,25.820843852864474,262700
1994-05-24,25.909473419189453,26.00697742453023,25.874017417247355,25.874017417247355,549600
1994-05-25,25.98040771484375,25.998135731025833,25.723351480203537,25.811991561113956,738200
1994-05-26,25.99811553955078,26.060163547998396,25.94493153230997,25.971523535930377,369600
1994-05-27,26.02470588684082,26.024705886840824,25.90947387848628,25.953793881699568,162000
1994-05-31,25.989246368408203,26.042430365069336,25.900606373972977,25.94492637119059,160000
1994-06-01,26.104480743408203,26.104480743408203,25.847424736087714,25.927200738359588,200500
1994-06-02,26.077880859375,26.122200847239338,26.033560871510666,26.122200847239338,55100
1994-06-03,26.22857666015625,26.31721666238726,26.01584065480182,26.09561665680973,550400
1994-06-06,26.21970558166504,26.361529546947878,26.201977586004684,26.281753566476283,99300
1994-06-07,26.18425178527832,26.219707779571184,26.1133397966926,26.17538778670511,120600
1994-06-08,25.97152328491211,26.246307319667153,25.97152328491211,26.246307319667153,131900
1994-06-09,26.11334991455078,26.113349914550778,26.033573896481887,26.086757908527815,80500
1994-06-10,26.157669067382812,26.210853077685858,26.13994106394846,26.13994106394846,83100
1994-06-13,26.193130493164062,26.20199449671505,26.113354461205187,26.122218464756173,109700
1994-06-14,26.397003173828125,26.40586717758025,26.272907121298378,26.272907121298378,161000
1994-06-15,26.29062843322754,26.414724454153088,26.272900430238174,26.405860452658406,142800
1994-06-16,26.343814849853516,26.36154285446311,26.264038829110355,26.290630836024743,44000
1994-06-17,26.1967716217041,26.384146350605935,26.16108119715137,26.357378532191387,403800
1994-06-20,25.973709106445312,26.05401256984552,25.946941285311908,26.00939953462318,137400
1994-06-21,25.75065040588379,25.95587041951349,25.643579094424812,25.95587041951349,139200
1994-06-22,25.848793029785156,25.93801910168638,25.79525738664442,25.822025208214786,279900
1994-06-23,25.697105407714844,25.929093164867822,25.661414983537462,25.89340274069044,922500
1994-06-24,25.16173553466797,25.57217519232567,25.12604512965425,25.57217519232567,353800
1994-06-27,25.59894561767578,25.598945617675785,25.134970304981763,25.25988673532246,371200
1994-06-28,25.474027633666992,25.607866658012004,25.268807796337978,25.607866658012004,5382300
1994-06-29,25.554346084594727,25.706030401437644,25.482965229609825,25.509733050229165,311800
1994-06-30,25.39372444152832,25.60786688235639,25.304498424516627,25.59894428065522,271900
1994-07-01,25.4472713470459,25.518652192339154,25.340200079106012,25.518652192339154,406900
1994-07-05,25.58112335205078,25.616813792723335,25.420516369024305,25.500819860537543,112000
1994-07-06,25.54542350769043,25.590036542108333,25.393739190669564,25.482965259505367,174800
1994-07-07,25.65248680114746,25.65248680114746,25.518647739576256,25.545415551890496,66700
1994-07-08,25.64357566833496,25.68818870881571,25.48296872260426,25.491891330700412,148400
1994-07-11,25.554346084594727,25.706030401437644,25.42942958837115,25.66141736707208,124000
1994-07-12,25.59003257751465,25.598955183015875,25.420503072991366,25.563264761010974,257300
1994-07-13,25.634645462036133,25.714948911099246,25.598955040230305,25.598955040230305,532700
1994-07-14,25.911239624023438,25.964775243081334,25.74171016367342,25.759555370026053,494200
1994-07-15,25.920166015625,25.97370164250753,25.884475597703315,25.893398202183736,49100
1994-07-18,25.96476936340332,26.02722757149398,25.92015635762428,25.92015635762428,72300
1994-07-19,25.911239624023438,26.018310862139234,25.911239624023434,26.009388258962918,609500
1994-07-20,25.795259475708008,25.929098594398987,25.732801220318883,25.929098594398987,185300
1994-07-21,25.848793029785156,25.8666382441654,25.741721743503682,25.79525738664442,86300
1994-07-22,25.893409729003906,25.9291001628137,25.83987407828922,25.911254945908805,151600
1994-07-25,25.929094314575195,25.955862133895128,25.87555867593533,25.902326495255263,120900
1994-07-26,25.902328491210938,25.938018919721046,25.875560669828356,25.92017370546599,489600
1994-07-27,25.902328491210938,25.902328491210938,25.795257205680613,25.902328491210938,83200
1994-07-28,25.955841064453125,26.027221858030174,25.902305469270342,25.902305469270342,828200
1994-07-29,26.2146053314209,26.294908751428654,26.125379309190055,26.13430191141314,459100
1994-08-01,26.33953094482422,26.357376155491444,26.205691864820032,26.23245968082087,486300
1994-08-02,26.375228881835938,26.482300176349483,26.286002803074656,26.42876452909271,505500
1994-08-03,26.38414764404297,26.401992857194163,26.32168939801378,26.36630243089177,144100
1994-08-04,26.232452392578125,26.393059243961257,26.22352978972351,26.366291435397404,231700
1994-08-05,26.143234252929688,26.17892467511799,26.07185340855309,26.098621225194314,138400
1994-08-08,26.205690383911133,26.232458198399296,26.143232150105423,26.169999964593583,328600
1994-08-09,26.25029754638672,26.250297546386715,26.10753590099508,26.10753590099508,105900
1994-08-10,26.348451614379883,26.375219428414134,26.232457753564802,26.268148172277133,840300
1994-08-11,26.25029754638672,26.401981794615327,26.11645850383206,26.285987957734626,876200
1994-08-12,26.45551872253418,26.46444132581328,26.29491186351036,26.29491186351036,184100
1994-08-15,26.446596145629883,26.544744781797874,26.446596145629883,26.48228655878188,325900
1994-08-16,26.633968353271484,26.66073616066171,26.357367676905852,26.464438906466743,1089500
1994-08-17,26.616125106811523,26.687505931771128,26.598279900571626,26.669660725531227,133700
1994-08-18,26.526893615722656,26.589351824706867,26.50012581187228,26.526893615722656,620000
1994-08-19,26.509065628051758,26.56260127051837,26.446607378507373,26.535833449285064,103200
1994-08-22,26.48227882385254,26.517969226580103,26.42874321976119,26.517969226580103,79700
1994-08-23,26.633968353271484,26.75888478775919,26.562587533564226,26.598277943417855,268600
1994-08-24,26.91950225830078,26.919502258300778,26.65182407873531,26.660746684720824,254700
1994-08-25,26.848114013671875,26.95518525599958,26.77673318545341,26.89272703130842,147400
1994-08-26,27.231782913208008,27.285318528371587,26.910569222226524,26.910569222226524,339500
1994-08-29,27.21394157409668,27.401316253787183,27.205018970301897,27.30316761204454,350300
1994-08-30,27.28533363342285,27.329946670756765,27.16933973635467,27.2050301662218,36000
1994-08-31,27.21394157409668,27.34778063101847,27.17825115891754,27.24070938548104,356200
1994-09-01,27.124713897705078,27.142559104216726,27.02656526189101,27.124713897705078,294600
1994-09-02,27.008726119995117,27.249636461997056,26.964113093698465,27.249636461997056,99600
1994-09-06,27.01764488220215,27.044412694172628,26.910573634320237,26.990877070231672,229800
1994-09-07,26.990867614746094,27.08009362338988,26.964099812152956,27.08009362338988,27900
1994-09-08,27.124713897705078,27.160404310728374,27.035487865146838,27.04441046840266,284800
1994-09-09,26.839197158813477,26.91057800232096,26.732125893552254,26.857042369690348,488400
1994-09-12,26.758892059326172,26.874885922871098,26.714279034885813,26.839195503318813,129400
1994-09-13,26.839197158813477,26.91057800232096,26.75889370986756,26.81242934249817,389200
1994-09-14,26.865978240966797,26.901668680343708,26.749984312991852,26.749984312991852,423500
1994-09-15,27.20502281188965,27.20502281188965,26.93734466024757,26.93734466024757,779800
1994-09-16,27.01140594482422,27.083220915764265,26.912660359781658,27.002429073456714,571300
1994-09-19,27.038331985473633,27.190938772908243,27.011401375926347,27.07423946487001,167300
1994-09-20,26.52666473388672,26.921647220618027,26.52666473388672,26.89471659652271,355600
1994-09-21,26.52666473388672,26.60745660617267,26.275312242330433,26.60745660617267,397500
1994-09-22,26.46381187438965,26.589488050183903,26.436881265290882,26.589488050183903,266400
1994-09-23,26.374053955078125,26.52666080233351,26.329169588238305,26.472799562125726,176600
1994-09-26,26.508695602416992,26.52664934139594,26.418926907522252,26.472788124459097,223000
1994-09-27,26.490758895874023,26.58052764848627,26.42792076904545,26.508712646396475,479500
1994-09-28,26.697214126586914,26.733121610281046,26.616422288275118,26.634376030122183,324000
1994-09-29,26.56256866455078,26.697221766939517,26.481776803117544,26.697221766939517,195900
1994-09-30,26.52666473388672,26.679271603760178,26.52666473388672,26.553595357982033,5200
1994-10-03,26.46381187438965,26.571534310784724,26.418927525891704,26.544603701685954,72600
1994-10-04,26.06883430480957,26.598469712517478,26.050880562175404,26.598469712517478,84200
1994-10-05,26.077804565429688,26.077804565429688,25.853382839393287,26.02394335118095,461900
1994-10-06,25.99702262878418,26.113721970695156,25.952138266510726,26.095768225785775,345200
1994-10-07,26.113710403442383,26.18552535126897,25.970080507789213,25.997011113224183,188700
1994-10-10,26.392011642456055,26.436896015997647,26.221451022998004,26.230427897706324,213600
1994-10-11,26.7869815826416,26.858796546670128,26.508698597031046,26.508698597031046,461400
1994-10-12,26.822893142700195,26.85880063017369,26.76005503962158,26.822893142700195,162400
1994-10-13,26.912668228149414,27.19095132190279,26.88573760617328,27.12811320395848,1564500
1994-10-14,27.029367446899414,27.03834432084392,26.82289934617584,27.002436825065907,72800
1994-10-17,26.97549819946289,27.038336298430025,26.94856758561983,27.002428813305947,282300
1994-10-18,26.912668228149414,26.94857572411759,26.822899488228966,26.94857572411759,132100
1994-10-19,27.038331985473633,27.137077553813675,26.804933369397165,26.813910239246262,136700
1994-10-20,26.858814239501953,27.038351767840872,26.778022351749442,27.038351767840872,290300
1994-10-21,26.751081466674805,26.822896450477955,26.63438211799468,26.78698895857638,87800
1994-10-24,26.52666473388672,26.86778597242739,26.51768785918828,26.760063476046128,149600
1994-10-25,26.5535945892334,26.6074558358647,26.427918347093687,26.436895221532236,91800
1994-10-26,26.652328491210938,26.679259102687404,26.526652304320752,26.652328491210938,201000
1994-10-27,26.813915252685547,26.813915252685547,26.688239051300346,26.751077151992945,210300
1994-10-28,27.379459381103516,27.40638999688821,26.86777768119437,26.86777768119437,192100
1994-10-31,27.28072166442871,27.343559786064446,27.27174478990932,27.316629162506274,36300
1994-11-01,26.97549819946289,27.164012496364293,26.96652132818187,27.164012496364293,435200
1994-11-02,26.822893142700195,27.13708365809327,26.822893142700195,26.894708117647184,115600
1994-11-03,26.966529846191406,27.01141421677428,26.876761105025654,26.912668601491955,87000
1994-11-04,26.616422653198242,27.092196818668565,26.616422653198242,27.092196818668565,124400
1994-11-07,26.697214126586914,26.769029093975178,26.607445417351585,26.679260384739848,115000
1994-11-08,26.90369987487793,26.993468643229207,26.742116091845627,26.78700047602127,308300
1994-11-09,26.94856834411621,27.190943875525647,26.71516968424045,27.190943875525647,318500
1994-11-10,26.760061264038086,27.02039060877378,26.74210751612528,26.966529365035363,172100
1994-11-11,26.661314010620117,26.75108274466261,26.589499023386125,26.724152124449862,302200
1994-11-14,26.912668228149414,26.921645102141454,26.778015118268744,26.778015118268744,181400
1994-11-15,26.822893142700195,27.05629181127791,26.616425089727603,26.88573124577881,316900
1994-11-16,26.912668228149414,26.91266822814941,26.778015118268744,26.86778385818919,106900
1994-11-17,26.733121871948242,26.930613034199038,26.625399419811448,26.930613034199038,104700
1994-11-18,26.697214126586914,26.786982835822243,26.580514804580986,26.74209848120458,269300
1994-11-21,26.427921295166016,26.76006568644358,26.427921295166016,26.679273807484172,283100
1994-11-22,25.853391647338867,26.427911461724175,25.853391647338867,26.329165868626703,483600
1994-11-23,25.99702262878418,26.00599950123887,25.62897085814186,25.871346414418507,601600
1994-11-25,26.122697830200195,26.158605318626588,26.014975364921018,26.014975364921018,77300
1994-11-28,26.239395141601562,26.248372013015043,26.050880841918485,26.113718941812845,79900
1994-11-29,26.230438232421875,26.284299501892967,26.140669449970055,26.230438232421875,105500
1994-11-30,26.19449234008789,26.40096023721675,26.194492340087887,26.365052776846515,218800
1994-12-01,25.934181213378906,26.22144109528549,25.88031998552142,26.22144109528549,439000
1994-12-02,26.176565170288086,26.176565170288086,25.88032832165314,25.88032832165314,318500
1994-12-05,26.203495025634766,26.320194386831492,26.140656908067296,26.230425647449394,139200
1994-12-06,26.221433639526367,26.23041050828348,26.059850001898337,26.1047343456839,249900
1994-12-07,26.032941818237305,26.14066433610587,26.006011188770163,26.059872447704446,531900
1994-12-08,25.781578063964844,26.176560457702465,25.709763083285274,26.14065296736268,261500
1994-12-09,25.880329132080078,25.89828288104441,25.673861018990298,25.78158351277627,235900
1994-12-12,26.050886154174805,26.050886154174805,25.82646432307406,25.82646432307406,151100
1994-12-13,26.149625778198242,26.158602649388836,26.03292645272053,26.03292645272053,70900
1994-12-14,26.284271240234375,26.400970531943067,26.11371073696783,26.11371073696783,203300
1994-12-15,26.365074157714844,26.44586600906637,26.320189795852883,26.320189795852883,130100
1994-12-16,26.49384880065918,26.54813947443102,26.421461235630055,26.448606572515978,266100
1994-12-19,26.530048370361328,26.548145265566212,26.412418551529576,26.49385457995156,1120200
1994-12-20,26.4486026763916,26.57528089653169,26.4486026763916,26.55718400794025,675600
1994-12-21,26.729110717773438,26.79244984269707,26.46670577166124,26.46670577166124,544500
1994-12-22,26.647680282592773,26.756261662352063,26.62053493765295,26.729116317412238,222000
1994-12-23,26.674814224243164,26.738153335359073,26.629572002017515,26.629572002017515,125800
1994-12-27,26.819604873657227,26.87389557178204,26.74721727615748,26.765314175532414,95200
1994-12-28,26.683883666992188,26.84675579517322,26.6205445060329,26.84675579517322,358200
1994-12-29,26.701967239379883,26.78340326281412,26.67482189823514,26.78340326281412,220100
1994-12-30,26.385272979736328,26.78340467078859,26.38527297973633,26.75625932821685,2209500
1995-01-03,26.51194190979004,26.548135687141286,26.457651243763166,26.466699688100977,324300
1995-01-04,26.638635635375977,26.638635635375977,26.493860441705454,26.62958718577157,351800
1995-01-05,26.638635635375977,26.70197478260683,26.611490286562752,26.65673253458479,89800
1995-01-06,26.6657772064209,26.783407034613457,26.584341171518357,26.69292255138841,448400
1995-01-09,26.69291114807129,26.69291114807129,26.638620481329447,26.656717370243395,36800
1995-01-10,26.720056533813477,26.864831645408806,26.720056533813477,26.756250311712307,229800
1995-01-11,26.738162994384766,26.81055057609545,26.530048696966542,26.81055057609545,222400
1995-01-12,26.747209548950195,26.76530644309698,26.65672507821626,26.711015760656622,40300
1995-01-13,27.063907623291016,27.063907623291016,26.85579332194174,26.89198711348074,170600
1995-01-16,27.226778030395508,27.235826477730303,27.054857531034422,27.054857531034422,105100
1995-01-17,27.23581886291504,27.25391575252495,27.136285970060534,27.172479749280352,89500
1995-01-18,27.208675384521484,27.26296605705462,27.145336266566165,27.217723829943676,84500
1995-01-19,27.054868698120117,27.145353208816168,27.036771795980904,27.118207855607352,139100
1995-01-20,26.95532989501953,27.027717487889674,26.901039200366924,27.018669038780907,78700
1995-01-23,27.036752700805664,27.036752700805664,26.756250915757146,26.774347805115113,53700
1995-01-24,27.072969436645508,27.072969436645508,27.009630270182768,27.027727174886408,32400
1995-01-25,27.145334243774414,27.244867136001588,26.937220014572144,26.937220014572144,15700
1995-01-26,27.1724853515625,27.20867913824457,27.072952438186817,27.12724311820992,9800
1995-01-27,27.28107261657715,27.353460205609522,27.17249123302858,27.353460205609522,91200
1995-01-30,27.163436889648438,27.24487290963739,27.127243102986682,27.226776016306513,26600
1995-01-31,27.27202033996582,27.31726257676072,27.17248741901704,27.217729655811937,127500
1995-02-01,27.262968063354492,27.407743200763612,27.217725832914144,27.308210293794843,380200
1995-02-02,27.425840377807617,27.425840377807614,27.253919900348578,27.253919900348578,131700
1995-02-03,27.8149356842041,27.860177934829025,27.552530630579533,27.59777288120446,405100
1995-02-06,27.932565689086914,28.014001740658596,27.77874203611818,27.805887386642077,405400
1995-02-07,27.9687557220459,27.97780417100159,27.87827123248897,27.97780417100159,702900
1995-02-08,27.9687557220459,28.068288660558515,27.914465028311742,27.932561926223126,521500
1995-02-09,27.9687557220459,27.9687557220459,27.869222783533278,27.923513477267434,390700
1995-02-10,28.00495147705078,28.004951477050778,27.851127834042746,27.932563880341117,148300
1995-02-13,28.013988494873047,28.068279170250708,27.986843157184218,27.986843157184218,79700
1995-02-14,28.050167083740234,28.104457729708763,27.941585791803174,28.104457729708763,170200
1995-02-15,28.204010009765625,28.24020379867774,28.02304106520505,28.050186406889136,431500
1995-02-16,28.167814254760742,28.194959594550102,28.086378235392658,28.167814254760742,99300
1995-02-17,28.059240341186523,28.158773280158808,28.050191892189044,28.140676382163846,49100
1995-02-21,28.050167083740234,28.104457729708763,28.041118642745477,28.059215524734988,168000
1995-02-22,28.2583065032959,28.258306503295895,28.059240623349528,28.07733752152647,386400
1995-02-23,28.303543090820312,28.466415141854444,28.294494643540638,28.36688222177803,402800
1995-02-24,28.375940322875977,28.38498877323404,28.26735891857926,28.33974652144374,307600
1995-02-27,28.149728775024414,28.375940031654313,28.104486523698437,28.29450397926755,280900
1995-02-28,28.384979248046875,28.384979248046875,28.12257427571874,28.12257427571874,493500
1995-03-01,28.204010009765625,28.39402740155423,28.17686466808154,28.357833612642114,242600
1995-03-02,28.24020004272461,28.24020004272461,28.113521798380443,28.194957812601693,488600
1995-03-03,28.249269485473633,28.249269485473636,28.077348883223795,28.14973650522373,290000
1995-03-06,28.267356872558594,28.267356872558597,28.023048730574253,28.05924252938675,85700
1995-03-07,28.050167083740234,28.23113590363533,27.923488909813663,28.167796816672045,180900
1995-03-08,28.122575759887695,28.15876955108446,27.99589749069901,28.09543041649012,155900
1995-03-09,28.11353874206543,28.14068409649935,28.041151130241634,28.113538742065426,63500
1995-03-10,28.529748916625977,28.6021364812733,28.104471974322955,28.140665756646616,192100
1995-03-13,28.50259017944336,28.60212303403824,28.475444855462936,28.511638620770167,261300
1995-03-14,28.710723876953125,28.74691766690201,28.58404561213203,28.58404561213203,223300
1995-03-15,28.65642738342285,28.710718057341555,28.547846035585444,28.66547582907597,278500
1995-03-16,28.828350067138672,28.846446959836186,28.629284247466025,28.629284247466025,20400
1995-03-17,28.857030868530273,28.893420566977348,28.766056622412584,28.78425147163612,89900
1995-03-20,28.857030868530273,28.893420566977348,28.80244632085966,28.893420566977348,91700
1995-03-21,28.784244537353516,29.038972365117704,28.738757425252768,28.857023916714713,104400
1995-03-22,28.811534881591797,28.838827147030628,28.72056066346236,28.838827147030628,74900
1995-03-23,28.829740524291992,28.91161735127799,28.738766272085325,28.77515597296799,220500
1995-03-24,29.239120483398438,29.23912048339844,28.920710646149235,28.920710646149235,134000
1995-03-27,29.35739517211914,29.35739517211914,29.211836348830047,29.284615760474594,132100
1995-03-28,29.35739517211914,29.35739517211914,29.24822605465232,29.284615760474594,121900
1995-03-29,29.348299026489258,29.630319258919872,29.184545343142446,29.330104172784054,246100
1995-03-30,29.293710708618164,29.411977242534945,29.17544417470138,29.411977242534945,298400
1995-03-31,29.17544174194336,29.211831441652674,28.84793444455952,29.066272642815413,541300
1995-04-03,29.248226165771484,29.248226165771484,29.148154474380043,29.166349327360304,193300
1995-04-04,29.439250946044922,29.439250946044922,29.257302547120048,29.257302547120048,66900
1995-04-05,29.439250946044922,29.466543205883653,29.35737416652873,29.375569006421216,107200
1995-04-06,29.54843521118164,29.575727485083593,29.457460964841793,29.512045512645702,352500
1995-04-07,29.521135330200195,29.612109553097575,29.384673995854122,29.612109553097575,361400
1995-04-10,29.575733184814453,29.57573318481445,29.45746664178074,29.47566149455516,285400
1995-04-11,29.47565269470215,29.657601168126234,29.457457847359738,29.64850374445503,250300
1995-04-12,29.575733184814453,29.57573318481445,29.46656406816795,29.5211486264912,150900
1995-04-13,29.73946762084961,29.74856504135155,29.612103733822412,29.6302985748263,243400
1995-04-17,29.566627502441406,29.875939913236177,29.475653263972355,29.848647641695464,178900
1995-04-18,29.466569900512695,29.593933895142882,29.39379047500973,29.593933895142882,329500
1995-04-19,29.439250946044922,29.530225145507362,29.28459480695878,29.466543205883653,223000
1995-04-20,29.484752655029297,29.566629475114226,29.366486137128838,29.52114235284482,207900
1995-04-21,29.630306243896484,29.639403666753072,29.493844901047716,29.493844901047716,145000
1995-04-24,29.97601890563965,29.97601890563965,29.612121862779077,29.612121862779077,169000
1995-04-25,29.894134521484375,29.976011335450703,29.875939673936298,29.93052421658052,293200
1995-04-26,29.921419143676758,29.939613986573487,29.76676297905453,29.83954235064146,204400
1995-04-27,29.99422264099121,30.0124174985229,29.857761209503533,29.875956067035222,502200
1995-04-28,30.039695739746094,30.085182862307796,29.79406527791292,29.985111192672058,130800
1995-05-01,29.95781135559082,30.07607784439212,29.95781135559082,30.012395888883727,518700
1995-05-02,30.021501541137695,30.06698866468487,29.9214298693339,29.98511184229995,228400
1995-05-03,30.439990997314453,30.439990997314453,30.1215810496438,30.1215810496438,724700
1995-05-04,30.421796798706055,30.676524762331585,30.349017380527332,30.476381362340096,311400
1995-05-05,30.38538932800293,30.549142923183783,30.321707374321484,30.549142923183783,314900
1995-05-08,30.603734970092773,30.703806636166206,30.330812244437965,30.358104517003447,183100
1995-05-09,30.576446533203125,30.767492465127333,30.530959406554505,30.731102763808437,180600
1995-05-10,30.612838745117188,30.667423301572075,30.467279927904148,30.65832587549626,330300
1995-05-11,30.694705963134766,30.694705963134766,30.558244614750944,30.658316270232415,351700
1995-05-12,30.71291160583496,30.785691017223193,30.567352783058492,30.57645020948202,94600
1995-05-15,30.85845375061035,30.85845375061035,30.73108984951703,30.79477180006369,147200
1995-05-16,30.87665557861328,30.94943496713093,30.794778766530925,30.849363307919162,221600
1995-05-17,30.758392333984375,30.88575627739632,30.731100060396102,30.876658852866896,189200
1995-05-18,30.31260871887207,30.72199269016536,30.31260871887207,30.70379784699677,577800
1995-05-19,30.330801010131836,30.385385535045092,30.22163196030533,30.267119064399708,363900
1995-05-22,30.667417526245117,30.712904648058,30.41268964409298,30.43088449281813,216000
1995-05-23,30.949438095092773,30.949438095092773,30.631028238147376,30.72200248298892,136800
1995-05-24,30.931238174438477,31.104089211295634,30.740192291596355,31.004017558378333,370800
1995-05-25,30.95853042602539,30.985822694987505,30.694705159391617,30.84026392718956,379900
1995-05-26,30.603734970092773,30.849365423182107,30.48546845564236,30.840267998993614,518600
1995-05-30,30.59465980529785,30.758413559831116,30.494588066416416,30.676536682564485,61500
1995-05-31,31.231460571289062,31.231460571289062,30.540056259195275,30.540056259195275,564500
1995-06-01,31.149580001831055,31.386113027545893,31.00402121677577,31.09499545743532,810100
1995-06-02,31.176877975463867,31.39521619297514,30.913052629304413,31.02222173806005,112900
1995-06-05,31.367919921875,31.467991592159404,31.149581732163572,31.1768740058775,257200
1995-06-06,31.313350677490234,31.44981211274949,31.313350677490238,31.340642964542088,165800
1995-06-07,31.149580001831055,31.267846514688472,31.113190305567233,31.249651666556563,41900
1995-06-08,31.076797485351562,31.2314536789262,31.07679748535156,31.140479447411707,141100
1995-06-09,30.894847869873047,31.049504057678654,30.712899413631156,31.013114366430276,304900
1995-06-12,31.067707061767578,31.195071014583025,30.976732809756548,30.994927660158755,378500
1995-06-13,31.404306411743164,31.42250125902691,31.185968244338227,31.213260515263844,120000
1995-06-14,31.37700653076172,31.413396216503397,31.258740052101267,31.35881168789088,389400
1995-06-15,31.513486862182617,31.577168850645457,31.36792803141041,31.422512592949985,274500
1995-06-16,31.60704231262207,31.60704231262207,31.451477831060235,31.451477831060235,325100
1995-06-19,31.963916778564453,31.98221847726389,31.6802404487232,31.698542147422636,134600
1995-06-20,31.881568908691406,31.98222828239853,31.85411635222583,31.872418056536215,287800
1995-06-21,31.863264083862305,32.00967770400642,31.863264083862305,31.982225150229397,158200
1995-06-22,32.28418731689453,32.30248901038483,32.00051106779483,32.00051106779483,297000
1995-06-23,32.220149993896484,32.22930084592542,32.11949062157815,32.210999141867546,315400
1995-06-26,31.835803985595703,32.18353625103193,31.835803985595703,32.12863115648937,132900
1995-06-27,31.77174949645996,32.037124132231085,31.753447797441265,31.826654593516057,127700
1995-06-28,31.93647003173828,32.064581945905715,31.67109535239146,31.771754713523013,212600
1995-06-29,31.881568908691406,32.0188316910193,31.661948456966783,31.936474021622566,89200
1995-06-30,31.863264083862305,32.055431960301455,31.799208125049258,31.945621745193368,714100
1995-07-03,31.982223510742188,31.982223510742188,31.89986585363298,31.89986585363298,9500
1995-07-05,32.10118865966797,32.24760229095494,32.00052928815818,32.073736103801664,409300
1995-07-06,32.51295471191406,32.51295471191406,32.046261582077975,32.1103175018594,202500
1995-07-07,32.65937423706055,32.66852508442313,32.43060305299596,32.44890474772113,481700
1995-07-10,32.67768478393555,32.76919328235038,32.62277968488665,32.68683563377703,400400
1995-07-11,32.5221061706543,32.67767055019879,32.47635194137651,32.650218012632116,420500
1995-07-12,32.92474365234375,32.97964872791742,32.52210643147017,32.586162352972785,203400
1995-07-13,32.85157012939453,32.95222953647624,32.81496670863754,32.879022694962266,215600
1995-07-14,32.8241081237793,32.851560681451815,32.650241925186656,32.677694482859174,543700
1995-07-17,33.00712966918945,33.043733084403414,32.842414300726624,32.8698668621371,171500
1995-07-18,32.723426818847656,32.95219797949397,32.6959742795701,32.95219797949397,221200
1995-07-19,32.366546630859375,32.63192120035186,31.744289019635616,32.59531781145635,486600
1995-07-20,32.485511779785156,32.54956771850586,32.229288024902345,32.403154144287114,318900
1995-07-21,32.44890213012695,32.57701398286857,32.320790277385335,32.458052976751354,94000
1995-07-24,32.68682861328125,32.72343200478548,32.49466080788402,32.49466080788402,108400
1995-07-25,32.93388366699219,32.979637881589284,32.62275500773191,32.72341427984553,107400
1995-07-26,32.906463623046875,33.071178958201166,32.89731277109386,32.91561447499989,167800
1995-07-27,33.18096923828125,33.208421777640005,33.06200823439331,33.06200823439331,187700
1995-07-28,32.970516204833984,33.20843833120803,32.94306365179083,33.20843833120803,415600
1995-07-31,32.8881721496582,33.02543497165177,32.81496531126164,32.997982407253055,342500
1995-08-01,32.83324432373047,32.93390365694146,32.65022735425594,32.93390365694146,141000
1995-08-02,32.76002502441406,33.26332149825282,32.70511995454074,33.02539952880177,240400
1995-08-03,32.75088119506836,32.769182888946574,32.47635578689511,32.53126086852976,1193600
1995-08-04,32.78749465942383,32.84239975793249,32.75089126041805,32.814947208678156,240500
1995-08-07,32.86069869995117,32.96135803877029,32.84239700198406,32.86069869995117,193100
1995-08-08,32.86069869995117,32.9796597367374,32.76003936113205,32.87900039791828,951900
1995-08-09,32.85157012939453,32.97053124685473,32.82411756382679,32.97053124685473,107100
1995-08-10,32.778343200683594,32.9613601923122,32.641080456962136,32.88815339566076,280800
1995-08-11,32.595306396484375,32.78747412088813,32.45804373619598,32.75087074481122,257200
1995-08-14,32.8881721496582,32.8881721496582,32.604495650871506,32.67770248926807,254800
1995-08-15,32.8241081237793,32.87901323912434,32.595336809841605,32.87901323912434,44400
1995-08-16,32.91560745239258,32.91560745239258,32.76004300238127,32.79664640238393,374900
1995-08-17,32.86069869995117,32.93390549181962,32.74173766316494,32.93390549181962,353800
1995-08-18,32.897308349609375,33.03457111045615,32.869855797440025,33.02542025973303,85400
1995-08-21,32.8057861328125,33.171820008771356,32.796635285913524,33.03455730528678,266700
1995-08-22,32.8698616027832,32.924766716819036,32.686844555997105,32.8515598981046,220200
1995-08-23,32.75088119506836,32.915596439972305,32.75088119506836,32.89729474609409,176500
1995-08-24,32.78749465942383,32.85155060768393,32.65023191315217,32.76004211016949,167400
1995-08-25,32.970516204833984,33.0254213109203,32.84240429063258,32.84240429063258,195000
1995-08-28,32.85157012939453,33.06203979874719,32.796664998259054,33.06203979874719,293000
1995-08-29,32.93388366699219,32.943034509911605,32.65935837940959,32.888129452395084,1133100
1995-08-30,33.00712966918945,33.043733084403414,32.92477198495804,32.961375400172,437400
1995-08-31,33.034568786621094,33.089473887097476,32.97051283606532,32.99796538630351,491900
1995-09-01,33.18096923828125,33.23587431699876,32.99795230922289,33.02540484858164,629900
1995-09-05,33.49209976196289,33.510401455821885,33.22672520100745,33.28163028258444,272200
1995-09-06,33.556156158447266,33.59275954667573,33.51040192316168,33.519552770218795,214500
1995-09-07,33.57447052001953,33.61107392205825,33.528716267471125,33.59277222103889,258800
1995-09-08,33.70257568359375,33.70257568359375,33.48295531530533,33.70257568359375,107300
1995-09-11,33.79408645629883,33.85814240138252,33.75748305910815,33.75748305910815,260700
1995-09-12,33.949642181396484,33.949642181396484,33.7208710076674,33.803228630209865,139500
1995-09-13,34.10520935058594,34.1509635890493,33.903890701347166,33.91304154903984,239800
1995-09-14,34.41636657714844,34.443819142884,34.13269006454764,34.22419861699951,457600
1995-09-15,34.40685272216797,34.48964996133896,34.268857323549646,34.388453335685526,431200
1995-09-18,34.2780647277832,34.3056638137154,34.11247021219005,34.28726442309394,307500
1995-09-19,34.44365692138672,34.46205631076781,34.22286424881373,34.342460279790764,549600
1995-09-20,34.609230041503906,34.609230041503906,34.47123470641019,34.498833773428935,290800
1995-09-21,34.32404708862305,34.59083812737139,34.186051723753216,34.56323905439743,508500
1995-09-22,34.33327102661133,34.37006981656483,34.020481312006616,34.04808040447174,449900
1995-09-25,34.2780647277832,34.370061680890515,34.1584686887437,34.370061680890515,130000
1995-09-26,34.26885223388672,34.46204576325897,34.1860550070129,34.37924853638515,466600
1995-09-27,34.24126052856445,34.25965991627459,33.910071549781996,34.12166450844857,654400
1995-09-28,34.49884033203125,34.49884033203125,34.24124899088542,34.26884806315104,456200
1995-09-29,34.434444427490234,34.68283609180823,34.388445971135056,34.471243192574384,606600
1995-10-02,34.259647369384766,34.51723870298916,34.17685015501193,34.43444148861632,293100
1995-10-03,34.296443939208984,34.35164207859612,34.12164983114971,34.25964517961756,839700
1995-10-04,34.259647369384766,34.314845512299996,34.21364891695541,34.314845512299996,248800
1995-10-05,34.3608512878418,34.3608512878418,34.204456516250545,34.296453440715986,268800
1995-10-06,34.38845443725586,34.48965106615094,34.37925474371994,34.37925474371994,75300
1995-10-09,34.10325622558594,34.27805036324068,34.03885838539735,34.25965098032965,358200
1995-10-10,34.08487319946289,34.08487319946289,33.71688536465088,33.75368414813208,360800
1995-10-11,34.19527053833008,34.2044702344663,34.075674488559216,34.2044702344663,228100
1995-10-12,34.40685272216797,34.42525210865041,34.22285885734354,34.22285885734354,199800
1995-10-13,34.51726150512695,34.655256953574956,34.51726150512695,34.563259987942956,488100
1995-10-16,34.35165023803711,34.48044592719954,34.35165023803711,34.416048082618325,443600
1995-10-17,34.58164596557617,34.618444737553375,34.32405456173576,34.38845241269586,146000
1995-10-18,34.68281936645508,34.79321560847032,34.57242312443984,34.7472171742973,228100
1995-10-19,34.84842300415039,34.84842300415039,34.61843077207442,34.664429218489616,500600
1995-10-20,34.6368522644043,34.848445253004904,34.6368522644043,34.82084616753526,748400
1995-10-23,34.563255310058594,34.62765317728522,34.47125835687771,34.47125835687771,533000
1995-10-24,34.60007095336914,34.646069452376544,34.51727365515581,34.60927065317062,172200
1995-10-25,34.31486129760742,34.67364939160385,34.31486129760742,34.62765091801457,302700
1995-10-26,34.00205612182617,34.39764281371971,33.726065406551605,34.37004374219225,606800
1995-10-27,34.259647369384766,34.259647369384766,33.80886253557707,33.96525727383688,905800
1995-10-30,34.48044967651367,34.498849062680435,34.34245428026295,34.34245428026295,488700
1995-10-31,34.33327102661133,34.64606074121604,34.33327102661133,34.57246316130905,508200
1995-11-01,34.609230041503906,34.609230041503906,34.287240926285236,34.314839993303984,415700
1995-11-02,34.83002853393555,34.83002853393555,34.55403781655096,34.55403781655096,326000
1995-11-03,34.87604904174805,34.885248738145236,34.774852381378956,34.87604904174805,615000
1995-11-06,34.75642776489258,34.86682404154126,34.747228075171854,34.86682404154126,311200
1995-11-07,34.627647399902344,34.73804372530054,34.517251074504145,34.73804372530054,358200
1995-11-08,34.94042205810547,34.95882143780958,34.67363105239587,34.67363105239587,357200
1995-11-09,35.06923294067383,35.07843263451975,34.90363845144714,35.07843263451975,503700
1995-11-10,35.05083084106445,35.096829306735145,34.866836978381706,34.87603667151584,795600
1995-11-13,35.014041900634766,35.12443824924423,34.92204494346021,34.9864428134824,818500
1995-11-14,34.7840461730957,35.02323823881918,34.7840461730957,34.94964068013503,341800
1995-11-15,35.133636474609375,35.142836169941816,34.80244744264134,34.82084683330623,584700
1995-11-16,35.32682800292969,35.3636267820994,35.124434717496236,35.133634412288664,577700
1995-11-17,35.437217712402344,35.4464174054741,35.33602108861303,35.38201955397181,267000
1995-11-20,35.25321578979492,35.50160744593387,35.24401609882681,35.49240775496576,448800
1995-11-21,35.538414001464844,35.538414001464844,35.28082259788187,35.29002229086698,119200
1995-11-22,35.42802047729492,35.547616495525205,35.42802047729492,35.51081772068512,351600
1995-11-24,35.520015716552734,35.520015716552734,35.43721847712021,35.46481755693105,62400
1995-11-27,35.529197692871094,35.70399177784379,35.529197692871094,35.59359551365051,273000
1995-11-28,35.906394958496094,35.906394958496094,35.418811322113754,35.501608543386226,479000
1995-11-29,35.943199157714844,35.970798235645006,35.8236031533508,35.970798235645006,549200
1995-11-30,35.86038589477539,36.03517997686896,35.823587140650424,35.943183091556556,286200
1995-12-01,35.906394958496094,35.96159310601108,35.82359773722362,35.906394958496094,465200
1995-12-04,36.34799575805664,36.34799575805664,35.9432091690021,35.98920764503102,631700
1995-12-05,36.58717727661133,36.62397604681662,36.283587422417675,36.31118650007164,567700
1995-12-06,36.66998291015625,36.81717802469777,36.50438840629704,36.6791826048151,272800
1995-12-07,36.476776123046875,36.669969640974735,36.44917704905718,36.62397118432525,289700
1995-12-08,36.59637451171875,36.64237297138657,36.366382213379644,36.63317327945301,296900
1995-12-11,36.752750396728516,36.826347894394054,36.596355714189244,36.66995321185478,186500
1995-12-12,36.64238739013672,36.71598495456581,36.58718921681489,36.58718921681489,299400
1995-12-13,36.872379302978516,36.918377780152895,36.68838539428102,36.68838539428102,390700
1995-12-14,36.60557556152344,36.973563252516385,36.5135786387752,36.90916540659262,395000
1995-12-15,36.618980407714844,36.656006677085635,36.48938846491706,36.656006677085635,416700
1995-12-18,35.91547393798828,36.29499312135362,35.90621737254035,36.29499312135362,862300
1995-12-19,36.29500198364258,36.34128482218331,35.88771300448413,35.93399584302486,1022600
1995-12-20,35.94327163696289,36.44312656057762,35.94327163696289,36.40610026993949,1349800
1995-12-21,36.128379821777344,36.23945862215175,35.98953132130933,36.156149521870944,857600
1995-12-22,36.25797653198242,36.35979877907249,36.2209502603133,36.32277250740337,332800
1995-12-26,36.43385696411133,36.4523701028126,36.33203470125431,36.406087256059415,432200
1995-12-27,36.415340423583984,36.52641924541494,36.35054444418259,36.52641924541494,151800
1995-12-28,36.37831115722656,36.52641624081832,36.28574547998171,36.34128488632862,256200
1995-12-29,36.42460632324219,36.452376035813906,36.285757760383575,36.41534975238494,339200
1996-01-02,36.8133659362793,36.8133659362793,36.3412810323944,36.378307299365765,514400
1996-01-03,36.91519546508789,37.02627428795174,36.73006409364813,36.93370860223187,610300
1996-01-04,36.563438415527344,37.100319283400914,36.26722828152813,36.961470783088785,1129700
1996-01-05,36.4893913269043,36.58195700759153,36.23946398904879,36.322773101667295,302400
1996-01-08,36.62824249267578,36.67452533636125,36.57270308025323,36.61898592393869,179900
1996-01-09,35.998817443847656,36.76711311055873,35.91550827516814,36.739343387665556,415500
1996-01-10,35.526710510253906,36.02656521779787,35.33232256843126,35.952512668532094,787700
1996-01-11,35.73960876464844,35.73960876464844,35.415628887217025,35.58224710989604,513200
1996-01-12,35.6840705871582,35.841432247335035,35.350834130313146,35.832175679089346,390400
1996-01-15,35.610008239746094,35.81365268509946,35.46190318858001,35.69331733102702,154200
1996-01-16,36.045082092285156,36.072851801139,35.4804313455904,35.785898142982646,454600
1996-01-17,35.933990478515625,36.211687468303225,35.81365511627433,35.961760177494384,407600
1996-01-18,36.054344177246094,36.08211389034795,35.76739047519355,36.072857319314,425600
1996-01-19,36.29500198364258,36.387567660724045,36.01730495239818,36.05433122323077,169800
1996-01-22,36.30424499511719,36.387554073382375,36.20242278834863,36.26721873811044,288200
1996-01-23,36.3875732421875,36.3875732421875,36.211698428755405,36.285750981779444,362200
1996-01-24,36.68378448486328,36.757837039967725,36.424600541997734,36.44311368077384,1506500
1996-01-25,36.554168701171875,36.730043404975945,36.50788588438133,36.71153027825973,298400
1996-01-26,36.868919372558594,36.88743251309214,36.48014342135411,36.52642627268798,726300
1996-01-29,37.01700210571289,37.01700210571289,36.8133576830258,36.841127377028585,254800
1996-01-30,37.33173751831055,37.40579005987923,37.04478391973191,37.09106675821234,272100
1996-01-31,37.72050857543945,37.72976514196104,37.30396308196835,37.322476215011505,498000
1996-02-01,37.85934829711914,37.85934829711914,37.65570388085102,37.68347357397849,373900
1996-02-02,37.702003479003906,37.92416112287724,37.6186943625514,37.84085200642474,496200
1996-02-05,38.007450103759766,38.06298948530447,37.5816481785837,37.6371875601284,295300
1996-02-06,38.36848449707031,38.40551077885277,37.97045196790891,38.0259913905826,301600
1996-02-07,38.590633392333984,38.590633392333984,38.32219291059312,38.35921918393669,585100
1996-02-08,39.00718307495117,39.04420935219365,38.46104548562461,38.53509804010957,1526600
1996-02-09,38.99791717529297,39.32189702365168,38.8127858333737,38.988660608197,804600
1996-02-12,39.29412078857422,39.46999553415323,39.03493695298409,39.071963215211255,626500
1996-02-13,39.2108154296875,39.5070255556908,39.09973663243626,39.12750633174907,1045900
1996-02-14,38.86833572387695,39.31265106437376,38.84982258468959,39.183059090062194,431400
1996-02-15,38.62762451171875,39.04416970774734,38.58134171216001,38.78498603021844,889500
1996-02-16,38.47031784057617,38.646192729645215,38.349982390160505,38.55362699855624,606100
1996-02-20,38.09077072143555,38.28515861576122,37.840843428731105,38.174079819003694,492300
1996-02-21,38.5628547668457,38.590624465429606,38.16482242047643,38.16482242047643,434000
1996-02-22,39.17379379272461,39.29412917063232,38.74799168628195,38.775761388876035,721400
1996-02-23,39.06270980834961,39.46074215947734,38.70170372244306,39.395946195340265,1430400
1996-02-26,38.50732421875,39.034948613093455,38.48881108210637,38.95163949819712,1408400
1996-02-27,38.38698959350586,38.609147237644784,38.211114791895874,38.599890669139,601000
1996-02-28,38.211116790771484,38.94238574098247,38.211116790771484,38.692458378252134,865900
1996-02-29,37.84083557128906,38.479538520021684,37.84083557128906,37.98894060287924,914300
1996-03-01,38.44252395629883,38.44252395629883,37.68348543850049,38.294418879655254,1452600
1996-03-04,38.66468048095703,38.89609465668696,38.39624003711031,38.525831975519075,652600
1996-03-05,39.02570724487305,39.02570724487305,38.55362207658829,38.5721352204426,402000
1996-03-06,38.68320846557617,39.081241000637135,38.68320846557617,38.97016215364338,624700
1996-03-07,38.87759780883789,38.896110950651625,38.646183536166234,38.75726238704863,534200
1996-03-08,37.61866760253906,38.43324505062554,36.730037659172,38.025956326582296,2289900
1996-03-11,38.053749084472656,38.10928848960689,37.35950652029473,37.470585330563196,1511400
1996-03-12,37.757537841796875,37.9426691869393,37.26693977716946,37.80382067808248,1385300
1996-03-13,38.0167350769043,38.174096775542566,37.79457738470909,38.00747850639616,1019300
1996-03-14,38.183326721191406,38.39622769442472,38.053734824440696,38.07224795254794,725600
1996-03-15,38.15768051147461,38.27855035714936,37.93453618099815,38.12048978972854,869200
1996-03-18,38.89219284057617,38.89219284057617,38.42730887164746,38.51098798605463,917600
1996-03-19,38.80852127075195,39.23621460531223,38.678353734146654,39.23621460531223,858300
1996-03-20,38.76203918457031,38.99448125211991,38.46451333810683,38.99448125211991,744300
1996-03-21,38.6690559387207,38.82711651841733,38.53888840249996,38.80852115610008,650800
1996-03-22,38.77133560180664,38.873610108190306,38.641168048227435,38.687656460220005,344500
1996-03-25,38.69695281982422,39.16183692385863,38.59467831693665,39.124646195535874,802400
1996-03-26,38.88289260864258,38.98516707509286,38.59466456682816,38.63185528190098,969400
1996-03-27,38.52959060668945,38.966581619844476,38.49239988216562,38.938688576451604,809600
1996-03-28,38.678348541259766,38.69694390113537,38.380822783250075,38.39012046318788,1001300
1996-03-29,38.492401123046875,38.789926928828876,38.30644749443312,38.789926928828876,457700
1996-04-01,38.93866729736328,38.94796497341328,38.55746257931364,38.67833236796353,773400
1996-04-02,39.013057708740234,39.013057708740234,38.85499717941502,38.98516467415343,638800
1996-04-03,39.013057708740234,39.04095074332704,38.78061575385022,38.873592535806225,288000
1996-04-04,38.98515701293945,39.10602680572939,38.975859336571,39.013050042044824,934900
1996-04-08,38.31573486328125,38.31573486328125,37.841553237940964,38.0089114586493,2217200
1996-04-09,38.16695785522461,38.46448347066119,38.09257645136546,38.46448347066119,1180900
1996-04-10,37.48826217651367,38.269267638524376,37.33949923136878,38.10190932523636,939500
1996-04-11,37.44176483154297,37.76718369648064,36.96758305691951,37.581230059373404,1276000
1996-04-12,37.91593551635742,37.97172159117305,37.59051674659957,37.70208889623083,411300
1996-04-15,38.23207092285156,38.27855933593869,37.99033117479851,38.11120104882504,484200
1996-04-16,38.34363555908203,38.47380309007795,38.22276570887154,38.30644483594035,429700
1996-04-17,38.250675201416016,38.418033527528195,37.990340027463745,38.30646131012008,525300
1996-04-18,38.30643844604492,38.42730827609312,38.139080219824336,38.34362916298283,818600
1996-04-19,38.39942169189453,38.59467298863298,38.33433792631505,38.492398499865224,885100
1996-04-22,38.69695281982422,38.84571573311523,38.43661772156495,38.752738912308345,828900
1996-04-23,38.817813873291016,38.84570691319996,38.54818115417115,38.631860273898,225400
1996-04-24,38.678348541259766,39.013065019020665,38.59466942181954,39.013065019020665,699000
1996-04-25,38.855010986328125,39.013071571819296,38.529592133846315,38.762034171333326,475500
1996-04-26,38.93866729736328,39.16181152256307,38.8177975087134,38.95726264946327,563300
1996-04-29,38.93866729736328,39.01304870576321,38.77130912846344,38.77130912846344,219900
1996-04-30,38.91080093383789,39.013075440474026,38.75274033267296,38.93869398110229,184400
1996-05-01,38.994476318359375,39.15253690429455,38.8457134139498,38.901499503103395,561900
1996-05-02,38.32503890991211,38.90149509924121,38.139085300451114,38.68764844836106,1299600
1996-05-03,38.269256591796875,38.66905689146822,37.93454006183946,38.54818703342804,1329300
1996-05-06,38.23207092285156,38.418024575200064,37.89735434862426,38.418024575200064,647500
1996-05-07,38.07400131225586,38.23206187936413,37.943833786401996,38.23206187936413,582100
1996-05-08,38.54818344116211,38.54818344116211,37.534736264344296,37.88804812415234,1694700
1996-05-09,38.520301818847656,38.71555316767599,38.380836569684554,38.41802730279472,593400
1996-05-10,38.90150451660156,39.0316720747355,38.7155508621245,38.90150451660156,925100
1996-05-13,39.487239837646484,39.65459804745992,38.95727217323729,38.99446288652916,867500
1996-05-14,39.72898864746094,39.83126313262875,39.60811880135352,39.645309523232726,632300
1996-05-15,39.682498931884766,40.05440613836916,39.65460589139844,39.738285012857425,466100
1996-05-16,39.766170501708984,39.831254250484285,39.44075175783248,39.45934711462542,514400
1996-05-17,39.980037689208984,40.045121471493744,39.86846549100654,39.86846549100654,427700
1996-05-20,40.24965286254883,40.31473661631133,39.85915033997386,40.25895054165776,788500
1996-05-21,40.19389724731445,40.3891486565658,40.16600418884997,40.31476716732719,352700
1996-05-22,40.57508087158203,40.57508087158203,40.100899129040634,40.24036434743516,1218100
1996-05-23,40.40772247314453,40.723843633771985,40.18457812446633,40.630866821822735,967900
1996-05-24,40.565792083740234,40.6587689163869,40.42632683477024,40.44492220129957,659100
1996-05-28,40.15668487548828,40.68665270088834,40.05441038286722,40.68665270088834,456400
1996-05-29,39.88703918457031,40.27754166609758,39.75687169072789,40.240350953571166,649600
1996-05-30,40.09160232543945,40.296151316895774,39.71969506824614,39.83126724540413,895800
1996-05-31,39.794071197509766,40.24965752664013,39.794071197509766,40.08229928328612,923500
1996-06-03,39.905643463134766,39.933536503766035,39.691796818295046,39.80336898082012,503100
1996-06-04,40.1845703125,40.22176103004975,40.01721208352615,40.091593518625636,627100
1996-06-05,40.53786849975586,40.584356881062924,40.119473067992324,40.203152154345034,428000
1996-06-06,40.24036407470703,40.76103421985112,40.16598262540074,40.76103421985112,523300
1996-06-07,40.24036407470703,40.24966175587032,39.38497740768461,39.38497740768461,1422800
1996-06-10,40.110206604003906,40.30545795743091,40.04512281952824,40.1845880719761,548800
1996-06-11,40.07300567626953,40.482103646050476,40.07300567626953,40.25895929889723,688700
1996-06-12,39.99862289428711,40.3054463613981,39.933539128536296,40.203171872361104,1120600
1996-06-13,39.99862289428711,40.14738578743183,39.76618087374848,40.09159970250256,1502000
1996-06-14,39.83127212524414,40.017225776622496,39.70110456927929,40.017225776622496,1468200
1996-06-17,39.803375244140625,39.99862655928357,39.70110074573241,39.84986365250799,1101000
1996-06-18,39.47795104980469,39.887048988144635,39.46865336938787,39.77547682314283,718000
1996-06-19,39.654598236083984,39.868444838529456,39.52443073894326,39.663895914451174,552100
1996-06-20,39.6267204284668,39.82197174920771,39.38498069802566,39.6918042020471,1234400
1996-06-21,39.96753692626953,39.96753692626953,39.70582246557366,39.81798580587189,573300
1996-06-24,40.042320251464844,40.21056529453823,39.986238570440385,40.061014145139666,416500
1996-06-25,39.99560546875,40.18254449875116,39.948870711249704,40.154503644250994,454400
1996-06-26,39.72452926635742,40.03297855242561,39.71518231829475,39.94885601986156,838200
1996-06-27,40.00494384765625,40.107760292124524,39.574984170788916,39.72453536274277,1090500
1996-06-28,40.145145416259766,40.37881913812391,40.06102287638867,40.17318626288346,1060800
1996-07-01,40.49097442626953,40.50032137327467,40.19187212210503,40.247953804135875,471300
1996-07-02,40.341426849365234,40.46293717120067,40.27599821453077,40.45359022336718,389400
1996-07-03,40.25730895996094,40.378819295804796,40.11710472629495,40.3227376023384,308300
1996-07-05,39.229122161865234,39.74320405819656,39.10761189545965,39.55626518680335,842900
1996-07-08,39.07024383544922,39.4721626117469,38.958080456017306,39.25718280116907,942000
1996-07-09,39.229122161865234,39.36932631541014,39.10761189545965,39.247816049004555,716300
1996-07-10,39.388031005859375,39.388031005859375,38.836561183992806,39.2197859754594,1132300
1996-07-11,38.593528747558594,39.294549492549365,38.210304073630304,39.219773946417014,1587400
1996-07-12,38.62156295776367,38.827195674382935,38.3318077661638,38.65895072442172,1312000
1996-07-15,37.481266021728516,38.715063307231794,37.481266021728516,38.715063307231794,1951300
1996-07-16,37.57473373413086,37.98599947649448,36.11660973847802,37.59342763151102,4141000
1996-07-17,38.02337646484375,38.28509095378564,37.68688640763274,38.13553981724741,1340500
1996-07-18,38.54679489135742,38.6122234956832,37.88316190462455,38.135529378452546,1432500
1996-07-19,38.26639175415039,38.50941231731793,38.060758969931705,38.45333064889466,1216000
1996-07-22,37.98597717285156,38.13552826408326,37.696221933590145,38.00467105925553,519800
1996-07-23,37.49995040893555,38.24770614989139,37.43452178160191,38.042073321128534,1479800
1996-07-24,37.57473373413086,37.79906050269283,36.8643656336846,37.05130460748625,2463400
1996-07-25,37.911216735839844,38.02338009896363,37.761665585008124,37.94860452354777,1989800
1996-07-26,38.11684799194336,38.17292967118604,37.92056211459397,38.02337852653889,642300
1996-07-29,37.696224212646484,38.11683668216523,37.64948949381107,38.06075501956273,1297900
1996-07-30,38.06076431274414,38.098152096941334,37.649498686575,37.948600960152554,1868200
1996-07-31,38.3411865234375,38.44400296706447,37.995349394874076,38.08881888908041,767100
1996-08-01,38.97676467895508,39.11696886844773,38.32247846132274,38.3785601371198,1168600
1996-08-02,39.8180046081543,39.836698507031365,39.331963237350536,39.48151442836708,1098500
1996-08-05,39.58429718017578,39.83666460021468,39.46278694089779,39.82731765873176,710200
1996-08-06,39.705841064453125,39.789963609081205,39.36000393653769,39.574983772809446,640000
1996-08-07,39.80864715576172,39.93015746640386,39.556279587504946,39.85538189062408,917800
1996-08-08,39.74321746826172,39.81799304204961,39.59366632068595,39.81799304204961,925100
1996-08-09,39.612369537353516,39.93951274967239,39.518900048119555,39.88343105613201,648800
1996-08-12,39.902103424072266,39.99557286287309,39.48149094946855,39.631042051549876,764200
1996-08-13,39.58429718017578,39.855358483180524,39.481480823863635,39.82731765873176,805200
1996-08-14,39.72452926635742,39.76191705860811,39.48150861672794,39.59367199348001,533800
1996-08-15,39.64974594116211,39.85537875839586,39.60301120997262,39.621705102448416,632600
1996-08-16,39.98622512817383,40.00491901556428,39.76189847948842,39.76189847948842,475100
1996-08-19,40.00494384765625,40.032984696147594,39.855392655702396,39.995596898159135,436400
1996-08-20,39.976890563964844,40.02362529691313,39.88342109806827,40.01427835032347,645700
1996-08-21,39.8366813659668,39.96753860180057,39.70582413013303,39.87406914763359,266400
1996-08-22,40.21055603027344,40.28533158774489,39.911453800387626,39.93014768975549,584800
1996-08-23,39.99560546875,40.20123840175128,39.86474814774918,40.135809741250874,757100
1996-08-26,39.799293518066406,39.948844644484694,39.7338649002584,39.902109917478974,784700
1996-08-27,39.94886016845703,39.986247964590355,39.78061508585707,39.91147237232371,389400
1996-08-28,39.88340377807617,40.0796895712188,39.874056835545574,40.0423018010964,227600
1996-08-29,39.49083709716797,39.836674013758554,39.257163504877035,39.836674013758554,680200
1996-08-30,39.07958221435547,39.49084784875672,38.95807191328237,39.481500902520324,1500900
1996-09-03,39.331939697265625,39.38802136033207,38.50940863895779,38.56549030202423,1782000
1996-09-04,39.36933898925781,39.93015578397658,39.17305311110624,39.33195120294322,930200
1996-09-05,38.89263153076172,39.34128481446193,38.89263153076172,39.18238677648477,616600
1996-09-06,39.4441032409668,39.58430739940625,38.96740910227265,39.032837709544395,804900
1996-09-09,39.911468505859375,39.92081545398721,39.52824363261811,39.59367226951296,719200
1996-09-10,39.892765045166016,40.023622287582214,39.705826127428594,39.85537726161853,669900
1996-09-11,40.11709976196289,40.15448755298056,39.72452795627733,39.81799743382151,713500
1996-09-12,40.397499084472656,40.519009377878064,40.173172388954995,40.229254062834414,713300
1996-09-13,41.014381408691406,41.05176917661182,40.75266703324853,40.864830337009764,2008800
1996-09-16,41.16393280029297,41.369565525453375,41.014381727449035,41.070463379765506,1220200
1996-09-17,41.07050323486328,41.266789208448195,40.818135554539815,41.20136055058656,604700
1996-09-18,40.967655181884766,41.126553228449225,40.8087571353203,41.01438990146255,225500
1996-09-19,41.126556396484375,41.15459723039106,40.84614805741743,40.90222972523082,410000
1996-09-20,41.27244567871094,41.35700111033133,41.112729863427965,41.24426053483747,948400
1996-09-23,41.26304244995117,41.33820281871247,40.98119106709631,41.169091988999554,466800
1996-09-24,41.2536506652832,41.638847585637706,41.07514477536282,41.22546552476946,1269800
1996-09-25,41.28187561035156,41.45098661649319,41.187925051383985,41.45098661649319,1353300
1996-09-26,41.26304244995117,41.601264109377,41.122116758523745,41.33820281871247,773200
1996-09-27,41.30064010620117,41.31943020634048,41.112739104808085,41.31943020634048,407600
1996-09-30,41.26304244995117,41.5261037406157,41.234857311665685,41.35699291090279,578200
1996-10-01,41.488529205322266,41.51671434744544,41.1503074998441,41.31002330520879,561400
1996-10-02,41.7703971862793,41.84555759507152,41.58249616429873,41.6388664708929,609000
1996-10-03,41.73280715942383,41.807967550525895,41.610671523882964,41.78917745275038,342200
1996-10-04,42.29651641845703,42.29651641845703,41.789183702642575,41.9019243061569,754100
1996-10-07,42.3434944152832,42.46563007700911,42.24014885536128,42.27772905896925,235100
1996-10-08,42.17436981201172,42.503196486865896,42.09920942918791,42.36227076907125,386200
1996-10-09,41.845550537109375,42.315303012829055,41.7985752895374,42.240142616713904,528800
1996-10-10,41.76099395751953,42.005265238260925,41.714018711223105,41.84554940085309,1562200
1996-10-11,42.2777214050293,42.2777214050293,41.92070953538683,41.92070953538683,331300
1996-10-14,42.33409118652344,42.50320207009144,42.26832584291366,42.27772089200077,201600
1996-10-15,42.2777214050293,42.76626396348741,42.06163527340359,42.76626396348741,776900
1996-10-16,42.48439407348633,42.48439407348633,42.05222199755082,42.390443622196,590100
1996-10-17,42.59712600708008,42.70986652584606,42.418620185700604,42.615916093541074,792500
1996-10-18,42.8226432800293,42.879013587111395,42.52200164225814,42.61595215406163,695800
1996-10-21,42.76624298095703,43.06688440788819,42.653502445857846,42.86019342687302,879200
1996-10-22,42.465614318847656,42.73807069390221,42.44682422401631,42.728675646486536,848900
1996-10-23,42.60654830932617,42.62533840780878,42.20256119194998,42.37167207829351,735900
1996-10-24,42.24013137817383,42.68169858786559,42.22134128414439,42.60653821174784,379300
1996-10-25,42.2777214050293,42.428042192247176,42.16498081461589,42.23074615902371,568300
1996-10-28,41.995880126953125,42.5313980614579,41.97709002398805,42.315311877359484,975400
1996-10-29,42.33409118652344,42.437436726481664,41.911313977603434,42.12740010660699,815900
1996-10-30,42.193172454833984,42.465628923591545,42.146197201599925,42.465628923591545,495400
1996-10-31,42.59712600708008,42.615916093541074,42.20253419139914,42.249509407551635,726300
1996-11-01,42.44684600830078,42.78506788884501,42.24954991131665,42.68172231423428,821300
1996-11-04,42.72865676879883,42.72865676879883,42.40922529779198,42.50317573044105,1608400
1996-11-05,42.97294235229492,43.170238327239865,42.86020179518352,42.86959684160947,764000
1996-11-06,43.79970932006836,43.81849941415676,43.01052536835541,43.04810555653222,1665000
1996-11-07,43.90306091308594,44.072171783284,43.6118144144115,43.66818470447752,1446300
1996-11-08,44.1473388671875,44.15673391695706,43.74335172709619,43.91246262294836,1355700
1996-11-11,44.1003532409668,44.2036987641135,44.02519286049646,44.04398295561404,655900
1996-11-12,43.968788146972656,44.25063935304299,43.90302286555624,44.22245423243596,719900
1996-11-13,44.16613006591797,44.23189541594167,43.903068665823156,44.015809265863794,481900
1996-11-14,44.45734786987305,44.45734786987305,43.98759567344582,44.0063857613029,558800
1996-11-15,44.51375961303711,44.79561119353334,44.32585855937296,44.57012992913636,2250900
1996-11-18,44.52314758300781,44.64528324846025,44.33524655923483,44.59830799251701,1518200
1996-11-19,44.84256362915039,44.8519586770509,44.51373695263242,44.579502287936016,1029300
1996-11-20,44.917728424072266,45.105629400537744,44.68285220349042,44.8331729846628,730000
1996-11-21,44.85197067260742,45.00229147921859,44.720439966822646,44.974106327978994,653000
1996-11-22,45.199588775634766,45.246564028987116,44.91773725552064,44.91773725552064,965100
1996-11-25,45.77265167236328,45.7914417592567,45.14318376143382,45.24652923934761,2058800
1996-11-26,45.622352600097656,46.110895090873,45.37808135470998,45.86662384548533,2861800
1996-11-27,45.537811279296875,45.81026775280618,45.48144097443288,45.73510734632085,872000
1996-11-29,45.70688247680664,45.82901803121538,45.61293205033839,45.69748743415982,1073400
1996-12-02,45.72569274902344,45.77266798299613,45.33110078365278,45.65053237466712,1350600
1996-12-03,44.94590377807617,46.04512425090955,44.94590377807617,45.735087707289885,1777800
1996-12-04,45.06804656982422,45.13381190774141,44.55131891476057,45.021071328454795,2365100
1996-12-05,44.94590377807617,45.180779947485014,44.81437312320722,45.002274058734294,1697700
1996-12-06,44.682830810546875,44.94589205165186,43.686956112078,44.04396779643477,3401800
1996-12-09,45.340492248535156,45.34988729458748,44.84255480776177,44.90832013012807,1864600
1996-12-10,45.1243896484375,45.500191352775936,45.07741443539519,45.434426054516706,1331600
1996-12-11,44.7110595703125,44.87077547968323,44.08159098632197,44.269492056169895,1847900
1996-12-12,43.968788146972656,45.021032649635245,43.85604766454452,44.96466240842118,2540200
1996-12-13,44.08156204223633,44.241277846737184,43.5366492974687,43.93124128505905,1678300
1996-12-16,43.51787185668945,44.30705606134444,43.329970855581124,44.19431546067944,1831100
1996-12-17,43.86547088623047,44.06276685723301,43.21721269579356,43.386323528081455,2023200
1996-12-18,44.21309280395508,44.35401851412493,44.05337699909591,44.11914233050851,1666800
1996-12-19,45.1243896484375,45.1713648614798,44.4291564954114,44.60766230497215,2269300
1996-12-20,45.22345733642578,45.752165814680446,45.166809999469926,45.393399347293354,1543200
1996-12-23,45.11013412475586,45.440576714619084,44.91186857083793,45.37448819664644,1263700
1996-12-24,45.440589904785156,45.440589904785156,45.1951181953473,45.22344185412859,633000
1996-12-26,45.7899169921875,45.81824065218267,45.54444527222938,45.58221015222294,1384300
1996-12-27,45.8465461730957,45.94095833572564,45.61995698278387,45.78989887551775,410400
1996-12-30,45.450042724609375,45.997633600809486,45.41227783659558,45.997633600809486,694100
1996-12-31,44.619205474853516,45.54444502977007,44.61920547485351,45.4877977100813,1378100
1997-01-02,44.73250198364258,44.94020883118165,43.958321915542385,44.94020883118165,2031900
1997-01-03,45.37449264526367,45.39337508082142,44.76081348963693,44.94019662743552,2123200
1997-01-06,44.97796630859375,45.58220431106017,44.90243655828545,45.37449749771233,1374100
1997-01-07,45.52556610107422,45.60109586648454,44.78915088832353,44.977975301849355,939000
1997-01-08,45.1290397644043,45.7899252839667,45.1290397644043,45.771042840550635,1802200
1997-01-09,45.50668716430664,45.84657113482843,45.280097850625445,45.355627621852506,1415700
1997-01-10,45.99760437011719,46.07313409814694,44.864658449670955,44.864658449670955,2369500
1997-01-13,45.9315185546875,46.22419626798561,45.70492935729541,46.22419626798561,1364600
1997-01-14,46.50741958618164,46.76233236101454,46.22418316970063,46.33747773629303,2111200
1997-01-15,46.39413833618164,46.64905118418264,46.14866670477328,46.356373469811125,1583900
1997-01-16,46.58298110961914,46.70571697391283,46.224214737068365,46.54521622829801,1308400
1997-01-17,46.8662223815918,46.9795170368253,46.5924269647775,46.64907429239425,1604000
1997-01-20,46.9228515625,47.18720565580986,46.80955695108149,46.97949886820926,1889900
1997-01-21,47.300533294677734,47.46103410625648,46.59244147888914,46.752942290467885,2785800
1997-01-22,47.64040756225586,47.64040756225585,47.05505178166531,47.319406005157816,1201600
1997-01-23,46.979515075683594,48.150226464225554,46.46968914841533,47.772577629212016,2601100
1997-01-24,46.375267028808594,47.07391722427518,46.375267028808594,47.055034786559865,2176000
1997-01-27,46.24309158325195,46.66794644671588,46.148679391371076,46.450798405389875,2108500
1997-01-28,46.375267028808594,47.036152348844546,45.92208852364109,46.90397528483736,4376000
1997-01-29,46.82845687866211,46.82845687866211,46.2808660522584,46.45080803286645,1122700
1997-01-30,47.43267822265625,47.451560658254444,46.77179297671956,47.05502951069243,2126300
1997-01-31,47.37604904174805,47.980287212069264,47.35716659892551,47.697050569731196,3208100
1997-02-03,47.51763153076172,47.66869095943094,47.347689673508846,47.56483760222085,755000
1997-02-04,47.8103141784668,47.85752025486734,47.394900706142046,47.58372501174421,654100
1997-02-05,46.91341018676758,48.018032644375104,46.60185000641674,47.87641438057927,2255400
1997-02-06,47.224971771240234,47.25329542484154,46.771793313619376,46.99838254242981,2483100
1997-02-07,47.86699676513672,47.88587920962001,46.99840431890544,47.62152498685397,2321000
1997-02-10,47.41380310058594,48.0558060099527,47.38547944281976,47.88586406335561,1670000
1997-02-11,47.961387634277344,47.961387634277344,47.206090191217854,47.60262134882409,1664300
1997-02-12,48.64114761352539,48.72611856238442,47.89529150687389,47.96138002265314,2675400
1997-02-13,49.16984558105469,49.28314015612624,48.75443213912565,48.82996185584002,1104800
1997-02-14,49.056575775146484,49.226517723559226,48.886633826733735,49.056575775146484,1112900
1997-02-18,49.47198486328125,49.509749737222684,48.792217132335395,49.150983434779036,833100
1997-02-19,49.14155578613281,49.54752829310758,49.03770235411601,49.33982142907398,648100
1997-02-20,48.5467643737793,49.16044381452135,48.43346970779615,48.96217814905084,1193900
1997-02-21,48.565635681152344,48.80166618115795,48.424017381148985,48.58451812115279,1844400
1997-02-24,49.14155578613281,49.16987944941012,48.32016955109082,48.32016955109082,787300
1997-02-25,49.179317474365234,49.26428845867495,48.867757198562956,49.18875869484409,1653900
1997-02-26,48.69779586791992,49.207621571073794,48.11244043096548,49.13209183727322,1597800
1997-02-27,47.9708366394043,48.82998762035013,47.961395419833465,48.82998762035013,1813100
1997-02-28,47.82918930053711,48.263485137059945,47.772542017512386,47.885836583561826,2961200
1997-03-03,48.15022277832031,48.18798765893076,47.545984688553155,47.5837495691636,1210400
1997-03-04,47.885860443115234,48.414568681446156,47.791448257698995,48.282391621863425,1478700
1997-03-05,48.69779586791992,48.69779586791992,48.00858704698969,48.169087731315905,1254800
1997-03-06,48.41455078125,48.88661153379729,48.26349134043487,48.71666966288027,1528500
1997-03-07,48.84888458251953,49.03770903007469,48.49011813216473,48.603412800697825,1859300
1997-03-10,49.3586540222168,49.3586540222168,48.66944557852479,48.9054758674604,1074900
1997-03-11,49.09434127807617,49.42478395975553,49.09434127807617,49.396460301325874,624600
1997-03-12,48.66006088256836,49.15100445375454,48.51844254472619,49.13212200870891,1055600
1997-03-13,47.90474319458008,48.622275808452386,47.77256613412991,48.49009874800222,2514100
1997-03-14,48.15022277832031,48.357929621677776,47.88586861404718,48.121899117862476,1642700
1997-03-17,48.28242111206055,48.35795090652603,47.39494602709111,47.88588969111676,3013500
1997-03-18,47.76313018798828,48.40513312390115,47.56486457542696,48.33904458638071,1352500
1997-03-19,47.60261917114258,48.036915181034004,47.16832316125116,47.64038404156792,1510000
1997-03-20,47.35717010498047,47.7348189893902,47.05505099745268,47.58375943562631,1808200
1997-03-21,47.576412200927734,47.76595965989557,47.519547963237386,47.72805016810201,2810600
1997-03-24,48.23985290527344,48.26828503861643,47.36793414942174,47.61434597172766,2145600
1997-03-25,47.76594161987305,48.505176430656796,47.633258448706734,48.1260816558959,2125800
1997-03-26,47.9744758605957,48.31566138627359,47.728064092050566,47.955521109169155,1335300
1997-03-27,46.70452117919922,48.145082709077116,46.19274274095312,48.145082709077116,2898500
1997-03-31,45.71885681152344,46.78032280714753,45.643037811836,46.64763955769452,4270700
1997-04-01,46.012672424316406,46.211697371980804,45.51984874438552,45.64305466436824,3210900
1997-04-02,45.18811798095703,46.06003636481778,45.15020848600657,45.870488890065445,2672700
1997-04-03,45.434532165527344,45.56721540505954,44.99857294992153,45.150210937958335,2284200
1997-04-04,46.00316619873047,46.01264357124772,44.97960996686749,45.18811216224699,3706700
1997-04-07,46.18324661254883,46.47704522633685,46.18324661254883,46.211678736463796,2596200
1997-04-08,46.51495361328125,46.57181785975226,46.00317539504221,46.17376813445523,1822700
1997-04-09,46.13587188720703,46.73294664663473,46.00318860733421,46.70451451523341,2453200
1997-04-10,45.96528625488281,46.42967780673627,45.90842198322729,46.1548338270679,1996500
1997-04-11,44.50576400756836,45.680958798228176,44.50576400756837,45.529320760723685,4221600
1997-04-14,45.10283660888672,45.15970087021332,44.46785235740628,44.72374153337601,3988500
1997-04-15,45.87051773071289,45.87999511040932,45.18814639257005,45.64306061799861,2760400
1997-04-16,46.4012336730957,46.46757530620675,45.64304358039806,45.71886258966782,2273300
1997-04-17,46.21169662475586,46.70452029671798,46.097968085072296,46.401244190895135,1386000
1997-04-18,46.439125061035156,46.695014117493926,46.249577611806444,46.59076302041813,1702100
1997-04-21,46.13587188720703,46.64765025243077,45.77573155612366,46.552876481093044,2809400
1997-04-22,47.14994812011719,47.14994812011719,46.09795932788944,46.16430096343534,3215000
1997-04-23,47.197296142578125,47.329979304424725,46.81820139444496,47.10252245554483,2047700
1997-04-24,46.96040344238281,47.481659181904725,46.62869524450524,47.33949852567147,2689900
1997-04-25,46.42017364501953,46.827700690086054,46.353832033031956,46.74240433181632,1606200
1997-04-28,46.87509536743164,47.19732610792753,46.32540763364453,46.40122663140827,1666500
1997-04-29,48.35356140136719,48.39147089678182,47.49112038068423,47.67119048390375,3197400
1997-04-30,48.58103561401367,48.94117594825724,48.05030248986526,48.06925724429913,3372200
1997-05-01,48.52416229248047,48.84639305770397,48.107157772779466,48.65684554874897,2149500
1997-05-02,49.396087646484375,49.53824829780772,48.5620784920541,48.69476176662255,1448300
1997-05-05,50.571285247802734,50.685013775346526,49.3107940675258,49.52877374531805,3636200
1997-05-06,50.53335189819336,50.62812562643453,50.04052851133926,50.32484969606278,1721100
1997-05-07,49.43398666381836,50.34381463922606,49.37712241535538,50.34381463922606,2327200
1997-05-08,49.775184631347656,50.47651053818691,49.2444515126585,49.32027052961409,2923700
1997-05-09,50.11635208129883,50.41962803943074,49.52875491241824,50.32485430251452,2558200
1997-05-12,50.95035171508789,51.10198966662089,50.26798093318939,50.30589042107264,2357900
1997-05-13,50.741859436035156,51.00722590301479,50.3532871093864,50.91245216480778,1195100
1997-05-14,50.83665084838867,51.25365544147761,50.60919379761288,51.09254003051143,2772000
1997-05-15,51.177818298339844,51.31050153096517,50.65656274159749,50.836632843017576,884100
1997-05-16,50.47649002075195,51.13990614945128,50.343806795012085,51.02617767024568,1934200
1997-05-19,50.62812805175781,50.89349450354539,50.381716346526495,50.533354318976535,1375800
1997-05-20,51.23469543457031,51.367378700586585,50.192184058728145,50.51441484762481,1756400
1997-05-21,51.12095642089844,51.54743825978246,50.741861453001526,51.36736815003143,1208000
1997-05-22,50.95035171508789,51.234672874212265,50.68498529990514,51.17780864238739,907600
1997-05-23,51.42424011230469,51.68960662965532,51.04514508751807,51.17782834619339,644400
1997-05-27,51.632755279541016,51.87916710723339,51.11149949019176,51.17784113610894,1531000
1997-05-28,51.623260498046875,51.831762743495204,51.26312025590886,51.63273787283998,716700
1997-05-29,51.319976806640625,51.708549114871886,51.25363519304017,51.61377538115695,1282700
1997-05-30,51.651702880859375,51.89811467441943,50.419643913059055,50.47650817311138,2143300
1997-06-02,51.42424011230469,51.8601993908093,51.386330609826025,51.76542563461264,1479100
1997-06-03,51.25362777709961,51.82227009711181,51.15885405709758,51.196763545098385,1562100
1997-06-04,51.196773529052734,51.40527575371752,50.99774867823635,51.272592519839925,1063100
1997-06-05,51.386322021484375,51.74646223484041,51.20625191480636,51.31050302919889,1180800
1997-06-06,52.39091110229492,52.42882058934434,51.31049072138652,51.31049072138652,1511100
1997-06-09,52.65629959106445,52.69420909400978,52.37197831897447,52.428842573392465,1823400
1997-06-10,52.81742858886719,53.01645353061601,52.46676559626211,52.675267916189455,1217500
1997-06-11,52.94062042236328,53.016439427622664,52.665776528298025,52.77002766052968,1673800
1997-06-12,53.96415710449219,53.983111848821125,53.111193609689884,53.30074105297929,4273300
1997-06-13,54.4190673828125,54.589660070532915,53.9262440627313,54.02101777813153,2132900
1997-06-16,54.43806457519531,54.58970263807887,54.26747175445132,54.43806457519532,800400
1997-06-17,54.36223220825195,54.73184989586036,53.945227637616824,54.248503688987824,2048100
1997-06-18,54.17265319824219,54.36220062020944,53.9641510340782,54.05892474506183,1971900
1997-06-19,54.73187255859375,54.8929880275974,54.21061662946428,54.35277733740868,2029900
1997-06-20,54.545345306396484,55.01154483892979,54.497773925525735,54.76417365840191,1396900
1997-06-23,53.22288131713867,54.74516608845476,53.18482419785577,54.44070913419154,3991500
1997-06-24,54.573917388916016,54.7261458893035,53.58443213639731,53.736660636784805,4895100
1997-06-25,54.19331741333008,54.9544595118319,53.54634662960352,54.488259976499535,4708900
1997-06-26,53.92694091796875,54.573911980499076,53.39414121941437,54.09819796393266,2569900
1997-06-27,54.13623809814453,54.63098052013109,54.003038215302,54.17429520752812,2617900
1997-06-30,53.774688720703125,54.47874515476754,53.508288988894975,54.13623121387134,2384900
1997-07-01,54.402645111083984,54.53584501167075,53.822274115670176,53.88887406596356,1749000
1997-07-02,55.29701232910156,55.29701232910156,54.326555471295585,54.53586969552825,1961800
1997-07-03,56.0581169128418,56.115202571612514,55.69657440729394,55.94394559530036,2539100
1997-07-07,55.487266540527344,56.324522962949565,55.35406665514199,56.24840874272937,1158600
1997-07-08,56.06767654418945,56.134276533296756,55.52536234717286,55.5634194838056,3396500
1997-07-09,55.44924545288086,56.24844528439116,54.821302728122774,56.21038814955733,5390300
1997-07-10,55.69657516479492,55.92491780298335,55.09717573955029,55.48726107978886,2072200
1997-07-11,55.88690185546875,56.134273229020366,55.639530481917134,55.772730452291086,2258900
1997-07-14,56.0581169128418,56.21034533623037,55.544345983905366,55.95345987176215,3186400
1997-07-15,56.34354782104492,56.486261974593674,55.69657699162394,56.21034794439943,2983100
1997-07-16,57.0856819152832,57.29499608230591,56.56239649772644,56.705110702514645,2621300
1997-07-17,56.80023193359375,57.12371734159077,56.495775079008325,57.00954602112123,1794800
1997-07-18,55.5919303894043,56.7621866683529,55.44921620904471,56.638501045374596,3961900
1997-07-21,55.60146713256836,55.77272421819229,55.220895831181856,55.58243856749904,3810300
1997-07-22,57.07611846923828,57.11417555773252,55.79169173255764,55.82974882105188,4243400
1997-07-23,57.02861785888672,57.532874907021686,56.95250358747012,57.19987496957407,3204300
1997-07-24,57.29499053955078,57.399647612937535,56.43870539365912,57.19984774556281,4152700
1997-07-25,57.25692367553711,57.732637564499704,57.00955245327657,57.580409120031675,2364800
1997-07-28,57.218875885009766,57.58041849951431,56.93344750513775,57.39013291293297,2794700
1997-07-29,57.40918731689453,57.52335872024268,56.885901718215514,57.009587405176006,2737100
1997-07-30,58.09419250488281,58.22739242218847,57.485278597199795,57.54236427604508,4839800
1997-07-31,58.0370979309082,58.47475473497735,57.86584092062028,58.09418360100418,2138700
1997-08-01,57.80874252319336,58.28445633592536,57.12371463285927,58.1512564683604,7077700
1997-08-04,57.960960388183594,58.1797887021902,57.48524666208229,57.713589250610916,2339500
1997-08-05,57.99903106689453,58.26543081588946,57.78971697839852,57.90388829939635,1466700
1997-08-06,58.47475051879883,58.77920740402524,57.88486530367264,58.11320796759245,2478200
1997-08-07,58.0370979309082,58.83629731225186,57.92292659071626,58.76018308545723,3641900
1997-08-08,56.857337951660156,57.69459460155074,56.267452584691796,57.428194758403734,7113100
1997-08-11,57.27596664428711,57.40916656671568,56.4006528683279,57.08568104081771,6355900
1997-08-12,56.36258316040039,57.57089647258318,56.305497492108294,57.37109663356083,6132500
1997-08-13,56.19131851196289,57.142746187410964,55.6965761207299,57.04760341986616,6982300
1997-08-14,56.4006462097168,56.81927448792658,55.84881802480392,56.686074581223465,3462700
1997-08-15,54.6690673828125,56.09620976141011,54.57392455757266,56.09620976141011,4907100
1997-08-18,55.88690185546875,55.88690185546875,54.40267361415906,55.03061633163624,5638900
1997-08-19,56.533817291259766,56.57187438805631,55.734618258532436,56.15324632329437,3802800
1997-08-20,57.39015197753906,57.42820910749764,56.39115231612633,56.590952248408875,3564600
1997-08-21,56.38159942626953,57.390112679591255,56.07714259507806,57.31399847179339,5392600
1997-08-22,56.36258316040039,56.467240218935906,55.14475557016892,55.41115535553205,8087800
1997-08-25,56.153263092041016,56.87634814710627,55.92492044307304,56.49577706549298,3888000
1997-08-26,55.325504302978516,56.36256018759153,55.230361561270904,56.02004631744411,4290000
1997-08-27,55.65852737426758,56.00104138887845,55.04961357051491,55.41115614149305,5484300
1997-08-28,54.811763763427734,55.98202013261739,54.80224948400343,55.5253347202507,4287900
1997-08-29,55.03058624267578,55.477757327289495,54.63098655004224,54.878357788339194,2652300
1997-09-02,56.819297790527344,56.84784063938394,55.16381255684487,55.22089825455806,7294000
1997-09-03,56.514801025390625,57.23788602167508,56.47674392032302,56.80974358966454,2812500
1997-09-04,56.8763542175293,57.066639778645154,56.476754539186,56.667040100301854,2473700
1997-09-05,56.714622497558594,57.50430772944877,56.3816227009784,57.218879332380034,3663300
1997-09-08,56.96198654174805,57.23790062387778,56.81927236133612,57.06664360738346,803500
1997-09-09,56.990543365478516,57.409171730767504,56.57191500018953,56.76220062077543,1885200
1997-09-10,55.810752868652344,56.933437634847536,55.81075286865235,56.70509497053665,3623700
1997-09-11,55.52534103393555,55.96299793721879,54.95448420356609,55.88688369316953,7055900
1997-09-12,56.4196662902832,56.60995184269562,55.373095752014876,56.020066630217116,6708000
1997-09-15,56.32454299926758,56.81928560669358,56.13425738102681,56.41968580838797,2060500
1997-09-16,57.73264694213867,58.018075321878975,56.64801909912552,56.819276126969704,6979000
1997-09-17,57.73264694213867,58.15127523242445,57.54236135564514,58.07516099782704,2220000
1997-09-18,57.98002243041992,58.684079151760756,57.82779395013001,57.84682251016625,5045400
1997-09-19,58.0781135559082,58.27864633865633,57.69614635067369,57.8489332327675,1566400
1997-09-22,58.402774810791016,58.794291123289774,58.19269288701119,58.3645780973765,3259000
1997-09-23,58.13539123535156,58.48871079443632,57.906210980810094,58.40276819898327,1872800
1997-09-24,57.65792465209961,58.73698153942774,57.61972794812339,58.28817026770719,2793100
1997-09-25,57.25691604614258,57.90626065773993,57.21871930428391,57.600686722870584,6327800
1997-09-26,57.734317779541016,57.94439965038949,57.56243261248317,57.7152194276457,3995800
1997-09-29,58.28816604614258,58.40275614977195,57.54333037255163,57.75341222920549,2065000
1997-09-30,57.677032470703125,58.47916338585859,57.67703247070312,58.058999573158104,4137600
1997-10-01,58.440975189208984,58.5555653366388,57.92531952577478,58.21179489434934,3567500
1997-10-02,58.76564025878906,58.78473861441427,58.24998465690823,58.38367314628474,2577500
1997-10-03,59.061676025390625,59.7396677792795,58.26909411591489,59.56778254589922,6499900
1997-10-06,59.45319747924805,59.653730268689785,59.224017148457506,59.47229584014727,2272100
1997-10-07,60.00705337524414,60.19803699515262,59.40545497253243,59.60598777343633,1832800
1997-10-08,59.58686447143555,60.12161838335868,59.1189547985028,60.112069206360054,4439400
1997-10-09,59.37681579589844,59.653742083785396,58.80386485544268,59.14763541971614,3607600
1997-10-10,59.20488357543945,59.27172779883108,58.82291658463017,58.8611132837111,2858100
1997-10-13,59.26219177246094,59.61551131734993,59.109404942238676,59.49137201779433,1760300
1997-10-14,59.28132629394531,59.586900140821314,58.7847687927718,59.567801775391565,2235700
1997-10-15,59.14761734008789,59.31950256968452,58.84204359858275,58.861141957426824,2601700
1997-10-16,58.2117805480957,59.58686197836568,58.05899372251015,59.47227185917652,9488100
1997-10-17,57.61977005004883,58.28821285805403,56.836737046385586,58.068581649709465,8151300
1997-10-20,58.440975189208984,58.51736862082886,57.543352367675375,57.96351624158472,3636400
1997-10-21,59.5772819519043,59.58683112355872,58.68920898804357,58.80379904789657,5225400
1997-10-22,59.185813903808594,59.52003518271038,58.99483031586471,59.4913876445188,4485200
1997-10-23,58.02078628540039,58.51734337671718,57.61972094241375,58.02078628540039,8054100
1997-10-24,57.447845458984375,58.76563180761134,57.24731275375853,58.76563180761134,6778700
1997-10-27,53.28439712524414,57.40964077365013,53.07431527277902,56.84623944203913,10840700
1997-10-28,56.35923767089844,56.760303069437526,51.56555124074069,51.56555124074069,19548000
1997-10-29,56.20646286010742,57.29506917442143,55.786299019495,56.531134918762476,10134400
1997-10-30,54.965065002441406,56.56932680237368,54.850474873874816,55.38522880718558,9772900
1997-10-31,56.26375198364258,56.5311289448683,55.27063755623273,56.11096514865645,7072700
1997-11-03,57.447845458984375,57.67702569352819,56.76030475535291,56.95128828413943,5548500
1997-11-04,57.447845458984375,57.715222399285494,57.00858334277538,57.37145204746977,3455700
1997-11-05,57.638832092285156,58.23088106341201,57.35235678367539,57.56243867665589,4774900
1997-11-06,57.4192008972168,57.657930320538,57.14227476616419,57.466946781881035,3679800
1997-11-07,56.79850387573242,56.98948741263805,55.881782898585435,56.4547335093023,10606800
1997-11-10,56.454742431640625,57.352365196961024,56.22556215113328,57.21867669999841,4347900
1997-11-11,56.4738655090332,56.8749311754822,56.244685128205205,56.645750794654205,3212400
1997-11-12,55.30886459350586,56.664848497559355,55.23247113412257,55.99640572795552,6775300
1997-11-13,56.11096954345703,56.32105145801729,55.06055997065576,55.90088762889678,8589600
1997-11-14,56.87488555908203,57.075418231469655,55.9868122956511,56.41652516505316,5827900
1997-11-17,57.92531967163086,58.24999175683288,57.46695908075742,57.677041018241084,5149900
1997-11-18,57.56243896484375,58.116291230928844,57.381004601815874,57.944406044902436,3433600
1997-11-19,57.84894943237305,58.09722818530168,56.683949130169424,57.25690009846629,4387900
1997-11-20,58.727455139160156,58.99483217068804,58.23089779489409,58.249996154288944,4822700
1997-11-21,59.12850570678711,59.166702415900026,58.46006329731116,59.05211228856129,5436500
1997-11-24,58.05901336669922,58.88024283208345,57.829833050778035,58.67016087582236,4337200
1997-11-25,58.2117805480957,58.5555509056632,57.84891183733002,58.44096078647404,4525000
1997-11-26,58.383670806884766,58.66059695235412,58.24998232286507,58.593752710344276,2681100
1997-11-28,58.440975189208984,58.822942347308384,58.42187683130401,58.51736862082886,1564700
1997-12-01,59.94972229003906,59.94972229003906,58.68923115555592,58.80382125869075,4850900
1997-12-02,59.58686447143555,59.882888958392996,59.434077639457506,59.70145459541907,1974900
1997-12-03,59.7587776184082,60.21713832880826,59.20492509334146,59.66328580374152,3302500
1997-12-04,59.70143127441406,60.33167671013244,59.51044780904485,60.19798828437399,2872500
1997-12-05,60.465396881103516,60.50359359423119,59.357692200401054,59.51047905291174,3458800
1997-12-08,60.293495178222656,60.503577042955136,60.045216610811536,60.48447869161582,2289200
1997-12-09,59.930633544921875,60.25530555584082,59.66325659475332,60.02612531283921,1703000
1997-12-10,59.415008544921875,59.79697581297023,58.95664782326385,59.625090542348474,3558400
1997-12-11,58.402774810791016,59.03302058213048,58.24998795713296,58.86113537176517,5072800
1997-12-12,58.51737976074219,58.97574043771928,58.00172399914296,58.937543714637854,4478400
1997-12-15,59.10942840576172,59.34815792274784,58.59377264907172,58.822952985378386,4674700
1997-12-16,59.47228240966797,59.77785611504841,59.20490541746008,59.41498733990914,2885800
1997-12-17,59.166744232177734,59.81608874602346,59.09989994398774,59.79699037796917,2236300
1997-12-18,58.593788146972656,59.24313260492477,58.19272245235518,59.24313260492477,4658300
1997-12-19,58.15580749511719,58.82690979064278,56.6793824449609,58.002412684711345,8556000
1997-12-22,58.529720306396484,58.84609717291755,58.02159988440812,58.558481839716585,5136800
1997-12-23,57.48472595214844,58.67353616196605,57.38885416103411,58.55849001262886,4436500
1997-12-24,57.312129974365234,57.94488350034517,57.216258228004634,57.94488350034517,2019200
1997-12-26,57.542236328125,57.753154222030155,57.312144080228464,57.753154222030155,941800
1997-12-29,58.673519134521484,58.7310421924965,57.94489373350455,58.04076549679625,2080000
1997-12-30,59.59387969970703,59.670577099577955,58.80773135103007,58.86525440093327,3616000
1997-12-31,59.5555305480957,59.90066884489729,59.325438350227984,59.44048444916184,4359500
1998-01-02,59.86233139038086,59.91985445065349,59.229577727381965,59.70893656298719,2360900
1998-01-05,59.99657440185547,60.39923597502228,59.382994861791744,60.034923123109444,4191800
1998-01-06,59.0378303527832,59.689758326799,59.01865600060627,59.67058397462207,3154900
1998-01-07,59.191246032714844,59.3446409041958,58.42427167531005,58.9611537254934,4424200
1998-01-08,58.673519134521484,59.095354893004966,58.520124313254755,59.095354893004966,3831000
1998-01-09,56.64104080200195,58.596824878442106,56.391774204024294,58.44343004891739,10258800
1998-01-12,57.67644500732422,57.79149110773777,55.778184350500716,55.91240480098319,12097900
1998-01-13,58.48176574707031,58.52011444592085,57.8106635171859,58.0599300597144,5224900
1998-01-14,58.75021743774414,58.884437908391725,58.11746379040551,58.71186873184483,3770400
1998-01-15,58.26128387451172,58.75022997910282,58.174999267819175,58.59683512276052,2875400
1998-01-16,59.095401763916016,59.32549417831153,58.69274003872385,59.057053028183425,4374800
1998-01-20,60.054054260253906,60.14033882097266,59.21038299989274,59.32542908085108,5091700
1998-01-21,59.47883605957031,59.939020477826176,58.999477290553784,59.65140521641626,4699400
1998-01-22,58.95157241821289,59.44051861976256,58.826939072719846,58.9995083203256,4543400
1998-01-23,58.865238189697266,59.3829454962516,58.29000784908133,59.21037639406682,6350300
1998-01-26,58.82694625854492,59.354241246194846,58.53933081073586,59.13373606954124,4362900
1998-01-27,59.421329498291016,59.823990976014194,58.692703967172896,58.78857574758318,7044200
1998-01-28,59.95819854736328,60.19787794673713,59.63223456421483,59.7664550278642,4268600
1998-01-29,60.28416442871094,61.08948723596471,59.862328672530396,60.03489784551334,8007700
1998-01-30,60.32248306274414,60.72514426564231,60.13073963279263,60.6100982076714,3649100
1998-02-02,61.3195915222168,61.6647299360379,61.20454538427642,61.3004171658934,5756300
1998-02-03,61.779747009277344,61.856444398488115,61.18534224289385,61.35791136861809,2759600
1998-02-04,61.70308303833008,62.06739583439231,61.31959588458036,61.530513819142705,3374000
1998-02-05,61.664710998535156,62.33581326375554,61.377095742012145,62.16324410984173,5076200
1998-02-06,62.355003356933594,62.355003356933594,61.77977269865929,61.97151625141739,5701200
1998-02-09,62.14406967163086,62.43168492774763,61.79893136429073,62.412510577339845,2322200
1998-02-10,62.738487243652344,62.87270772369683,62.08655919772197,62.23995403205853,3660400
1998-02-11,62.68095397949219,62.79600008652093,62.402925887506065,62.64260527714927,4073200
1998-02-12,62.94937515258789,63.16029294932211,61.89478616891675,62.412493488173496,5024700
1998-02-13,62.5850715637207,62.90144830416231,62.5083741720985,62.70011765115402,2101300
1998-02-17,62.89187240600586,63.25618508152845,62.68095454122962,63.0836159194388,3055500
1998-02-18,63.467098236083984,63.495859760964386,62.757647289034104,62.77682163895437,3007400
1998-02-19,63.13151550292969,63.44789211820633,63.045230971490604,63.352020416607346,3387800
1998-02-20,63.60132598876953,63.63967469301358,62.81517755176635,63.29453635481706,3707000
1998-02-23,63.850643157958984,63.9656893618472,63.409632709720825,63.9656893618472,3227800
1998-02-24,63.35208511352539,63.86979283085746,63.160341514513505,63.754746671450334,3386800
1998-02-25,64.13822174072266,64.34913965975045,63.58216540874031,63.658862833841326,3481800
1998-02-26,64.50251007080078,64.56003311783181,63.92727960049042,64.08067439257319,3187600
1998-02-27,64.50251007080078,64.75177660793526,64.13819743960423,64.40663832574906,3442900
1998-03-02,64.36833190917969,64.8860396725243,64.1957626547315,64.57924988683861,4252300
1998-03-03,64.73262023925781,64.8093176566029,64.13821525483334,64.13821525483334,3349200
1998-03-04,64.31080627441406,64.67511913047068,64.08071394427304,64.48337552201983,4404100
1998-03-05,63.716373443603516,64.08068614159583,63.294537688033465,63.50545556581849,7268000
1998-03-06,65.00106811523438,65.00106811523438,64.08069900917795,64.15739643468265,6896300
1998-03-09,64.77096557617188,65.17362699627242,64.57922204279068,64.75179122283376,3362800
1998-03-10,65.384521484375,65.5570906026622,65.00103455484786,65.17360367313508,5481900
1998-03-11,65.69129943847656,65.8446941832249,65.51873035063467,65.63377640919593,3439600
1998-03-12,65.95975494384766,66.01727798594985,65.34617582809094,65.71048842807149,3191300
1998-03-13,65.71052551269531,66.26658190016778,65.57630500537437,66.17071010922426,2879400
1998-03-16,66.4199447631836,66.49664215898403,65.97893473733104,66.17067822683215,3223600
1998-03-17,66.61168670654297,66.61168670654297,66.05563059989653,66.45829191850258,4581900
1998-03-18,66.86094665527344,66.86094665527344,66.285716256748,66.4199366830706,1944100
1998-03-19,67.0335464477539,67.11024386931885,66.66923369532046,66.8609772492328,2554800
1998-03-20,67.6107177734375,67.80301219258834,66.99537563215479,67.41842335428665,3123300
1998-03-23,67.45689392089844,67.87994171629745,67.32228780418056,67.51458225663467,4453100
1998-03-24,68.0337905883789,68.18762618043856,67.64920160822979,67.72611940425962,3333600
1998-03-25,67.78382873535156,68.62992475360844,67.18771563157968,68.5530069337669,4597600
1998-03-26,67.74532318115234,68.14914145728184,67.45688155534556,67.61071708910919,3333500
1998-03-27,67.45689392089844,68.1683833949786,67.07230501599024,68.14915394973319,2611300
1998-03-30,67.41842651367188,67.74532704154764,67.05306710016367,67.45688539930431,3108700
1998-03-31,67.64920806884766,68.41838610260375,67.53383136378424,67.78381422475498,5926500
1998-04-01,68.19718933105469,68.35102480677679,67.32225006288522,67.87990366237784,2929000
1998-04-02,68.93756103515625,69.07216715154289,68.14915378203452,68.26453045322306,3920900
1998-04-03,69.2837142944336,69.4183204559826,68.82220745483704,69.12987868123474,3787600
1998-04-06,68.7260513305664,69.76444158570088,68.7260513305664,69.68752378902425,4550500
1998-04-07,68.2645263671875,68.87986857669453,67.78379026601012,68.76449191241197,5583700
1998-04-08,67.87994384765625,68.47605666898127,67.53381382237075,68.43759777728289,4854800
1998-04-09,68.41836547851562,68.47605381365771,68.01454713252102,68.03377657756837,4481200
1998-04-13,68.22606658935547,68.53373769009664,67.68764216305841,68.53373769009664,4350200
1998-04-14,68.80292510986328,68.80292510986328,68.24527144072242,68.3798774987909,3279100
1998-04-15,68.99527740478516,68.99527740478516,68.39916436143277,68.89913013972831,3867200
1998-04-16,68.18762969970703,68.61067759970521,67.99533519970785,68.49530089970571,7177900
1998-04-17,69.09140014648438,69.18754737741463,67.95686282150731,68.12992783718178,5688800
1998-04-20,69.07218170166016,69.26447619414807,68.84142831067466,68.91834610766982,3688300
1998-04-21,69.39908599853516,69.62983940168905,68.86066139117607,69.18756204564409,4573200
1998-04-22,69.59136962890625,69.80289354875096,69.41830460357878,69.456763498096,2386100
1998-04-23,68.9183578491211,69.53370032991683,68.76452222892216,69.30294689961842,5062000
1998-04-24,68.18762969970703,69.20679054970266,67.89918794970828,68.76451319970455,11039700
1998-04-27,66.8992691040039,67.4953821658677,66.22623822770609,67.30308762978261,14510200
1998-04-28,66.80307006835938,67.57224761664216,66.5338579264604,67.55301817793509,6511400
1998-04-29,67.2646255493164,67.66844405604472,66.72620087367865,67.09156047500427,7703100
1998-04-30,68.5145492553711,68.87029417853257,67.93766559619031,68.03381287272043,8684500
1998-05-01,69.2837142944336,69.2837142944336,68.49530677678948,68.76451909988747,4008800
1998-05-04,69.11060333251953,69.72594537665994,69.0144561381226,69.36058603795156,4537200
1998-05-05,68.6298828125,69.01447167667764,68.37990005078453,68.91832446063323,5146400
1998-05-06,67.822265625,68.99526199673943,67.80303617628296,68.99526199673943,5526100
1998-05-07,67.28384399414062,68.03379252679896,67.28384399414062,67.99533362768827,6940400
1998-05-08,68.37989044189453,68.53372596594829,67.68763058365263,67.68763058365263,7951000
1998-05-11,68.14916229248047,69.05294632965501,67.91840892128697,68.64912793006638,6336300
1998-05-12,68.87983703613281,68.89906647137462,67.89913583880094,68.18757736742796,6045200
1998-05-13,69.05294036865234,69.26446427398656,68.66835144986285,68.95679313895496,4441500
1998-05-14,68.70682525634766,69.34139711010066,68.51453075521039,68.62990745589275,4187500
1998-05-15,68.32221984863281,69.0529387774952,68.18761373015816,68.91833265902055,6716100
1998-05-18,68.05300903320312,68.66835130194076,67.58188760870087,68.12992681679533,4847200
1998-05-19,68.5145492553711,68.72607326373738,68.16841905986263,68.30302524700481,5918700
1998-05-20,69.1683120727539,69.22600040642592,68.22606928944423,68.97601762718051,5716600
1998-05-21,68.7260513305664,69.3990820514869,68.49529794053653,69.14909921228787,6301500
1998-05-22,68.45684051513672,68.9568062042922,68.26454601930767,68.76451170846317,4862200
1998-05-26,67.36074829101562,68.97602172990952,67.18768327970557,68.97602172990952,6899300
1998-05-27,67.45689392089844,67.62995892810713,66.19736525732408,66.78386333730909,10202600
1998-05-28,67.76456451416016,67.91840007491875,67.11076338093613,67.61072895340156,4907600
1998-05-29,67.09149932861328,68.18757713363792,67.09149932861328,68.07220052258269,4772600
1998-06-01,67.39921569824219,67.82226355711846,66.80310280618926,67.05308563188888,6092200
1998-06-02,67.45689392089844,67.89917116154287,67.16845224221728,67.68764726384336,6701100
1998-06-03,66.38008880615234,67.80306869365387,66.38008880615234,67.61077411426177,6445100
1998-06-04,67.6107177734375,67.72609442492801,66.49541014236259,66.6107867938531,6566300
1998-06-05,68.9183578491211,68.9183578491211,67.61075507743018,67.91842631782805,8463200
1998-06-08,68.84143829345703,69.20679788216532,68.70683212919609,68.87989719753159,4159900
1998-06-09,69.05294036865234,69.17793176725893,68.55297477422602,68.74526923362075,2725300
1998-06-10,68.61065673828125,69.57212894593654,68.4568211850564,68.68757451489367,6186900
1998-06-11,67.32231140136719,68.84143810822466,67.30308194938165,68.57222578042713,8056600
1998-06-12,67.95686340332031,67.95686340332031,66.61080215877237,67.61073336900797,9779000
1998-06-15,66.16851806640625,67.62995583828852,66.14928862203938,66.95692528544801,10234200
1998-06-16,67.18767547607422,67.2069049195419,66.30312107656093,66.70693938938221,7471500
1998-06-17,68.59144592285156,68.7837404166078,67.64920290344598,67.78380904907534,12057700
1998-06-18,68.28374481201172,68.57218642625564,68.14913872536455,68.41835089865889,3844600
1998-06-19,67.94161224365234,68.6650110111529,67.67154337045213,68.55891252525282,3549100
1998-06-22,68.26952362060547,68.5588830030042,67.94158298722026,68.05732674017975,5438300
1998-06-23,69.07975006103516,69.17620321666352,68.52032175839064,68.57819365176766,5004600
1998-06-24,70.00569915771484,70.17931483487644,68.8964878869602,69.23407392588553,8291900
1998-06-25,69.89000701904297,70.6423421760241,69.63922863338259,70.31440121016053,5854800
1998-06-26,70.17930603027344,70.27575917215121,69.83207471951343,69.94781848976676,4833100
1998-06-29,70.43012237548828,70.79664451329553,70.24686130658465,70.52657556964807,5953400
1998-06-30,69.9478759765625,70.48801401499156,69.79355082272563,70.31439821692507,4284800
1998-07-01,70.75806427001953,70.95097066115918,70.14076381837269,70.41083276596818,3489500
1998-07-02,70.89309692382812,70.91238756244685,70.52657479007227,70.8159343693532,3503900
1998-07-06,71.60688018798828,71.60688018798828,70.71951044427938,70.85454497049595,3144400
1998-07-07,71.4718017578125,71.68399874008941,71.16315160177336,71.5971908837034,4920700
1998-07-08,71.99266815185547,72.1855745509762,71.45253023431744,71.52969279396572,6875000
1998-07-09,71.51040649414062,72.05054444446054,71.37537200656064,71.78047546930058,6942500
1998-07-10,71.89620208740234,72.1855616343063,71.02812344669047,71.62613317695865,7849700
1998-07-13,71.91551208496094,72.12770914315153,71.64544310180925,71.95409336826832,6555100
1998-07-14,72.72571563720703,72.93791268548536,72.18557769613494,72.18557769613494,6983600
1998-07-15,72.59062194824219,73.0150156986704,72.55204069820326,72.87998132353415,4977500
1998-07-16,73.09220123291016,73.20794501950226,72.26270409566679,72.64851671764045,6315600
1998-07-17,73.18870544433594,73.45877446811576,73.03438028789031,73.22728673344734,3539500
1998-07-20,73.18870544433594,73.60345430228354,72.80289255322188,73.30444931167015,2338400
1998-07-21,71.91551208496094,73.45876341725624,71.7804775933851,73.45876341725624,5518600
1998-07-22,71.91551208496094,72.21451703059314,71.3175021936965,71.81905887669248,10417300
1998-07-23,70.48799896240234,71.97337825088209,70.3143832014112,71.79976248989095,15110900
1998-07-24,70.43012237548828,71.04742281811102,69.67778746104182,70.97026026278317,11540500
1998-07-27,70.93164825439453,70.98952014581776,69.65846664308367,70.14073240494385,9600000
1998-07-28,69.73566436767578,70.77735893914313,69.06049196024323,70.64232445765663,13693000
1998-07-29,69.46559143066406,70.4494140252111,69.29197567868518,70.19863571679714,7462400
1998-07-30,70.5073013305664,70.73878905039315,70.0057446042751,70.14077910750737,6821600
1998-07-31,69.0025863647461,70.68087124417939,68.71322690277484,70.58441809018896,7680500
1998-08-03,68.7132339477539,69.39805141129834,68.53961825277081,69.0025934393924,10486500
1998-08-04,66.05113983154297,69.27267614926134,66.05113983154297,69.27267614926134,15091600
1998-08-05,66.95777893066406,67.20855712890625,65.18304091233473,66.62983820988582,21718400
1998-08-06,67.24717712402344,67.59440867543836,66.3983888872314,66.74562043864633,13084400
1998-08-07,67.3628921508789,68.26955192496003,66.95778884756605,67.71012355371849,12083800
1998-08-10,66.97709655761719,67.69085017876691,66.78419017352266,67.1314216648928,6273000
1998-08-11,65.97396850585938,66.32119991904811,65.12518060695358,65.91609660366126,14287100
1998-08-12,67.09282684326172,67.20857065035187,66.35978273169071,66.51410780781092,11158400
1998-08-13,66.28264617919922,67.69086305087603,66.28264617919922,67.17001571477638,9073900
1998-08-14,65.51102447509766,67.11214786480117,65.29882739935383,66.8806601458079,8628500
1998-08-17,66.8999252319336,67.24715667777409,65.12518673097111,65.43383690505155,11290000
1998-08-18,68.13450622558594,68.2695406376978,67.15068408019951,67.28571849231137,7603900
1998-08-19,67.9609146118164,68.57821500000207,67.67155505485437,68.57821500000207,6258600
1998-08-20,67.55584716796875,68.15385723713123,67.3822313414377,67.71017234710745,7402800
1998-08-21,67.01567077636719,67.11212395825603,65.12518841134589,66.78418313983397,16685400
1998-08-24,67.4400634765625,67.8644574686919,66.86134439638604,67.4400634765625,7201700
1998-08-25,67.59439086914062,68.67466652230041,67.06389836089252,68.13452869572052,9688300
1998-08-26,67.20854187011719,67.67151690022132,66.51407932496097,66.84201997128474,9339700
1998-08-27,64.04487609863281,66.39833238900425,63.87126047065459,66.05110113304781,24887800
1998-08-28,63.813411712646484,65.26020913660311,63.06107705218905,64.79723396093699,23735900
1998-08-31,59.260860443115234,64.20891080237925,58.64355981349945,64.04494032263756,22563100
1998-09-01,61.76863479614258,62.07728506370607,57.794762601262704,59.299432655634696,24748500
1998-09-02,61.32491683959961,62.810295448171225,60.97768547655689,61.61427630880187,13843200
1998-09-03,60.842689514160156,61.34424624446078,59.72383219272031,60.263970209967134,17311300
1998-09-04,60.34111785888672,61.61430001319827,59.10651698197855,61.38281234877799,17783800
1998-09-08,63.581966400146484,63.581966400146484,61.61432059528759,62.27020253024055,14746500
1998-09-09,62.03866958618164,63.659082597761014,62.00008832400118,63.42759502467825,12109700
1998-09-10,60.80410385131836,61.32495118760821,59.76240917873867,60.76552256714874,19889300
1998-09-11,62.771751403808594,62.771751403808594,59.87815499613456,60.61119941941199,20379800
1998-09-14,63.85202407836914,64.47896993412351,63.022526484601805,63.50479252748979,10686800
1998-09-15,64.23783874511719,64.3921638832436,63.13827213596654,63.504794339016755,8337900
1998-09-16,64.81651306152344,64.9708380926223,63.678365957169305,64.66218803042457,11024900
1998-09-17,62.96464157104492,63.60123261634042,62.82960710689134,63.11896667293474,12945200
1998-09-18,63.24510192871094,63.43868962974771,62.625621285393294,63.41933085964403,7019200
1998-09-21,63.20639419555664,64.05818021228083,61.289875657927205,61.7157686662893,8834600
1998-09-22,63.72908020019531,64.21304952127821,63.283828424799054,64.11625565706163,7270100
1998-09-23,66.28443145751953,66.28443145751953,64.29047805795047,64.34855437055927,13688500
1998-09-24,64.65829467773438,66.16827880493895,63.961378926716876,65.8585384711534,11129500
1998-09-25,64.58085632324219,65.30681019378224,63.57420028942666,63.883940607523755,10247400
1998-09-28,65.16161346435547,65.85852911638065,64.58085042100113,65.23904853680271,8847800
1998-09-29,65.00675201416016,65.62623267659409,64.03881347910715,65.27777480397499,10618100
1998-09-30,63.03215789794922,64.61957710790986,62.79985264771108,64.11624906572722,7908400
1998-10-01,61.212432861328125,62.90632529503028,60.76718113589785,61.967424917492515,13335600
1998-10-02,62.393341064453125,62.49013495378675,60.225157943379976,61.25117317031638,14351800
1998-10-05,61.13496780395508,61.92867701230282,59.683060715514095,61.69637187815226,12807200
1998-10-06,61.07693099975586,62.74178553730863,60.418732694211734,62.41268638453657,12621000
1998-10-07,60.167049407958984,61.967414785996375,59.315263637704746,61.09627024823635,14348500
1998-10-08,59.83798599243164,59.93477988759896,57.12775692774694,58.5796653552566,20625000
1998-10-09,61.0381965637207,61.19306671040949,58.26989269165851,60.08961691525184,12708500
1998-10-12,61.92870330810547,62.83856546986881,61.75447438351248,62.33523746548909,9508500
1998-10-13,61.71574401855469,62.19971315295365,61.17369858802786,61.67702648780278,6256800
1998-10-14,62.296531677246094,63.07088259927525,61.23179915945599,61.28987547860818,8176900
1998-10-15,65.64556884765625,66.43927817315135,61.9093273886183,62.0254799728371,20541100
1998-10-16,65.66490173339844,66.12951188717248,65.04542152836638,65.74233675902744,16573900
1998-10-19,65.89726257324219,66.16828539228607,65.35521693515442,65.47136957188751,7915900
1998-10-20,66.28443145751953,67.3975607825217,65.72302710230106,66.63288933317239,14611600
1998-10-21,66.05213165283203,66.67161237173315,65.58752111365618,66.20700183255731,9178400
1998-10-22,67.03946685791016,67.19433712498012,65.76178715458296,66.14896282225787,8277500
1998-10-23,66.18765258789062,66.90392727222873,66.14893503738587,66.88456849697634,6237200
1998-10-26,66.67161560058594,67.19430248247207,66.1489287186998,66.7296919207955,5838600
1998-10-27,66.28443145751953,67.50403402230451,65.83917972751867,67.17493491752126,10089700
1998-10-28,66.16828155517578,66.61353330349908,65.68431226352003,66.01341138184594,5650600
1998-10-29,67.77506256103516,67.79442133354617,66.05213180755554,66.34251339522065,9625600
1998-10-30,68.14289093017578,68.70429542931643,67.8331505168568,68.22032603350553,9872800
1998-11-02,69.3044204711914,69.3044204711914,68.25904653112315,68.64622206448176,6501400
1998-11-03,68.80109405517578,69.26570470720849,68.6075062834955,69.13019326703228,6866000
1998-11-04,69.53670501708984,70.0593918309711,68.8204304943637,69.67221641328128,8233600
1998-11-05,70.48531341552734,70.58210730925919,68.83981722208604,69.09148134578882,6841500
1998-11-06,70.69821166992188,70.96923438716692,70.19488376646679,70.2916775940543,5224800
1998-11-09,70.19493865966797,70.77570207935634,69.6916103626047,70.58211427279355,6188700
1998-11-10,70.00130462646484,70.58206766263574,69.53669419752813,70.00130462646484,14015200
1998-11-11,69.53670501708984,70.62079618662132,69.31407915191821,70.50464356131437,10922400
1998-11-12,69.45928192138672,70.07876269660534,69.18825908222858,69.57543456674021,5457400
1998-11-13,70.13685607910156,70.13685607910156,69.45929881639978,69.51737515320278,5524600
1998-11-16,70.65953063964844,70.84343900706669,69.93357655773424,70.75632451723699,6023700
1998-11-17,70.65953063964844,71.62746941553402,70.00133227204623,70.40786655791818,9058900
1998-11-18,71.08538055419922,71.24025066433909,70.31103000349988,70.81435786145444,4567700
1998-11-19,71.70491027832031,71.80170416368522,71.00799430369301,71.4145286222256,5249300
1998-11-20,72.24695587158203,72.32439097969734,71.76298644586136,72.082406266837,5562000
1998-11-23,73.95048522949219,74.10535535562725,72.57601286004352,72.76960051771235,7151300
1998-11-24,73.48588562011719,74.1247249840434,73.37941239279616,73.71819084336309,5323700
1998-11-25,73.48588562011719,73.83434345498603,73.23422162826748,73.67947330615543,4393500
1998-11-27,74.02792358398438,74.16343495037765,73.7278627012564,74.00856481735676,4557900
1998-11-30,71.93716430664062,73.95047568658967,71.93716430664062,73.72784990899915,8705400
1998-12-01,72.86643981933594,73.11810393135809,71.3758139250509,71.93721848263878,8950600
1998-12-02,72.65349578857422,73.04067135899028,71.8597858692213,72.61477823153263,7495500
1998-12-03,71.4532241821289,73.29230743796803,71.29835401321613,72.63410922008876,12145300
1998-12-04,73.33102416992188,73.40845925352264,72.16949791591044,72.2469329995112,10339500
1998-12-07,73.67948150634766,74.00858060923991,73.09871838359663,73.13743592511337,4290000
1998-12-08,73.35037231445312,74.18279934256647,72.788968039679,73.42780738683575,10102600
1998-12-09,73.48588562011719,73.69883207475927,73.02127517362541,73.52460315732485,5327900
1998-12-10,72.41149139404297,73.62141472304383,72.3050181410909,73.62141472304383,5966600
1998-12-11,72.55663299560547,72.69214431656845,71.58869498872706,72.13074027257896,8198200
1998-12-14,70.46593475341797,72.11143048254999,70.46593475341797,71.95656029627874,9521400
1998-12-15,72.28568267822266,72.32440023723618,70.94992689225657,71.04672078979034,9631500
1998-12-16,72.18889617919922,72.55671302752445,71.70492664192918,72.55671302752445,7260000
1998-12-17,73.34075927734375,73.46659138379822,72.49865210337926,72.61480481702954,6914700
1998-12-18,73.6523208618164,74.04078246973738,73.26385925389543,73.5357823794401,4802400
1998-12-21,74.6817626953125,75.41983993391376,73.96310854193759,74.11849322374837,8580700
1998-12-22,75.0119400024414,75.34213238463755,74.07963209976994,74.8371322706905,5461100
1998-12-23,76.58521270751953,76.58521270751953,75.0896353860691,75.32271237123021,7791000
1998-12-24,76.2550048828125,76.60462028981469,76.13846641381176,76.54635105531432,1507100
1998-12-28,76.060791015625,76.64348349020844,75.82771402579162,76.60463732523621,4203600
1998-12-29,77.26499938964844,77.37182631188149,75.90538401577328,76.27442247439653,3935800
1998-12-30,76.64348602294922,77.5369478468356,76.46867827479754,77.03194768550851,6810700
1998-12-31,76.64348602294922,77.03194768550851,76.11906277849417,76.64348602294922,6790500
1999-01-04,76.46866607666016,77.82828167873438,75.65289671541562,76.6823199569861,9450400
1999-01-05,77.34272766113281,77.61465086235226,76.41041954266612,76.41041954266612,8031000
1999-01-06,79.20735168457031,79.40158256167814,78.15850494818807,78.19735112360964,7737700
1999-01-07,78.8188705444336,79.07137062257003,78.17790880762573,78.54694738336359,5504900
1999-01-08,79.40158081054688,79.86773490532504,78.29446483544874,79.6735040325008,6224400
1999-01-11,78.64408111572266,79.36273535165294,77.82831144250449,79.36273535165294,7578300
1999-01-12,77.2261734008789,78.44982755687876,76.91540409141864,78.44982755687876,7768800
1999-01-13,76.68232727050781,77.77001985590509,74.81771140982677,74.83713449170887,10810600
1999-01-14,75.3421401977539,77.01252536326224,75.14790936455526,76.83771761338348,11400700
1999-01-15,77.30387878417969,77.55637889076118,75.86657048517735,76.06080133639388,7817700
1999-01-19,77.80889892578125,78.08082218712946,76.760052060581,77.8768797411183,6535100
1999-01-20,78.43040466308594,79.5180972488048,77.71175063323597,78.37213541742243,6534400
1999-01-21,76.3521499633789,78.2167661924515,76.19676527762286,78.05166996383569,6937500
1999-01-22,76.17733001708984,76.97367640431592,75.6917529517081,75.90540686047606,7522300
1999-01-25,76.95423889160156,77.07077736544042,75.76943107423969,76.6240465490581,5700300
1999-01-26,78.35269927978516,78.35269927978516,76.83769914497522,77.14846840339777,6047000
1999-01-27,77.4398193359375,78.70231952576341,77.16789621812885,78.54693488701561,7399400
1999-01-28,78.7411880493164,78.91599581755612,77.80887995203787,77.8477261227578,5961700
1999-01-29,79.34334564208984,79.74151910247242,77.9448827568437,79.14911468580566,6456800
1999-02-01,78.87713623046875,79.98425190767553,78.87713623046875,79.98425190767553,9426800
1999-02-02,78.3915786743164,79.07138671534739,77.54667439474932,78.9839828243577,9194500
1999-02-03,79.1878890991211,79.51808142550938,78.10019672984201,78.11961980786485,10290700
1999-02-04,78.00311279296875,79.24619028767742,77.55638181830783,79.16849794425812,7761100
1999-02-05,77.10966491699219,78.10024247637924,76.58524150319904,78.10024247637924,7516100
1999-02-08,77.26499938964844,77.75057630888956,76.66288400978944,77.75057630888956,8528400
1999-02-09,75.536376953125,77.38157001317819,75.52666541070366,77.30387767380753,8985700
1999-02-10,76.02193450927734,76.44924226584456,75.41010749419246,75.90539603021355,6936700
1999-02-11,77.7699966430664,78.37211200169155,76.13845825195312,76.4880736214774,9181800
1999-02-12,76.83770751953125,78.00309236563132,76.21616893494455,77.57578458872796,10676600
1999-02-16,76.37152862548828,78.08075917458365,76.37152862548828,77.53691309078057,6915500
1999-02-17,76.29387664794922,77.91570421925873,75.98310729296774,76.56579983355799,7858100
1999-02-18,76.89598846435547,77.30387322256497,75.96368044559085,76.565796041043,9048900
1999-02-19,77.2261734008789,78.15848132925974,76.68232710932342,77.07078874614878,5312200
1999-02-22,79.2850341796875,79.38214960616924,77.24561022357109,77.34272565005283,10695800
1999-02-23,79.24620819091797,79.86774707868989,78.68293857387468,79.3044774616466,7770700
1999-02-24,77.84771728515625,80.08137184797884,77.69233261991641,79.45983318701951,7271000
1999-02-25,77.10966491699219,77.86716540358229,76.25504898340336,77.40101125798839,11633000
1999-02-26,76.79885864257812,77.59520492592301,76.33270472062014,77.53693568567827,9621300
1999-03-01,77.01250457763672,77.26500459264535,76.0607737518349,76.85711995301601,7607200
1999-03-02,76.33270263671875,77.88654900082499,76.0219333638975,77.38154893249046,9651500
1999-03-03,76.74061584472656,76.79888510504907,75.69176915892164,76.50753880343659,7881400
1999-03-04,77.71176147460938,77.99339620127317,76.61435719485046,77.10964585208679,8256400
1999-03-05,79.27532196044922,79.63464903536489,78.66349477883605,79.24618733275335,10703100
1999-03-08,79.79002380371094,80.0522354203979,79.09079282587899,79.73175455555827,4802200
1999-03-09,79.59579467773438,80.76117966569534,79.40156384640754,79.63464084399973,7893400
1999-03-10,80.2950439453125,80.33389012041908,79.42100500541433,79.84831293158676,3950000
1999-03-11,81.1884536743164,81.53806902506706,80.10076147198107,80.60576142306533,6583700
1999-03-12,80.41156768798828,81.4409911390664,80.31445226807526,81.42156805508378,5286500
1999-03-15,81.5575180053711,81.57694108658218,80.48924853876109,80.76117167571637,5394400
1999-03-16,81.24678802490234,81.82948074322582,81.09140330001608,81.49928820284252,4547500
1999-03-17,80.89713287353516,81.38270990158759,80.5669404944595,81.22732525261081,4524100
1999-03-18,82.19844818115234,82.2761404762196,80.6446022798073,80.66402535357412,3506300
1999-03-19,80.80130004882812,82.63149817041604,80.80130004882812,82.43679624258753,5526700
1999-03-22,80.95706939697266,81.36594348483615,80.6358111850799,81.03495017561332,4603800
1999-03-23,78.6206283569336,80.70393871706035,78.31884040756943,80.56764738508944,9713800
1999-03-24,79.06844329833984,79.23393991691553,78.27016549109238,79.0295029174985,6280900
1999-03-25,80.68450927734375,80.68450927734375,79.59417807089316,79.78888007204505,6639600
1999-03-26,80.10035705566406,80.4508204555187,79.57466195588212,80.13929743342568,6159700
1999-03-29,81.71638488769531,81.89161659224362,80.47029276646288,80.47029276646288,5863900
1999-03-30,81.28803253173828,81.75531703012433,80.72339709618849,80.9570393453815,5401400
1999-03-31,79.98355865478516,81.99872377668639,79.94461826595615,81.71640595767607,7413600
1999-04-01,80.58711242675781,80.80128450617177,79.82777505429017,80.80128450617177,7683600
1999-04-05,82.49522399902344,82.61204518004637,81.15178041725979,81.58012474767719,5791100
1999-04-06,82.30049896240234,82.85539941672657,81.71639322100843,82.35890953654174,5381300
1999-04-07,82.96250915527344,83.09880053384346,81.85270792977458,82.67045620119478,6248600
1999-04-08,84.01388549804688,84.07229607892617,82.4173296206796,82.98196523584608,5909100
1999-04-09,84.03333282470703,84.42273659127194,83.23505510324898,83.7607501881116,4365800
1999-04-12,84.92900848388672,84.98741908119338,83.00145877276687,83.15722036558464,8213200
1999-04-13,84.38384246826172,85.02635903527893,83.79973649824606,84.89006764227528,10071400
1999-04-14,82.96250915527344,84.77323747056103,82.67045620119478,84.77323747056103,11551700
1999-04-15,82.65096282958984,83.21559838248928,81.61904268118742,83.13771761657212,11150000
1999-04-16,81.95003509521484,82.80672351151075,81.73586299114086,82.80672351151075,6476200
1999-04-19,80.68450927734375,83.8192114958892,79.98358207319694,82.67046968909304,12487200
1999-04-20,81.69696807861328,81.73590848284522,80.37299433472727,80.8792195897425,9049600
1999-04-21,84.03333282470703,84.50061734458492,81.24909589376794,81.6579698486611,5772200
1999-04-22,84.8316421508789,84.96793351995308,83.73157610049455,84.18912569667211,6897400
1999-04-23,84.61746978759766,85.20157565359581,84.11124470373261,84.6564101786642,4593100
1999-04-26,85.10421752929688,85.2405088865847,84.4032905489595,85.0458069476021,3606500
1999-04-27,85.5130615234375,85.6688230198372,84.63690310618917,85.43518077523765,5147200
1999-04-28,84.34489440917969,85.51310624310184,84.11125204239526,85.00688111506892,5544300
1999-04-29,83.70234680175781,84.77320725165237,83.37135357179041,84.46168421168305,9824300
1999-04-30,83.02091979980469,84.5006547680939,81.93058877053896,84.16966141992394,10991900
1999-05-03,84.53959655761719,84.63694754398018,82.92357018399163,83.13774235399019,10709700
1999-05-04,83.3324203491211,84.61745299936456,82.94301651571399,84.18910878261674,10509300
1999-05-05,83.994384765625,84.15014625800445,82.14471704361888,83.44921954229689,10032300
1999-05-06,83.47843933105469,84.18910126355229,82.47572454958545,83.76075708506059,13507200
1999-05-07,84.11124420166016,84.18912498332836,83.13773443080761,83.79972107498735,8680700
1999-05-10,83.69265747070312,84.55908139938668,83.19616735426648,84.0139157813386,5580100
1999-05-11,84.53959655761719,85.27946405397589,83.93602044216668,84.30595419034603,7000600
1999-05-12,85.20159912109375,85.49365213453443,81.93060537055815,84.5785526924203,13865800
1999-05-13,85.57148742675781,85.98036142811434,85.24049418756444,85.51307685513545,4485700
1999-05-14,83.35188293457031,84.6563856574426,83.17665122552778,83.83863768191071,8370100
1999-05-17,83.6050033569336,83.78997017851974,82.47573223567088,83.25453990550723,6268100
1999-05-18,83.44926452636719,84.10151612730823,82.63151625056052,83.8191982701845,8218600
1999-05-19,84.05280303955078,84.11121360455394,83.02088305782824,83.78022040286935,5052400
1999-05-20,83.54661560058594,84.48118505964632,83.52714540352218,84.18913210368996,4670400
1999-05-21,83.07933807373047,83.91655662005586,82.6120533036884,83.5660930425243,6418200
1999-05-24,81.69696807861328,83.39087566270274,81.23941832888796,83.39087566270274,7952000
1999-05-25,80.37296295166016,82.4562737646029,80.02249945041746,81.85269773468491,15406400
1999-05-26,81.26858520507812,81.61904867745268,79.8083207368508,80.56765826032901,12575900
1999-05-27,80.10035705566406,81.17121744410876,79.74989365580943,80.89863479977738,14515400
1999-05-28,81.12257385253906,81.4633022918573,80.11985873111682,80.37297128603895,8748000
1999-06-01,80.84025573730469,81.09336829139548,79.98356709268971,81.07389809492696,6705300
1999-06-02,80.91812133789062,81.11282326603762,79.75964486541602,80.84024056663183,6981900
1999-06-03,81.36591339111328,81.54114507824417,80.85968851717958,81.42432395349024,6076600
1999-06-04,83.00144958496094,83.08906547122233,81.58012520783164,81.91111855593024,9787200
1999-06-07,83.21560668945312,83.60501055791103,82.80673262757233,83.13772591576155,5299100
1999-06-08,82.3978500366211,83.36162451129329,81.9889760170632,83.09877692729178,4895700
1999-06-09,82.31997680664062,82.92355279552564,82.12527487474223,82.49520854534917,7409700
1999-06-10,81.56061553955078,81.91107891498929,80.74286766352759,81.89160872746493,7040700
1999-06-11,80.87918090820312,82.3783857541183,80.43136647370898,81.75533958438731,12824800
1999-06-14,80.95706939697266,81.46329445813699,80.71369196372058,81.42435406881665,6823500
1999-06-15,81.5022201538086,82.027915314858,81.04467066178411,81.28804805115882,5700900
1999-06-16,83.05989074707031,83.4103544211086,82.4757846236732,82.4757846236732,7865800
1999-06-17,83.83870697021484,84.46175356172596,82.63155419916205,82.78731584703984,8162800
1999-06-18,83.93547058105469,84.16981810245363,83.34960177755733,83.77923890012205,2875100
1999-06-21,84.13078308105469,84.52136238969469,83.5253851526627,84.03313825389469,4646400
1999-06-22,83.54490661621094,84.48229687277433,83.42773283414053,83.74019625299498,5862400
1999-06-23,83.13481903076172,83.50586943282526,82.56847894340159,83.11529006223206,9629200
1999-06-24,82.5098876953125,83.07622775286612,81.65061312523113,83.03716981786242,9176900
1999-06-25,82.30481719970703,83.1250336719784,82.02164722713715,82.86139266303404,4087000
1999-06-28,83.31063079833984,83.50592060330548,82.80287730542919,82.92005118840858,5028900
1999-06-29,84.091796875,84.48237651677891,82.97864489593009,83.11534777055272,6956200
1999-06-30,85.614990234375,85.92745370238366,83.64256459257028,84.13078876133382,16856100
1999-07-01,86.25946044921875,86.55239499908025,85.0291353398004,85.61500443952343,9939500
1999-07-02,87.1187515258789,87.17733844687814,86.18136078989096,86.31806360555586,3772800
1999-07-06,87.09923553466797,87.95851050406829,86.61101112023597,87.02111962835885,11221100
1999-07-07,87.21635437011719,87.31399919140036,86.56213406752003,86.90389094201109,3230700
1999-07-08,87.28472137451172,87.88035489099514,86.70861682578186,86.9039065033174,7101500
1999-07-09,87.80224609375,87.8608330017307,87.21637701394295,87.48978258451957,2976800
1999-07-12,87.41165924072266,88.07564414112134,87.17731162881724,88.07564414112134,4436300
1999-07-13,87.09923553466797,87.44099262477037,86.65006907339054,87.09923553466797,6477600
1999-07-14,87.58741760253906,87.62647553680998,86.70861408144334,87.48977276686176,4382500
1999-07-15,88.14399719238281,88.34905135667216,87.6850664437352,87.97800096414856,3348600
1999-07-16,88.62249755859375,88.83731630543035,87.95851234109877,88.27097597286111,2281500
1999-07-19,88.03662109375,88.89589601125778,87.84133133977097,88.85683806046197,4287000
1999-07-20,86.23017883300781,87.74367421508416,85.9470087292645,87.56791346103658,7060100
1999-07-21,86.13250732421875,86.80625667297411,85.81027937481402,86.29850354057876,4793700
1999-07-22,84.99984741210938,86.23993708716255,84.65809041504747,85.88841560447031,7804100
1999-07-23,84.8338394165039,85.61499815882898,84.44326004534136,85.40017950468959,4603000
1999-07-26,84.20893859863281,85.06821348229234,84.13082270011832,84.28705449714731,4333400
1999-07-27,84.9119644165039,85.74194566942512,84.5995008859924,84.99008029913179,5908500
1999-07-28,85.18539428710938,85.81032152626287,84.73622783396782,85.1463363346623,3955500
1999-07-29,83.99410247802734,84.52138468377176,83.31058850761791,84.32609497794049,7760600
1999-07-30,82.95909118652344,84.5799962167686,82.84191732891536,84.24800362021236,5994300
1999-08-02,83.15434265136719,84.20890688414639,82.80282124044079,82.9590529786303,6065500
1999-08-03,82.76378631591797,83.64259008755938,82.09980124401112,83.5644741967468,5445400
1999-08-04,81.63106536865234,83.66207752136522,81.51389159061122,82.9395058901116,6497900
1999-08-05,82.37321472167969,82.45133061994585,80.51796213785806,81.78734548468339,10322000
1999-08-06,81.47484588623047,82.4903521149179,80.92803484001415,82.00212796651049,7537700
1999-08-09,81.29910278320312,82.36343165701638,81.08428411142431,81.6115663057905,5565900
1999-08-10,80.40079498291016,81.33818584013136,79.36575924472842,81.16242505440239,9793300
1999-08-11,81.3772201538086,81.57250985900131,80.3812426573257,81.04522765498096,8003400
1999-08-12,81.32841491699219,82.37321506060105,81.18194760714049,81.67017197331285,7036800
1999-08-13,83.21295928955078,83.27154621230804,81.94357596314364,82.25603955118233,5857700
1999-08-16,83.58399200439453,83.72069479505593,82.64660143985927,83.19341260250484,3927000
1999-08-17,84.13078308105469,84.26748583907869,83.1933927403187,84.01360928846269,4808000
1999-08-18,83.52540588378906,83.97457220020878,83.27152927016053,83.86716286367363,4355500
1999-08-19,82.84188079833984,83.26175360295188,82.29506970396136,82.7247069924016,6448100
1999-08-20,83.68169403076172,83.81839691482597,82.92006367668944,83.15441147794245,3663700
1999-08-23,85.28301239013672,85.33183481536578,84.15033212482233,84.24797697528047,5637800
1999-08-24,85.59546661376953,86.22039358881874,84.59948924728488,85.0291265426312,9279500
1999-08-25,86.4742660522461,86.72814262376353,85.08770939242011,85.7321653047336,6005300
1999-08-26,85.43925476074219,86.50358376290458,85.302551953125,86.41570338657924,4322300
1999-08-27,84.40422821044922,85.65408258469002,84.40422821044922,85.53690873710494,6247400
1999-08-30,82.84188079833984,84.67760375803903,82.4903593805251,84.57995891975715,4652000
1999-08-31,82.52945709228516,83.58402185399444,81.78735596367493,83.07626845020849,11453700
1999-09-01,83.54490661621094,83.57420006172855,82.68563221436118,83.07621148792926,6863900
1999-09-02,82.55873107910156,82.9102525834005,81.65063385966259,82.56849556533209,10896300
1999-09-03,84.97055053710938,85.30254303518588,84.16986274763076,84.28703657048129,9160800
1999-09-07,84.65809631347656,85.38066830046586,84.5018645325059,85.02914679328188,4560800
1999-09-08,84.2479476928711,85.02910622502567,83.75972361027448,84.26747665617495,6159600
1999-09-09,84.20893859863281,84.52140219269081,83.54495346125955,84.20893859863281,6177800
1999-09-10,84.9119644165039,85.21466346168694,84.32609529679482,85.14631206438754,2934500
1999-09-13,84.33584594726562,84.6580739102458,84.05267591919214,84.44325526825902,2320500
1999-09-14,83.7792739868164,84.09173747954112,83.3496366843199,83.7792739868164,3736000
1999-09-15,82.4512939453125,84.63853812387124,82.41223601355253,84.63853812387124,6984500
1999-09-16,82.7735366821289,82.99811982990394,81.43580228016457,82.80283013618651,15377600
1999-09-17,83.81940460205078,83.93690844027796,82.8206219771198,83.11438157268773,8542300
1999-09-20,83.701904296875,83.97607993097802,83.4081446889075,83.936911983249,2803900
1999-09-21,81.93936157226562,83.01648033098327,81.56726600107227,82.87939248896467,9335200
1999-09-22,81.8512191772461,82.62478614877408,81.3126598932709,82.25269064348214,13009100
1999-09-23,80.13761901855469,82.60519966282104,79.98094723161715,82.60519966282104,12204100
1999-09-24,80.05929565429688,80.45097518293825,79.15843273842171,80.05929565429688,13792900
1999-09-27,80.58802795410156,81.3126347668116,80.39218827499074,80.68594779365698,6970300
1999-09-28,80.4313735961914,80.72513317835426,78.68840007535843,80.17678195831692,11063400
1999-09-29,79.4717788696289,80.9209931713422,79.43261091552856,80.49014567623826,7580300
1999-09-30,80.68599700927734,81.11684456612299,79.56971015744996,79.86346985529927,7498900
1999-10-01,80.50971221923828,80.56846413766634,79.35425782348663,80.17678468147933,11127100
1999-10-04,81.93936157226562,82.01769748199055,80.68598701666693,80.96016270070415,6341600
1999-10-05,81.86096954345703,82.70307999569833,80.6467637751091,81.91972143547386,11976000
1999-10-06,83.11441040039062,83.23191427937327,81.9002036509033,81.93937161056418,10308200
1999-10-07,82.64437103271484,83.3493941031361,82.40936334257442,83.26126621933345,6535600
1999-10-08,83.89776611328125,83.89776611328125,82.24291988625691,82.56605554005456,9674300
1999-10-11,83.76067352294922,84.05443319160581,83.54524976593439,83.72150556712835,4282000
1999-10-12,82.46810150146484,83.54521990150772,82.21350987963652,83.4277160760485,8686100
1999-10-13,80.33345794677734,82.29185526386114,80.33345794677734,81.90017580044437,10469300
1999-10-14,80.31387329101562,80.96014440016059,79.43259450581795,80.51950500756175,10562200
1999-10-15,78.2575454711914,79.43258369147956,78.02253782713377,78.9625684033643,14238700
1999-10-18,78.82550048828125,78.92342036466421,77.35670234253688,78.29673315581327,9758800
1999-10-19,79.58928680419922,80.37264592628779,78.92343155042393,79.7067906725125,14392900
1999-10-20,80.37263488769531,81.13640992683277,79.66761177464535,80.05929128189533,9759400
1999-10-21,80.84263610839844,80.84263610839844,79.35425424206164,79.72634970864584,9105400
1999-10-22,81.52806091308594,82.23308377949743,81.19513344839162,81.31263725946019,8309600
1999-10-25,81.11682891845703,81.76310012905796,80.68598144472307,81.03849301414176,8114300
1999-10-26,80.09846496582031,81.90019082813217,80.09846496582031,81.58684719990401,6256300
1999-10-27,81.54767608642578,81.6651799424581,80.37263752610265,80.4509734301242,5433300
1999-10-28,84.32862854003906,84.51467637355749,82.8402458718916,82.9969177316966,10509700
1999-10-29,85.85612487792969,86.28697221992661,85.05318210420818,85.13151798457126,10988600
1999-11-01,84.955322265625,85.85618552616413,84.955322265625,85.54284178336792,4006500
1999-11-02,84.34819030761719,86.01282837962728,84.34819030761719,85.20988530959889,6516900
1999-11-03,84.91610717773438,85.46445842334704,84.68109950104322,85.2294507466559,7222300
1999-11-04,85.56236267089844,86.08133786219595,85.08255541856678,85.69945045727891,7907500
1999-11-05,86.40448760986328,87.17805453202774,85.71904856490742,86.87450295497587,7431500
1999-11-08,86.48283386230469,86.71784156301746,85.69947485992873,85.85614666040392,4649200
1999-11-09,85.67009735107422,86.91367974490053,85.40571369254423,86.79617589666498,4533700
1999-11-10,86.30654907226562,86.72760439449247,85.2783907272931,85.38610255390927,6405600
1999-11-11,86.79620361328125,86.79620361328125,86.14993224161196,86.60036380368449,4794100
1999-11-12,87.57951354980469,87.726393324318,85.93446007525559,87.26617003084296,11802900
1999-11-15,87.78516387939453,87.89287573691526,87.36410843635895,87.63828407368445,2187500
1999-11-16,88.51956176757812,89.61626430275166,87.7949547354099,88.08871434304567,7544800
1999-11-17,88.7545394897461,89.57706611343747,88.55869981743862,89.14621883436104,9459000
1999-11-18,89.38127899169922,89.61628673663796,88.75459167186258,89.26377511922985,4491000
1999-11-19,89.30291748046875,89.59667707744397,88.98957391036184,89.2441655610737,4832100
1999-11-22,89.28330993652344,89.6162373918691,88.67620692971664,89.26372596856193,4155400
1999-11-23,88.49999237060547,89.51835917814509,87.9712249897676,89.51835917814509,5918000
1999-11-24,88.969970703125,89.26373023659339,87.73618066255779,88.20619591610719,4459700
1999-11-26,88.63707733154297,89.53794024741812,88.51957347295055,89.28334855380123,1693900
1999-11-29,88.32372283935547,88.94061802104942,88.01037925500299,88.28455489131142,7348600
1999-11-30,87.28581237792969,89.18545873212739,87.10955653063299,88.20625958047908,7682000
1999-12-01,87.9908447265625,88.04959668164368,87.10956540034499,87.30540525061555,6980200
1999-12-02,88.51956176757812,88.59789766294767,87.97121049999136,88.12788229073044,6698300
1999-12-03,90.14507293701172,91.08510411254431,89.63588938359823,89.63588938359823,10045400
1999-12-06,89.47913360595703,90.06665253967967,89.14620621018088,89.94914875293514,3138900
1999-12-07,88.7545394897461,89.81207372020644,88.59786775190011,89.79248975297568,10714200
1999-12-08,88.18663787841797,89.02874878864935,88.04955005582215,88.57831737154885,4611400
1999-12-09,88.61746978759766,89.1266530394159,87.34451165805206,88.87206141350677,6474700
1999-12-10,88.91126251220703,89.49878186801456,88.28457519934565,89.16585423305696,5127300
1999-12-13,89.06788635253906,89.43998174407342,88.53911921720078,88.63703905707824,4210800
1999-12-14,88.20622253417969,89.29313313601072,88.12788663494862,88.75457382879715,5739000
1999-12-15,88.67622375488281,89.1168631176224,87.75577708604901,87.97120077449947,6879100
1999-12-16,89.06788635253906,89.40081380812244,88.46078334529881,89.10705428849005,5854900
1999-12-17,89.63993072509766,90.03257168315766,89.24728976703766,89.83625120412765,4775400
1999-12-20,88.99203491210938,89.95400484608099,88.63865820167081,89.56136405670482,4608700
1999-12-21,90.34664916992188,90.50370549181656,88.79571799121177,88.95277431310647,7981300
1999-12-22,90.58223724365234,90.58223724365234,89.8165876440636,90.22886050538061,5377500
1999-12-23,92.02519226074219,92.02519226074219,91.0926703125,91.10248633300782,5721700
1999-12-27,91.8976058959961,92.21171862710824,91.13195611391025,92.03503021585766,2691000
1999-12-28,91.83868408203125,92.03500448408775,91.39696317740413,91.64236367997475,4084500
1999-12-29,92.23135375976562,92.23135375976564,91.28901553488936,91.9172410181402,3001000
1999-12-30,92.1233901977539,92.70253564492147,91.83872548643427,92.42768695813008,3641300
1999-12-31,92.27059936523438,92.66324021359708,91.87795851687167,92.25096732281624,3172700
2000-01-03,91.36753845214844,93.13442252191496,90.38593619116705,93.13442252191496,8164300
2000-01-04,87.79447937011719,90.50370078180686,87.72576723286419,90.16995611514943,8089800
2000-01-05,87.95150756835938,88.9134771823883,86.22388866969517,87.91224350248065,12177900
2000-01-06,86.53800201416016,88.89384598913729,86.53800201416016,87.71592400164872,6227200
2000-01-07,91.56385040283203,91.56385040283203,87.99081850460831,88.14787485178299,8066500
2000-01-10,91.87799835205078,92.29027142157922,91.11234836578369,91.87799835205078,5741700
2000-01-11,90.77859497070312,91.77982947405647,90.15036939997162,91.60314103228824,7503700
2000-01-12,89.87549591064453,90.83746605036092,89.75770364863845,90.83746605036092,6907700
2000-01-13,91.09268951416016,91.5638585978541,90.0129270306949,90.75894474654362,5158300
2000-01-14,92.32951354980469,92.64362628992734,91.70128806955935,92.05466490219736,7437300
2000-01-18,91.60309600830078,92.11352903363635,91.21045521958109,91.30861541676101,6488500
2000-01-19,92.34917449951172,92.34917449951172,91.09272314577687,91.28904366979795,6157900
2000-01-20,90.93561553955078,92.32949047549813,90.34665429900966,92.32949047549813,5800100
2000-01-21,90.73927307128906,91.40676231499825,90.50368863233288,91.40676231499825,6244800
2000-01-24,88.16751098632812,91.62275078450087,87.57854965709414,91.50495851865406,7896900
2000-01-25,89.16876983642578,89.16876983642578,87.32335716257637,88.27551157408378,9942500
2000-01-26,88.46199798583984,88.92335106011132,88.01046093442523,88.57979026012192,5158100
2000-01-27,88.10865020751953,89.34546949519194,86.77367065892075,89.10988486896862,10922700
2000-01-28,85.36011505126953,87.99080856940894,85.14416259828795,87.59816774580604,11916200
2000-01-31,87.67668914794922,87.7454012867799,84.81041135672652,85.32084438804014,10768700
2000-02-01,88.54051208496094,89.01168110714254,87.0288448054616,87.79449446650672,8419900
2000-02-02,88.61903381347656,89.36505137770168,88.18712890787256,88.7564581016233,6205900
2000-02-03,89.95402526855469,89.99328935640652,87.95155678811109,88.50125401803678,7997500
2000-02-04,89.5810317993164,90.46447392751479,89.28655108991694,89.95404069788906,4925400
2000-02-07,89.44361114501953,89.69882777032359,88.85464970201018,89.56140343362141,5845800
2000-02-08,90.66080474853516,90.81786114480806,90.22889965878467,90.44485220365992,4936400
2000-02-09,88.75646209716797,90.75893038602246,88.74664607614417,90.75893038602246,8511500
2000-02-10,88.93318939208984,89.56141501251962,88.50128427804437,88.9724534933667,6690600
2000-02-11,87.12702178955078,89.16875461201884,86.71474881578318,89.10985847290918,9849800
2000-02-14,87.63742065429688,87.81410900239021,86.89140318456943,87.81410900239021,8528800
2000-02-15,88.62889099121094,88.71723521747307,86.56752571176091,87.48041604980305,11078300
2000-02-16,87.32334899902344,88.54053596798465,87.19574068776139,88.18715910602818,8845400
2000-02-17,86.87179565429688,88.22640670517744,86.83253156586555,88.22640670517744,7584200
2000-02-18,85.0067138671875,87.24476591819428,84.57480908541426,87.24476591819428,9409200
2000-02-22,84.790771484375,85.65458114987916,83.8876977431661,84.92819574934157,16415400
2000-02-23,85.79202270507812,86.36135191753746,84.49630794568793,85.20306145080986,12119000
2000-02-24,84.06439208984375,86.08649213310716,83.6128551869791,85.87053970130232,17375000
2000-02-25,83.7601318359375,85.89020901962417,83.63252352539405,84.92823867860439,10559900
2000-02-28,85.51718139648438,85.87055817911448,83.37728865722433,83.78956157029278,13397800
2000-02-29,86.3416976928711,86.34169769287111,85.28156770755618,85.47788807520709,8242500
2000-03-01,86.96994018554688,87.32331691767776,86.20429059926327,86.45950712802447,6868000
2000-03-02,87.02886199951172,87.40187088243316,86.28284423366885,87.12702223185947,7600200
2000-03-03,88.65831756591797,89.03132643078787,87.77487551754191,88.22641256448968,12770300
2000-03-06,87.79447937011719,88.79571337008946,87.16625411523263,88.46196870343203,11967100
2000-03-07,86.0963363647461,88.0497249107026,84.9478616919978,87.95156468226257,20062000
2000-03-08,85.98834228515625,86.59693557530234,84.83005182971694,85.73312574412725,11808500
2000-03-09,88.50125885009766,88.50125885009766,85.51718801043154,86.22394163035246,5500900
2000-03-10,88.03010559082031,89.20802850238347,87.6570966688253,88.06936968787241,7924600
2000-03-13,87.06813049316406,88.24605334087316,85.24235007921496,85.87057559799315,10540500
2000-03-14,85.831298828125,88.01045577458471,85.5368181596845,87.50002261595452,8263900
2000-03-15,87.8337173461914,88.22635801380962,85.4778733404822,85.98830620838586,10300800
2000-03-16,91.93688201904297,92.25099479126263,88.5012735728904,88.97244273121989,25601400
2000-03-17,92.54448699951172,93.21367299653072,91.59975382724957,91.83593712031511,10272900
2000-03-20,92.07209014892578,92.80032172983863,91.18640309105882,92.50509271054963,12502300
2000-03-21,93.9615707397461,94.31584561894915,91.00928007972055,91.65878402492618,13612600
2000-03-22,94.5323257446289,95.00469214435222,93.64663874514768,94.19773287815822,8260000
2000-03-23,96.14630126953125,96.65803183923602,93.941923430803,93.941923430803,11654500
2000-03-24,96.71700286865234,98.09473795225138,95.55576901247602,96.28400041380694,11462900
2000-03-27,95.6935806274414,96.85481494603849,95.61485287702804,96.59894975719507,8798600
2000-03-28,95.1424789428711,96.3529180109279,94.84724990188163,95.26057055926688,6334400
2000-03-29,95.24088287353516,96.0380012360849,94.2567861296466,95.45738415719065,6747500
2000-03-30,93.64665222167969,95.68373261363931,92.66255541396973,94.57170322092705,9491900
2000-03-31,94.70948791503906,95.92976810014555,93.48920772993257,94.23712139177204,9249100
2000-04-03,95.26060485839844,95.26060485839844,93.64668551988838,94.55205490490623,8508200
2000-04-04,94.55206298828125,96.36280191311927,89.05095940684399,95.57552411971143,19585500
2000-04-05,93.9615707397461,94.98503150188829,92.97747385307092,93.13492935493895,8387200
2000-04-06,94.7783432006836,95.53609757992278,93.84345143408979,94.63072871122141,6378500
2000-04-07,95.3786849975586,95.81168769461725,94.78822677429677,95.45741276066016,6023600
2000-04-10,95.00474548339844,96.43168645036475,94.6701524290753,95.57552187018496,9624200
2000-04-11,94.72920227050781,95.49679813349343,93.44987583219844,94.47333698284594,9006400
2000-04-12,92.1312026977539,95.20158672271644,92.05247490224205,94.70953800076731,10779200
2000-04-13,90.8518295288086,93.31207187956706,90.55660044671758,92.87906922583356,12225800
2000-04-14,85.65580749511719,89.94647064629723,84.08125221028048,89.82837899993449,29604000
2000-04-17,88.64746856689453,88.64746856689453,84.82917174141107,85.14408281980145,23918200
2000-04-18,90.98963165283203,90.98963165283203,88.03733990549809,88.52938853005374,11069200
2000-04-19,90.143310546875,91.40295506106715,89.7693535817242,91.00931615038209,6553700
2000-04-20,90.57627868652344,90.65500643853258,89.67090953841824,90.41882318250514,8537600
2000-04-24,89.59219360351562,90.26137958385823,88.49000493001016,89.11982702915614,12893100
2000-04-25,93.31205749511719,93.31205749511719,90.96990713824755,91.08799875287963,14102000
2000-04-26,92.25901794433594,93.685957421875,91.953948125,93.19390932617188,7711100
2000-04-27,91.9540023803711,92.80032560433428,90.0645365780347,90.0645365780347,15595300
2000-04-28,91.38325500488281,93.1251068394579,91.3635730632492,92.58385344453345,8743400
2000-05-01,92.62323760986328,93.51876615029013,91.85564171806884,92.30832647476812,7328300
2000-05-02,90.77307891845703,92.66254456810401,90.77307891845703,91.63908400787857,9411900
2000-05-03,88.64746856689453,90.69439057643207,88.03732835251316,90.69439057643207,12630700
2000-05-04,89.316650390625,89.66108436634909,88.64746438064675,89.43474203944469,5963600
2000-05-05,90.39912414550781,90.69435315969955,88.76552360031357,88.84425133743136,7862400
2000-05-08,89.7201156616211,90.30073284096031,89.33631786510873,89.9070940753066,5064100
2000-05-09,89.001708984375,90.32039861328988,88.34236416991754,90.10389733093072,5620300
2000-05-10,86.99420166015625,88.78525875315947,86.75801830723275,88.49002956200509,10293900
2000-05-11,88.9820556640625,89.11982925168657,87.62400172891091,88.25382384376383,7091100
2000-05-12,89.94648742675781,90.35980826613678,89.1985735269292,89.31666519532318,5960800
2000-05-15,91.50133514404297,91.70799550519858,89.43473153248682,89.90709807227108,4441300
2000-05-16,92.38705444335938,93.03655866079245,91.52104882011527,92.30832665942809,8192200
2000-05-17,91.4226303100586,92.0721344651139,90.98962754002171,91.75722335963255,5907200
2000-05-18,90.30075073242188,92.15085329755868,90.30075073242188,91.71785056954793,4325600
2000-05-19,88.88363647460938,90.21216735637114,88.43095187786092,89.78900566810628,6518400
2000-05-22,88.21448516845703,89.10017277054997,86.28565439056574,88.96239914355775,10839400
2000-05-23,86.91543579101562,88.68681016175644,86.63988866667816,88.45062691232432,7979200
2000-05-24,88.33256530761719,88.60811252559995,85.97073201062207,86.91546532942012,11081500
2000-05-25,86.81707763671875,89.31668517692806,86.73834984017672,88.60813500804984,8278900
2000-05-26,86.91543579101562,87.9782604134601,86.4922741357831,87.42716616478519,4814000
2000-05-30,89.7496566772461,90.02520386879904,87.84050827862923,88.17510129694352,5362700
2000-05-31,89.94648742675781,90.69440132658643,89.49380269791418,89.78903186889916,6056500
2000-06-01,91.52102661132812,91.59975437615508,90.06456296202958,90.49756566857779,8961600
2000-06-02,93.11521911621094,93.90249638626979,92.88887690106903,93.80408672751244,8962200
2000-06-05,92.66261291503906,93.35148110790787,92.50515732809762,92.87911434708356,6998100
2000-06-06,92.24923706054688,93.07587839968554,91.89496220091601,92.34764674377766,4858900
2000-06-07,92.88887023925781,93.2136220898665,91.95397854811155,92.34761715490997,4919500
2000-06-08,92.5248031616211,93.05621556012434,91.99339076311784,92.8987600346419,5723100
2000-06-09,92.32799530029297,93.19400079873955,91.71785506275107,92.89877165154185,3085300
2000-06-12,91.24541473388672,92.56410385967844,91.24541473388672,92.56410385967844,3678900
2000-06-13,92.95780944824219,93.0562191554709,91.08802501089664,91.2061166595711,6558700
2000-06-14,93.11521911621094,93.7647228640095,92.70189854943004,93.37108422898007,6420500
2000-06-15,93.31205749511719,93.68601427478545,92.48541619269261,93.29237555934517,5881200
2000-06-16,92.54536437988281,93.63041981388271,92.09161392566466,93.63041981388271,5567900
2000-06-19,93.72906494140625,94.16308713225258,92.32835696185673,92.46645493167146,5106900
2000-06-20,93.39361572265625,93.9854637310381,92.80176771427439,93.55144185822473,6480000
2000-06-21,93.354248046875,93.70935718991045,92.73280704656297,92.76239947514925,3115000
2000-06-22,91.93378448486328,93.23585096039997,91.5392188862158,93.15693784067048,7490500
2000-06-23,91.14463806152344,92.24942155317827,90.82898563533634,92.05213878681134,4863300
2000-06-26,92.3184814453125,92.32834558479806,91.4603013100692,91.77595377360696,5201300
2000-06-27,91.63787078857422,92.6242848982467,91.54909351870369,92.16067026670063,4159500
2000-06-28,91.89434051513672,92.79197737504198,91.73651425405448,91.93379708040729,5347700
2000-06-29,91.02625274658203,92.01266640876865,90.60209487184179,91.38136166496922,6345700
2000-06-30,91.71676635742188,91.91404914158497,90.83885796789612,90.86845038552057,7420200
2000-07-03,92.97940063476562,93.07804205279528,91.65760563316806,91.81543190201553,1436600
2000-07-05,91.30245971679688,92.58479763416761,91.14463351158201,92.4072431533009,2748200
2000-07-06,92.0126724243164,92.46642273858726,91.04598697217415,91.499737286445,5963200
2000-07-07,93.49229431152344,93.92631635728277,92.32832609789611,92.60452194519752,3034800
2000-07-10,93.33452606201172,94.00528782191627,93.13724319145156,93.35425434906773,2816100
2000-07-11,93.5317611694336,94.14333775586103,92.90045630602464,93.09773907583994,5431600
2000-07-12,94.14334106445312,94.7746459500488,93.86714517700503,94.24198245282746,5883000
2000-07-13,94.5576171875,94.9324543931254,94.18277998187462,94.68585096837185,5356000
2000-07-14,95.4848861694336,95.4848861694336,94.4886079149798,94.97195083050688,5341900
2000-07-17,95.32701873779297,95.9484593607732,95.12973600033892,95.31715460092026,4208300
2000-07-18,94.54780578613281,95.09033362319461,94.28147393884794,95.09033362319461,4262100
2000-07-19,93.78823852539062,94.63655452383233,93.59095573505536,94.36035861736293,8506800
2000-07-20,95.09031677246094,95.09031677246094,93.94607644615331,94.06444613508168,4538900
2000-07-21,93.23585510253906,94.53792163592196,93.23585510253906,94.53792163592196,5656900
2000-07-24,92.70318603515625,93.97566007202953,92.52563151838324,93.51204550045554,5628500
2000-07-25,92.99910736083984,93.33448810439825,92.66372661728145,93.2753032672997,4757100
2000-07-26,92.09162902832031,92.90048866631541,91.94366689941876,92.78211896319418,12062500
2000-07-27,91.77593231201172,92.56506328631966,91.34191027614237,92.1310412504503,7652600
2000-07-28,89.7044906616211,92.1113408619109,89.33951747551157,91.99297117992944,6229500
2000-07-31,90.27660369873047,90.98682173482187,89.68475533532096,90.23714714116983,5265500
2000-08-01,90.8289794921875,91.36164292535193,90.35550088493022,90.67115328976841,3946600
2000-08-02,91.28275299072266,91.79568827876216,90.6711763011371,90.82900254361078,7439800
2000-08-03,91.91405487060547,92.0521528281273,90.03986830423767,90.1976945414055,4607100
2000-08-04,92.40723419189453,92.62424520301983,91.795657705996,92.3677776444172,3686600
2000-08-07,93.51209259033203,93.70937548609223,92.40730837407494,92.62431955941116,4159800
2000-08-08,93.86712646484375,93.9460395598121,93.1174520626445,93.1174520626445,3658700
2000-08-09,93.07803344726562,94.20254550883709,93.03857688370172,94.15322480438219,5383800
2000-08-10,92.62422943115234,93.34431129999943,92.34803364584114,93.13716446101603,4193400
2000-08-11,93.05826568603516,93.43310288086973,91.89429755470675,92.56505885072652,5089400
2000-08-14,94.24200439453125,94.4195589349438,92.84129635349886,93.29504684566427,2966700
2000-08-15,94.16307067871094,94.57736451576372,93.78823339756794,94.28144034644029,5564600
2000-08-16,93.82775115966797,94.65633937428235,93.33454388906416,94.26177355779932,5191600
2000-08-17,94.8140640258789,94.97189018322536,93.65009611544885,93.86710708180021,5652200
2000-08-18,94.49844360351562,94.9324656826967,94.20251945861945,94.9324656826967,4626400
2000-08-21,95.01142883300781,95.14952684003254,94.32093879788421,94.71550453224056,2380600
2000-08-22,94.85355377197266,95.52431517551821,94.75491238909831,95.05083653772134,3075300
2000-08-23,95.22843170166016,95.50462769167947,94.24201745159118,94.57739829661463,5483200
2000-08-24,95.52434539794922,95.6427150948488,95.01141004471778,95.42570398386626,4529000
2000-08-25,95.4848861694336,95.72162555663054,95.28760334676947,95.42570132263435,2822200
2000-08-28,95.81038665771484,96.53046883891665,95.48487005525375,95.48487005525375,5518700
2000-08-29,95.83011627197266,95.87943697000249,95.26786031443251,95.6032410610354,3561900
2000-08-30,94.91275787353516,95.64270425501942,94.91275787353517,95.52433457153549,3964800
2000-08-31,96.17534637451172,96.648825002817,95.26784567025992,95.36648705115685,4863100
2000-09-01,96.27397918701172,96.96446879183661,95.95832679623464,96.74745777317736,3191200
2000-09-05,95.50460815429688,96.08659244278103,95.20868393981341,95.8794454926426,3470800
2000-09-06,94.41956329345703,95.92877695663076,94.3998350102783,95.4454340187516,4322200
2000-09-07,95.22843170166016,95.37639383917052,94.58726243911532,94.85359428663395,4265500
2000-09-08,94.57735443115234,95.01137649988102,94.27156615545712,94.8732785689219,3518200
2000-09-11,94.43931579589844,95.44545849604275,93.86719543699286,94.53795723708906,3937500
2000-09-12,93.74880981445312,94.8535937684955,93.70935324466589,94.53794121019767,4769100
2000-09-13,93.99539947509766,94.28145956375101,93.21613233704196,93.43314343877898,7691600
2000-09-14,94.46882629394531,94.65624486965639,93.53173341538994,94.61678832740142,3397100
2000-09-15,92.40206909179688,93.82607358122524,92.40206909179688,93.78651790096335,4085700
2000-09-18,91.55162811279297,93.01518838074429,91.26484941164034,92.63940939302707,5109300
2000-09-19,92.38227844238281,92.59983465365795,91.5812760281425,91.84827683288927,6588200
2000-09-20,91.69994354248047,92.42183461102366,90.60227356154492,92.20427839858598,6508100
2000-09-21,90.30564880371094,92.12521071565607,90.26609310997301,91.43298607524216,5972300
2000-09-22,91.94718933105469,91.96696717345758,90.13751675118988,90.26607272680869,7791300
2000-09-25,91.29450988769531,92.4416246133206,90.95828660604651,92.36251325293264,9726300
2000-09-26,90.12759399414062,91.7691542973036,90.12759399414062,91.37359759774627,5302400
2000-09-27,90.60228729248047,91.1165111452647,89.94961855625435,90.85939921887258,7186200
2000-09-28,91.76915740966797,92.60971542473497,90.43415350338508,90.62204294204712,7036400
2000-09-29,90.89898681640625,92.38232537411524,90.89898681640625,92.06587981513732,9333600
2000-10-02,91.03742218017578,91.70986892232784,90.59242065963397,91.31431201517957,5517800
2000-10-03,90.18692779541016,92.24382263986688,90.04848295011018,91.47248707319561,9347200
2000-10-04,90.93851470947266,91.29451585448581,89.7122885433162,90.42429083334252,6148900
2000-10-05,91.25493621826172,91.67027077842285,90.70115680471353,90.76049031330798,4566900
2000-10-06,89.27719116210938,91.54175438498521,88.44652168297588,91.057197188824,10014900
2000-10-09,88.60469818115234,89.43536722660065,88.20914149284363,89.43536722660065,4508000
2000-10-10,87.14116668701172,89.3958405413738,87.14116668701172,88.66406043074751,6104700
2000-10-11,86.40937805175781,87.73449325648836,85.51937530231191,87.10160241243794,10346000
2000-10-12,84.25365447998047,87.08188748247747,84.036098095173,86.88410895083432,12336900
2000-10-13,87.06205749511719,87.12139101908025,84.09538129696463,84.13493697960666,11778800
2000-10-16,87.45761108398438,87.48727784486769,86.5082747357186,86.96316506926263,5659000
2000-10-17,85.28207397460938,87.69497124383534,85.06451766344965,87.61585985795908,7831700
2000-10-18,84.96561431884766,86.15228490989301,82.37471686173195,83.93716647327501,10897300
2000-10-19,88.16960144042969,88.25860171106268,86.3500403519327,86.6071522448725,8767300
2000-10-20,88.54541015625,89.35630178376982,87.57629577214094,87.57629577214094,7373500
2000-10-23,88.94093322753906,89.25737862038777,87.93226353783382,88.56515432353123,5290000
2000-10-24,88.34759521484375,89.83093294511312,87.9718163231755,89.21782001660178,5750700
2000-10-25,86.27091979980469,88.32781472396326,86.15225278494938,87.81359099292362,9137600
2000-10-26,86.50833129882812,87.12144475796477,84.8272137495825,86.78522124811565,9345800
2000-10-27,88.14985656738281,88.14985656738281,86.4687397156378,87.25985352822369,9762900
2000-10-30,88.94093322753906,89.29693429449387,87.43781761150773,87.61581814498511,10154100
2000-10-31,90.47377014160156,90.93854959254215,88.64431911130359,89.24754350507752,7752400
2000-11-01,90.16717529296875,90.66162130795541,89.37606166899008,90.02873040877247,6753600
2000-11-02,90.31553649902344,91.07698359312447,90.19686941942327,90.60231527472382,11395100
2000-11-03,90.36495208740234,90.9780651350516,90.10784016419458,90.80006457283085,5187100
2000-11-06,90.99785614013672,91.32419055141955,90.52318790554352,90.60229927797573,4042500
2000-11-07,90.97799682617188,91.13621942934782,90.2264394610861,90.59232923093049,5231300
2000-11-08,88.96073913574219,91.1758575846535,88.96073913574219,91.1758575846535,6123300
2000-11-09,88.62451934814453,89.37607742340217,86.86429122451479,88.6047415040588,10635300
2000-11-10,86.46873474121094,88.26851856130476,86.40940120868036,87.97185089865192,8569500
2000-11-13,85.7962875366211,86.69617944139664,84.18439324564955,85.8358432247431,17285300
2000-11-14,88.05095672607422,88.36740221296037,86.70606340680803,87.00273105076381,7668900
2000-11-15,88.32780456542969,88.67391665228483,87.18069022042411,88.01135922887643,8837700
2000-11-16,86.94339752197266,88.52562495640346,86.90384183611188,87.70484447479248,6684100
2000-11-17,86.4786605834961,87.97188845635006,85.9149917838095,86.90388441483861,6551100
2000-11-20,85.24249267578125,86.31049606429451,85.00515858944496,85.91493925373405,5458500
2000-11-21,85.67759704589844,86.19182085088306,84.50081564602979,85.36115162744638,7684300
2000-11-22,83.6305923461914,85.36115326147856,83.62070342667548,85.02492999793705,5736900
2000-11-24,85.34139251708984,85.42050388906398,84.5700566403421,84.5700566403421,3411600
2000-11-27,86.0929183959961,86.50825294373693,85.63802817704183,86.36980809448998,5992000
2000-11-28,84.6096420288086,86.44898207291313,84.57997525390368,85.51942312589256,5336100
2000-11-29,84.4513931274414,86.0138427895182,84.34261498641075,85.04472844215411,6914100
2000-11-30,83.7196044921875,84.49094032379519,82.11759930346386,83.85804938504016,11201600
2000-12-01,83.68008422851562,84.84697739076626,82.90874807041776,84.29319758495241,7587200
2000-12-04,84.39205932617188,84.72828267010084,83.22516654430073,83.46250066942707,6996600
2000-12-05,87.1609878540039,87.4972113152061,85.06453568415495,85.36120344403923,8883400
2000-12-06,85.76660919189453,87.55650383777633,85.46005265033466,87.20050269273906,12888000
2000-12-07,84.58985900878906,85.99408626846267,84.58985900878906,85.36119510917315,6529100
2000-12-08,84.78759765625,88.26849739674452,84.72826413794613,86.74560376027817,10276300
2000-12-11,87.73448181152344,88.32781690042013,86.52803379743351,86.94336835966119,6405600
2000-12-12,87.35871887207031,87.85316486976144,86.94338423400976,87.45760807160853,5022900
2000-12-13,86.16217041015625,88.22895494082566,86.09294796176061,88.13006572883191,6070500
2000-12-14,85.06448364257812,86.3895988260361,84.82714957986924,85.99404205485462,7678400
2000-12-15,83.1431655883789,84.51202228740017,82.88526505088214,84.51202228740017,9065300
2000-12-18,84.25411224365234,84.73023625915685,83.6490379739487,83.8375037300859,7235400
2000-12-19,82.53813171386719,85.68253596255074,82.53813171386719,84.09545495375147,9616600
2000-12-20,80.14755249023438,81.85366375611561,80.04835997477618,81.65527872519918,9994300
2000-12-21,80.70306396484375,81.80410134194524,79.69129988858833,79.98887755807523,14331500
2000-12-22,83.12333679199219,83.23244857059743,81.79415694352835,81.8933494695331,10182900
2000-12-26,84.01607513427734,84.01607513427734,82.70673370361328,83.06382682106712,4665300
2000-12-27,84.63105773925781,84.89887754223015,83.32171648028195,83.63913254306398,4854100
2000-12-28,84.88894653320312,84.9881390390844,84.17476049085788,84.31362999909167,8358700
2000-12-29,83.28206634521484,85.24607886741023,83.28206634521484,85.10720929513379,8774600
2001-01-02,81.77432250976562,83.89704267195508,80.98078226221816,83.79785014101164,8737500
2001-01-03,85.70235443115234,86.33718668619792,81.04030505816142,81.45691372553507,19431600
2001-01-04,84.77986145019531,85.99992965639328,84.43268757038288,85.66267503028978,9219000
2001-01-05,82.01239013671875,84.82945820624319,82.01239013671875,84.73026566858388,12911400
2001-01-08,82.6472396850586,82.64723968505858,81.06015875015588,82.44885456819574,6625300
2001-01-09,82.42904663085938,83.48048814023015,82.1612266237555,83.19282961408155,5702400
2001-01-10,83.8772201538086,83.8772201538086,81.77433809697233,81.89336915679324,8746100
2001-01-11,83.95659637451172,84.74021772536076,83.22257131169107,83.22257131169107,7245100
2001-01-12,83.79784393310547,84.88896169265111,83.3415583245682,84.23429103692372,7244000
2001-01-16,84.33349609375,84.55171967809045,83.49035951788917,83.79785638673253,8542200
2001-01-17,84.72034454345703,85.73210840523348,84.20454335902198,85.60315810912472,7851400
2001-01-18,85.56349182128906,86.14872785391786,84.39301975603145,84.71043590932166,8107000
2001-01-19,85.07743835449219,86.45621460857572,84.98816507185369,86.45621460857572,7782500
2001-01-22,85.6428451538086,86.19832341748862,84.78978924887143,85.22623645604858,7050900
2001-01-23,86.31732177734375,86.75376881919655,85.16668866700452,85.36507368602852,8463100
2001-01-24,86.57524871826172,87.17040395692987,86.23799408301643,86.4958946864393,6199900
2001-01-25,86.35704040527344,87.13074235239166,86.1189782676986,86.49590998552543,10818300
2001-01-26,86.25784301757812,86.41655110040716,85.35519079648802,85.80155727944467,7136800
2001-01-29,86.71808624267578,86.90852816170981,85.937235627552,86.01976691698079,6705900
2001-01-30,87.47988891601562,87.55606568879902,86.20386985126322,86.52764050913615,7069100
2001-01-31,86.98470306396484,88.05121641599982,86.7180747259561,87.22593269162813,9706900
2001-02-01,87.56239318847656,87.57509254368347,86.49587983357266,87.03549103201296,8239100
2001-02-02,85.57535552978516,87.60047115948886,85.54361199243445,87.22591291757863,8276600
2001-02-05,86.203857421875,86.29908806089504,85.54363621714609,85.57537976348611,4352900
2001-02-06,85.9499282836914,86.78155688787584,85.84200797572865,85.89279571243529,7106700
2001-02-07,85.5055160522461,85.95624130771225,84.86432958953782,85.52456023561696,5748700
2001-02-08,84.50888061523438,85.95629762026701,84.49619094251823,85.57540401654809,5943300
2001-02-09,83.6962661743164,84.65486889564586,83.32806237439266,84.65486889564586,9913000
2001-02-12,84.6548843383789,84.7501053010873,83.6074053147296,83.6074053147296,5804400
2001-02-13,83.96289825439453,85.17543000857452,83.79784537952058,84.87705811750888,6587600
2001-02-14,83.8359603881836,84.21050915788673,82.94719895384169,84.21050915788673,8400100
2001-02-15,84.64850616455078,84.7627809746425,83.79148867932193,84.33109012851742,5929800
2001-02-16,82.78211975097656,83.34712005389574,82.08381010300666,83.163022967521,6434900
2001-02-20,81.50611114501953,83.25189981013635,81.32201405705929,83.18841271124178,5760000
2001-02-21,79.74762725830078,81.79178299050388,79.67144564633487,81.19504398195386,10910800
2001-02-22,79.86821746826172,80.3316469889322,78.09703549399765,80.21102735135,21281600
2001-02-23,79.32865142822266,79.69685536084565,77.3225836815004,79.40483305533358,20173000
2001-02-26,81.01729583740234,81.01729583740234,79.03661741636137,79.86190130264157,11503700
2001-02-27,80.26818084716797,81.15694200738714,79.67778673737376,80.49672081504863,11415000
2001-02-28,78.68744659423828,80.52211120278443,78.25576051908712,80.46497863153957,14825800
2001-03-01,79.10006713867188,79.10006713867188,77.29079688659469,78.75091244069704,14672000
2001-03-02,78.47162628173828,79.76668484226919,77.63999746254589,77.76696199375256,12564300
2001-03-05,79.18898010253906,79.21437397585977,78.59858586714434,78.81443136867732,5293200
2001-03-06,80.0396728515625,81.09984183287487,79.66511920437976,80.21107547424816,6917000
2001-03-07,80.61099243164062,80.64908081259713,79.83649639629049,80.56020469477517,6371700
2001-03-08,80.69986724853516,80.77604400922016,80.07772959042543,80.3697518076165,6055000
2001-03-09,78.31290435791016,80.05234331368669,78.15419630025282,80.05234331368669,10020300
2001-03-12,74.96099090576172,77.76694820088309,74.75149510737945,77.66537271922422,13972900
2001-03-13,76.19256591796875,76.45919914885533,74.6118349424874,75.79897301548256,12888000
2001-03-14,74.68802642822266,75.72915108753163,73.48184400291012,74.30712798954144,19883400
2001-03-15,74.70704650878906,75.45614862852517,74.50390041750731,75.19586512602223,10370300
2001-03-16,73.20865631103516,74.7299904615476,73.08134506755307,74.55812149695363,58514600
2001-03-19,74.6981430053711,74.91456963767533,73.08769381000099,73.6860443656599,10067800
2001-03-20,72.69304656982422,75.4047150632735,72.6357601586489,75.04825333215547,15083900
2001-03-21,71.45814514160156,73.36776950776411,71.22898982914799,72.68030357040338,19004600
2001-03-22,70.73246765136719,71.67454601111181,68.77191937476154,71.30535090907091,28624800
2001-03-23,72.87126922607422,72.98584688430806,70.97437351896416,72.0883210854053,12861700
2001-03-26,73.80062103271484,74.01067603104919,73.05586380733013,73.64784758029299,9943800
2001-03-27,75.30924987792969,75.52567658962059,73.38052922955947,73.59695594125037,12880700
2001-03-28,73.22772216796875,74.4435136988491,73.13860676178592,74.41168954316974,10953300
2001-03-29,73.5078125,74.15708267500517,71.38176142414754,73.01130606449473,12060300
2001-03-30,74.27799987792969,74.27799987792969,72.88397298897559,73.55234324279793,9183600
2001-04-02,72.69304656982422,74.71724899060858,72.43843382269812,74.02978777437052,10561000
2001-04-03,70.26781463623047,72.66121199651027,70.05775477915667,72.55300110883934,12836000
2001-04-04,70.56062316894531,71.35630003114908,69.57398677366832,70.38239232883984,14884300
2001-04-05,73.23408508300781,73.51415997778598,71.61090267969793,72.1201377079903,21522800
2001-04-06,72.12017059326172,72.82036543411887,71.33085545385505,72.55938102759876,14937800
2001-04-09,72.92221069335938,73.19592380020715,71.78916732059376,72.56574891939107,9034300
2001-04-10,74.25257110595703,74.9527658238971,73.31048749635342,73.48871834930982,17873600
2001-04-11,74.3034896850586,75.74206994461274,73.92792768354587,75.60839681552635,12722300
2001-04-12,75.65292358398438,75.71021481954767,73.81331983312322,74.02974637486085,9233200
2001-04-16,74.8572769165039,75.67841600671763,74.41806659861365,75.29649209082024,7350000
2001-04-17,75.91397094726562,76.16858862016946,74.48811392157543,74.67271161302001,10924700
2001-04-18,78.93115234375,80.20423544606855,76.82420136346933,77.05971862928521,32481600
2001-04-19,79.9814453125,80.10238490248834,78.66380452158941,79.09028618699503,13809900
2001-04-20,79.24942779541016,79.82231619654189,78.71473519197183,79.50404540218281,7626700
2001-04-23,77.8108139038086,78.86110811122707,77.60075894746501,78.70833954577033,8451800
2001-04-24,77.39070892333984,78.70834950107361,77.08516689735522,77.98905457057002,10044700
2001-04-25,78.40281677246094,78.72108752807515,76.98969384050565,77.28886912781122,8249000
2001-04-26,78.75291442871094,79.70772666988071,78.61287452297785,78.75928120345141,10590400
2001-04-27,80.06420135498047,80.1023922967731,79.05846446540735,79.51677519262685,7938700
2001-04-30,80.62435150146484,81.01263736194298,79.3576303761543,80.49067350819979,10766900
2001-05-01,80.87261962890625,80.93627282345022,79.31308965222789,79.61226500865477,10578000
2001-05-02,80.7261962890625,81.27998916606619,80.20423243099088,81.10175831547001,9572900
2001-05-03,79.70137023925781,80.29972087543808,79.07119543809726,80.28698732430452,9926200
2001-05-04,81.05719757080078,81.0635643460158,78.5746894438692,78.70836258482503,12145300
2001-05-07,80.35698699951172,81.08264382526902,80.35062508197788,80.75164442576198,7185200
2001-05-08,80.31883239746094,80.90444959954347,79.92417479270387,80.75168095039756,6952600
2001-05-09,79.9814453125,80.5543336686408,79.60588327930849,79.72682772572335,9507400
2001-05-10,80.21694946289062,81.15903292306014,80.05781410421795,81.00626433853358,6872400
2001-05-11,79.6632080078125,80.51617169693411,79.18580165321885,80.20426757173291,7734400
2001-05-14,79.82229614257812,79.84775838250113,79.2239456454516,79.50402542817902,7914000
2001-05-15,80.19148254394531,80.52248191379948,79.47218770016053,79.9177695653173,9782200
2001-05-16,82.08203887939453,82.24117428230645,79.32581739184477,79.46585246700849,14909000
2001-05-17,82.20933532714844,82.80132400514466,81.83377815273374,82.11385798207793,11824600
2001-05-18,82.58491516113281,82.58491516113281,81.54098726901042,82.17115727097267,6683100
2001-05-21,83.80067443847656,83.92161886288208,82.20932088124873,82.64853601709983,11531500
2001-05-22,83.69251251220703,84.08080339578827,83.43153775794974,83.91530602566692,8342700
2001-05-23,82.27301025390625,83.41878719421057,82.27301025390625,83.41878719421057,12330800
2001-05-24,82.51486206054688,82.75037926264373,81.82739620574591,82.41301310883178,7902800
2001-05-25,81.54097747802734,82.55943814327877,81.4136662525509,82.52760912280299,7425000
2001-05-29,80.8917236328125,81.7001343437045,80.77714592797851,81.6173808112851,9003900
2001-05-30,79.7586898803711,80.89809543439682,79.56772539684724,80.57982453280944,10041800
2001-05-31,80.17241668701172,80.68801871181148,79.73320626286845,79.84141717487279,9874200
2001-06-01,80.66889953613281,80.90441676288766,79.64406742022285,80.33152849057375,8848300
2001-06-04,81.05719757080078,81.11448883488274,80.25515872506593,80.7134694120153,5623500
2001-06-05,81.98657989501953,82.26028818719283,81.01266693155739,81.15270689452953,9115400
2001-06-06,81.30541229248047,82.00560666427259,81.06989029240553,82.00560666427259,12064900
2001-06-07,81.5982437133789,81.70009266857961,80.84075789245642,80.87258690506302,7355300
2001-06-08,80.8407974243164,81.39459046207261,80.29337116348005,81.28637468014702,8170600
2001-06-11,80.26789093017578,80.8344125384285,79.82868054965932,80.6561816760245,7012200
2001-06-12,80.1278305053711,80.67525650349882,78.95659664844472,79.47856040754026,9364400
2001-06-13,79.44038391113281,80.57342704359209,79.34490171151994,80.31244268841198,7629400
2001-06-14,77.65803527832031,79.12208214826829,77.49889996012703,79.0456954472227,12603000
2001-06-15,77.7831802368164,78.13427573982344,76.85757190378135,77.1831327456389,16821100
2001-06-18,77.40653228759766,78.15978752520971,77.18311015572908,77.65548907314223,11368300
2001-06-19,77.74488067626953,78.44706681200935,77.170362976032,78.12150597016831,7732300
2001-06-20,78.1534194946289,78.4279109930317,77.3044103402391,77.36186454095693,8787200
2001-06-21,79.04071044921875,79.35350143101813,77.97466423659023,78.01934866256157,12259100
2001-06-22,78.42151641845703,78.89389537933631,77.98105699516917,78.83006117439116,12212000
2001-06-25,77.70016479492188,78.79813042880134,77.55972665055543,78.69599182553969,8406800
2001-06-26,77.5916748046875,78.12788805890672,76.96608780452664,77.17674509878638,8005800
2001-06-27,77.54698181152344,78.03212569174954,77.1831214662349,77.62358091353917,10105100
2001-06-28,77.97473907470703,79.1173903443606,77.83430078108319,77.87898524994152,10269300
2001-06-29,78.26194763183594,79.16202621371286,78.0449103078377,78.38962094322213,9824200
2001-07-02,79.2386245727539,79.3599129998515,78.27471664975748,78.38962019378711,8522200
2001-07-03,79.21949768066406,79.21949768066406,78.54923087204712,79.14289854267368,3303100
2001-07-05,77.67465209960938,78.93220600386765,77.66188720571188,78.56196076774569,5517900
2001-07-06,75.99578094482422,77.55335596781295,75.99578094482422,77.43845245322679,11665900
2001-07-09,76.41073608398438,76.9469543219972,76.09156006881278,76.27668274204105,8339300
2001-07-10,75.49150085449219,77.01077669961792,75.4595813097914,76.78735449742865,8630700
2001-07-11,75.56809997558594,75.89366082465341,74.74462539867339,75.38936221381988,15328600
2001-07-12,77.36186218261719,77.54059992120035,76.16175758886484,76.28304599871976,12002800
2001-07-13,78.0321273803711,78.08319669631202,76.9980005188766,77.1384338323571,10433800
2001-07-16,77.05548095703125,78.05769355337476,76.78737424545298,77.73213262060688,6915300
2001-07-17,77.77680206298828,77.84702116964678,76.4937181036591,76.72990521674764,7469800
2001-07-18,77.24695587158203,77.64911576890366,76.64051871439655,76.95969462757694,7709300
2001-07-19,77.92362213134766,78.50452474199426,77.0873826375814,77.99384123527722,10082900
2001-07-20,77.45760345458984,77.8406184227709,77.1894968730532,77.33631992688763,6705800
2001-07-23,75.93196105957031,77.80233243229043,75.93196105957031,77.75126797864363,8065200
2001-07-24,75.19784545898438,76.09153410027497,74.5275741077786,75.96386568587283,12269000
2001-07-25,76.02770233154297,76.27027914502025,74.98080571510685,75.27444697384011,12088500
2001-07-26,76.82567596435547,77.14485202143234,75.68302509559145,76.00220115266832,12898200
2001-07-27,77.11930847167969,77.464019158056,76.54479553129208,77.13207823982673,8478800
2001-07-30,77.14483642578125,77.4640124183333,76.79374575611749,77.361878633241,8547700
2001-07-31,77.46402740478516,78.31303687808322,77.1129366671982,77.24060514082254,11918100
2001-08-01,77.94916534423828,78.3257906973204,77.59168977246686,77.85979645129542,11940800
2001-08-02,78.2682876586914,78.67683228050883,77.80867374158778,78.6640673918053,11070100
2001-08-03,77.84064483642578,78.10875150893901,77.17675816860304,78.10875150893901,10816300
2001-08-06,76.79375457763672,77.5661599839124,76.66608124380622,77.46402131684799,8550100
2001-08-07,77.09371948242188,77.36821086129102,76.54474159491971,76.77454368700361,8865100
2001-08-08,75.66386413574219,77.34273306494885,75.60002990780325,76.67884637985716,15183800
2001-08-09,75.88726806640625,75.94472226686226,75.2361513060802,75.77236453573244,14118500
2001-08-10,76.14899444580078,76.50008504888004,74.90420538877919,75.83620339608771,11173300
2001-08-13,76.16815948486328,76.50648526135939,75.84259860530095,76.34689726337147,7431600
2001-08-14,76.13622283935547,76.82564400469825,75.8362015615145,76.69159070092127,13178100
2001-08-15,75.4787368774414,76.35328084478633,75.37660309299537,76.11070884526777,8520600
2001-08-16,75.74046325683594,75.80429748066658,74.68718151779359,75.19786504891688,10734700
2001-08-17,74.5275650024414,75.24252069836265,74.05518608258058,75.10208253753551,11604600
2001-08-20,75.2170181274414,75.26170257310625,74.3999283380046,74.55951633969894,10417400
2001-08-21,73.93390655517578,75.67022426033303,73.92114166186043,75.19784528385983,14480800
2001-08-22,74.69994354248047,74.96167018143431,73.90838848288742,74.52759065774028,11752300
2001-08-23,74.43183135986328,75.01911394527016,74.36161226049522,74.66163843593355,8744100
2001-08-24,75.97664642333984,76.04686552697581,74.52120476659219,74.82123096026609,11687700
2001-08-27,75.52340698242188,76.0915397480847,75.49149231157143,75.94472154764861,7425100
2001-08-28,74.4190673828125,75.63831700733641,74.4190673828125,75.50426368968122,12046600
2001-08-29,73.75518798828125,74.8020848406763,73.51899600356515,74.77016529373877,16180000
2001-08-30,72.33799743652344,73.88280701835362,71.52090823192684,73.31467452858769,17692600
2001-08-31,72.8678970336914,73.26367223961961,72.21677513000262,72.38913293343093,15985400
2001-09-04,72.40189361572266,74.15736188108674,72.36997893304185,72.67638521202555,24473400
2001-09-05,72.58059692382812,72.89339280900298,71.46348128595771,72.58059692382812,21477100
2001-09-06,70.7102279663086,72.3252621392467,70.7102279663086,71.9103324880213,21653000
2001-09-07,69.40161895751953,71.01664847621231,69.34416475431814,70.23147350071646,33133900
2001-09-10,70.2506103515625,70.44211294982942,68.75047987883342,68.75047987883342,23408700
2001-09-17,66.58010864257812,67.92064672949311,63.835193379177966,64.47354531296975,32388700
2001-09-18,66.4205322265625,67.21847228276705,65.98006775706091,66.59927001991397,22029200
2001-09-19,65.07997131347656,66.70777053295008,62.91595885996931,66.45242881045094,42771800
2001-09-20,63.01171112060547,64.99060090013505,62.91595736815894,64.09052731570925,36210900
2001-09-21,62.33186721801758,63.42754399858683,60.10207040130136,60.40962622294625,49782100
2001-09-24,64.52322387695312,64.81797181223865,63.4723991402777,63.89529452598243,25549600
2001-09-25,65.19600677490234,65.35619352373503,64.0106258112428,64.5552597795716,25466200
2001-09-26,64.96536254882812,65.61251863276438,64.35024578243355,65.58047931522272,18587500
2001-09-27,65.52916717529297,65.54198484770268,64.0746742214112,64.87560764917883,20536800
2001-09-28,66.91964721679688,70.23871830930992,65.6765959343013,65.98415677840312,21687200
2001-10-01,66.81066131591797,66.84270060874724,65.887989322254,66.57358814761648,20457400
2001-10-02,67.65008544921875,67.65008544921875,66.41344325090657,66.63770377629731,19833100
2001-10-03,68.7842025756836,69.1237977682146,66.86196120949676,67.02214799001231,32045800
2001-10-04,68.84188079833984,69.82222323311784,68.39976366559166,69.38651494115949,32674100
2001-10-05,68.70730590820312,68.95719685784148,67.61162418931268,68.72011869780762,29796100
2001-10-08,68.25878143310547,68.75215939179068,67.83589092845867,68.09218583381457,12970300
2001-10-09,67.89359283447266,68.39978385902066,67.66292338307066,68.31007961553262,15976300
2001-10-10,69.4057388305664,69.5531128424429,67.61164465513615,67.79105798348985,19987400
2001-10-11,70.4822006225586,70.67442676148018,69.80941402484683,69.80941402484683,23006300
2001-10-12,70.16179656982422,70.41168750899197,68.75215512382603,69.93753609730337,31360500
2001-10-15,70.03369140625,70.12979960355932,69.23916112605245,69.60438694137171,16873000
2001-10-16,70.47579193115234,70.87305700446362,69.80941417358848,70.35405327218882,15877100
2001-10-17,68.9764175415039,71.21903210697818,68.9764175415039,71.16777117223879,28542300
2001-10-18,68.82906341552734,69.30321986576969,68.39976396249536,69.08536327458827,16510000
2001-10-19,68.7842025756836,69.14302428822704,67.92560377860619,68.55994206066431,21912500
2001-10-22,70.1426010131836,70.20667475936052,68.69451088472037,68.75218067823904,17540600
2001-10-23,69.7837905883789,70.66161125820021,69.44419041400587,70.45657231833167,22062500
2001-10-24,69.59793853759766,70.12975481427809,69.34163876859455,69.8286078408493,16065200
2001-10-25,70.84745025634766,70.86667189901613,68.39338617968772,68.8483163140647,27467900
2001-10-26,70.68719482421875,71.62909350956252,70.27070837912318,70.4501167213771,18623300
2001-10-29,68.84825134277344,70.83457061164958,68.84825134277344,70.58467971574775,18727500
2001-10-30,68.02174377441406,69.00849043144186,67.63729143804898,68.7842298275719,26178600
2001-10-31,67.79106903076172,69.11100695769649,67.79106903076172,68.49589011149833,28124200
2001-11-01,69.5274658203125,69.84783935478642,67.72696323238081,68.3036365721363,29806800
2001-11-02,70.00162506103516,70.08492042938965,69.11739576749719,69.48262144184035,17575900
2001-11-05,70.91790008544922,71.18060389465893,70.45015247986271,70.55908321881617,15929500
2001-11-06,72.0199966430664,72.07125759970145,70.38608909204984,70.70646273824808,23245800
2001-11-07,71.92388916015625,72.48134110772149,71.53303289034287,71.61632828496164,19716000
2001-11-08,72.14811706542969,73.09642485317637,71.69959608450952,72.32112150700749,22563500
2001-11-09,72.2249984741211,72.37877637650602,71.40484314338629,71.92384661925504,15895800
2001-11-12,71.78291320800781,72.18017826050774,70.48219708041326,71.12294432659884,26068800
2001-11-13,73.39759826660156,73.39759826660156,72.51977278830512,72.68636843941898,15296200
2001-11-14,73.46805572509766,73.94220715153651,72.8593431224486,73.7948331858601,17571300
2001-11-15,73.60265350341797,73.80128362744102,73.00034940023251,73.28227981253457,19470200
2001-11-16,73.27581787109375,73.74996922122645,72.66070141695945,73.73715643382224,18134900
2001-11-19,74.17927551269531,74.2305364441923,73.33348969704112,73.63464155894651,13625400
2001-11-20,73.55780792236328,74.19855536109985,73.45528598567823,73.92303376690252,16209700
2001-11-21,73.07081604003906,73.47448504250016,72.73122078405397,73.36555918463958,11470200
2001-11-23,74.12164306640625,74.16649517896529,73.04518747647553,73.0708179534398,6717100
2001-11-26,74.28180694580078,74.54451069867318,73.73076408249325,74.16647227932916,13726000
2001-11-27,73.96146392822266,74.90336327823594,73.10285997060322,74.08320748431024,19261400
2001-11-28,72.62226104736328,73.79482920499589,72.56459616510834,73.51930780547312,20195500
2001-11-29,73.60265350341797,73.63468793939757,72.4044541396488,72.82734975810189,16354700
2001-11-30,73.07720184326172,73.62824468856063,73.05797532571803,73.30146232948523,13680300
2001-12-03,72.6415023803711,73.096432246608,72.41083302727736,72.82091079088565,15220400
2001-12-04,73.8717269897461,73.87813582894346,72.62867616510427,72.99390178316237,17239900
2001-12-05,75.22372436523438,75.60817171830274,74.04474694217629,74.0767862584792,25204000
2001-12-06,75.1852798461914,75.56973210637678,74.92257601614587,75.1852798461914,17972900
2001-12-07,74.68548583984375,75.02508104536366,74.13444290271276,74.9033424117041,18857800
2001-12-10,73.28866577148438,74.5765690613908,73.26944413691334,74.23056497357206,13862700
2001-12-11,73.14129638671875,74.14726932996187,72.98110958117995,73.62185680333515,20833300
2001-12-12,73.2245864868164,73.54496007479759,72.47491346418356,73.39759096189353,16171500
2001-12-13,71.8021240234375,72.85294895775294,71.78931123139049,72.69276217034495,19026700
2001-12-14,72.48774719238281,72.71841663343133,71.76370443429485,71.97515223667506,16721900
2001-12-17,73.23736572265625,73.27580896870943,72.34031916950227,72.39798403858202,13925900
2001-12-18,73.67308807373047,73.78201388437078,73.2630055193285,73.44882272551507,13663700
2001-12-19,74.1921157836914,74.27541115635648,73.04517775685261,73.1028426559639,20143400
2001-12-20,73.46166229248047,74.19852249837312,73.39758855468824,74.00629639648362,14867900
2001-12-21,73.9072494506836,73.98440537205694,73.42503597909062,73.95868673159916,14037700
2001-12-24,73.76577758789062,73.96509084763902,73.68862169444253,73.83007171310037,5728800
2001-12-26,74.1708755493164,74.7173832704293,73.71438063378307,73.71438063378307,10304800
2001-12-27,74.62090301513672,74.63376478410619,74.10011419440796,74.13226371150405,9407300
2001-12-28,74.58233642578125,75.0645498078445,74.53089915441575,74.76879285548509,10593800
2001-12-31,73.48928833007812,74.8330533290563,73.44428196421106,74.6787464897015,14619500
2002-01-02,74.2801513671875,74.42160141607059,73.17427451809617,74.010113040408,18651900
2002-01-03,75.12238311767578,75.19310811128251,74.28654986510035,74.3572748587071,15743000
2002-01-04,75.62389373779297,75.85535647599256,74.93593640629045,75.33456286238021,20140700
2002-01-07,75.09024047851562,75.86177964034991,74.94235960474543,75.6753232800859,13106500
2002-01-08,74.91666412353516,75.2638583252213,74.56304394233234,75.09026367704217,12683700
2002-01-09,74.30585479736328,75.72677607024346,74.15797389325024,75.019530875892,16610300
2002-01-10,74.63373565673828,74.80733022745643,74.13223477985728,74.38298521829778,12823400
2002-01-11,73.90079498291016,74.76234703216113,73.74648319964626,74.71734065504096,13708400
2002-01-14,73.4378662109375,73.83649270350313,73.27069757242421,73.71433534545575,12301100
2002-01-15,74.03581237792969,74.19011925224746,73.23212358725596,73.65004273947171,20219900
2002-01-16,72.53773498535156,73.55359878970746,72.45415311739585,73.48930466779329,17067000
2002-01-17,73.084228515625,73.4507103368744,72.91063392885472,73.14209664809918,17283400
2002-01-18,72.74993896484375,73.20000290274436,72.44132018933404,72.65349529091391,17028000
2002-01-22,72.2484359741211,73.25143838559228,72.02339910536327,73.13570696078185,11689300
2002-01-23,72.80135345458984,73.00709760541197,72.0233783256747,72.4155788796368,12438900
2002-01-24,73.02638244628906,73.45715847846849,72.85921379748537,73.06495794011788,12142800
2002-01-25,73.00707244873047,73.41212972646407,72.67916613514092,72.73060338145413,12810700
2002-01-28,73.20638275146484,73.41855770512171,72.6020073945,73.23210137360437,10589200
2002-01-29,70.90463256835938,73.37999283511654,70.7567565914464,73.19996734739989,27720800
2002-01-30,71.92694091796875,72.9042244261225,69.69589982867711,70.97537113698195,34711800
2002-01-31,72.7691879272461,72.84634380632603,71.76618602583895,72.10694924078746,19909200
2002-02-01,72.42839050292969,72.84630939956675,72.11977203770297,72.71128544861975,15838500
2002-02-04,70.6281509399414,72.15837712506675,70.3645436382974,72.15837712506675,24243400
2002-02-05,70.19096374511719,71.03965892032082,69.77947547261405,70.33884464242011,33614000
2002-02-06,69.88875579833984,70.5574252744756,69.4772676446141,70.49956205222935,29486000
2002-02-07,69.45159912109375,70.63463209543623,69.43874225309547,69.90166798630212,23445400
2002-02-08,70.78246307373047,71.20681302736658,69.63158526564108,69.84375533713299,19277800
2002-02-11,71.65045166015625,71.77903988124625,70.60886941015292,70.7567502792,18792400
2002-02-12,71.4254379272461,71.82406938957888,70.74391130630636,71.34185604714165,13942500
2002-02-13,72.18412780761719,72.35772737557555,71.592613891205,71.67620068515839,16781100
2002-02-14,72.04907989501953,72.6341675978976,71.7468921720233,72.33841075771494,20453800
2002-02-15,71.29684448242188,72.16482745465285,71.18111309243591,72.10696421232359,18366800
2002-02-19,69.92733764648438,70.91105168783379,69.83089403539945,70.82103895890808,15988100
2002-02-20,71.10397338867188,71.10397338867188,69.32300065951534,70.11383282205713,29242800
2002-02-21,69.63158416748047,71.1296560307389,69.60586554293909,70.67959236457989,26288600
2002-02-22,70.4931869506836,70.68607432145218,69.35516519807182,69.66377910490603,26572900
2002-02-25,71.65687561035156,71.88833832602657,70.53171153900259,70.55743016355825,17458700
2002-02-26,71.50902557373047,72.03624530493042,71.0911063575204,71.75334523758923,22346500
2002-02-27,71.78550720214844,72.56347761689018,71.14255595968464,71.98482051760703,28597900
2002-02-28,71.46401977539062,72.49274061232703,71.38686387312244,71.90122674425457,23755400
2002-03-01,73.12928009033203,73.2000051263404,71.69550142651693,71.83052061198859,26273600
2002-03-04,74.42158508300781,74.57589196368396,73.07138884010509,73.23212660486321,27184600
2002-03-05,74.18368530273438,74.83949807580537,73.92007794105726,74.15154069563208,22718900
2002-03-06,75.0645523071289,75.32173376719116,73.9843940991301,74.00368185020231,20143200
2002-03-07,74.90381622314453,75.54676743536037,74.30587139957066,75.45675465807642,19330800
2002-03-08,75.21885681152344,75.80394473705596,74.89095524314298,75.46960737808647,19930100
2002-03-11,75.37957000732422,75.80392000015578,74.85878129369146,75.15453814991046,15621800
2002-03-12,75.33454895019531,75.3859861948132,74.5437221618291,74.64659174573924,17153600
2002-03-13,74.60804748535156,75.06454218537705,74.35086605996781,74.98738628616363,17175300
2002-03-14,74.5051498413086,74.8587748046815,74.34441211347112,74.60802434168114,11168100
2002-03-15,75.21507263183594,75.4085074984207,74.73147808630682,74.77661338044776,21220100
2002-03-18,75.22796630859375,75.80183144230352,74.86043465083155,75.50522737809001,17548900
2002-03-19,75.73090362548828,75.91789410616734,75.32468597948916,75.63418865218713,17912000
2002-03-20,74.30589294433594,75.1699175294091,74.273656268089,75.11833294416182,17114500
2002-03-21,74.3381576538086,74.73148162970534,73.5837513076637,74.34460695881398,25846800
2002-03-22,74.17694854736328,74.75726292798198,73.95771648385062,74.47355258204004,15235400
2002-03-25,73.25492095947266,74.3833085221024,73.05503673686536,74.2092116861585,17499600
2002-03-26,73.68047332763672,74.16406794231357,73.1646420236087,73.19687871295989,19947600
2002-03-27,73.8739013671875,74.15761173678118,73.35162084077915,73.52571270978926,19020300
2002-03-28,73.84166717529297,74.6476581521946,73.8287734841891,74.13182687860467,17532900
2002-04-01,73.8739013671875,74.21564071999188,73.18397335698488,73.6546742047764,17711000
2002-04-02,73.46768951416016,74.1189266674803,73.35807100494114,73.49348181518944,15669500
2002-04-03,72.95182800292969,73.64175582793501,72.31993406493505,73.5127992869417,25658500
2002-04-04,72.64881134033203,73.11951229903937,72.36510582326409,72.60367603629537,23549000
2002-04-05,72.66171264648438,73.26781462039368,72.33286689380867,72.9841090928074,19404900
2002-04-08,72.81645965576172,72.88093795946135,71.7203137347303,71.77834273224619,16470100
2002-04-09,72.30704498291016,72.97762990702819,72.1716391212196,72.97762990702819,15122700
2002-04-10,73.12599182128906,73.20981315788434,72.27486016025455,72.28130946903302,17199300
2002-04-11,71.30766296386719,72.89385823875743,71.24963394910277,72.79068898666866,25453700
2002-04-12,71.84283447265625,71.991139026344,70.95302190867022,71.58491629024024,14950600
2002-04-15,71.29474639892578,72.12652977941546,71.05617126953011,71.97178087029944,17394900
2002-04-16,72.99053192138672,73.06790881662687,72.00399987411986,72.02334286808542,15040900
2002-04-17,72.83580017089844,73.29360250674566,72.60367434999294,73.11306129479229,12920100
2002-04-18,72.51982879638672,73.15817213069923,71.66870271084424,72.79708982755315,25204800
2002-04-19,72.78419494628906,73.01632070144643,72.57786148830226,72.99052840427586,10499200
2002-04-22,71.5719985961914,72.49405246857513,71.46882939006638,72.46181086181643,13922900
2002-04-23,71.26252746582031,71.88153313802708,71.03685087667236,71.63005931654145,16967000
2002-04-24,70.5467758178711,72.09427445339283,70.54032651306593,71.28828353098434,18902700
2002-04-25,70.58547973632812,70.75957165526049,70.10188506005225,70.41783220445959,25451500
2002-04-26,69.24429321289062,70.93365199335443,69.179814921595,70.79179680087708,19769800
2002-04-29,68.90254974365234,69.80526052623787,68.75424525505224,69.59247775017695,17724400
2002-04-30,69.54737091064453,70.05030864573298,68.76072269140155,69.00574225174772,19473500
2002-05-01,70.39848327636719,70.44361857891032,68.86387807052161,69.61828452133358,24575600
2002-05-02,70.12765502929688,70.86916761394158,69.49575602237604,70.34688218474463,15666800
2002-05-03,69.3668212890625,70.12767710703051,69.12179683891961,70.02450788183783,18185500
2002-05-06,68.00629425048828,69.63116986663626,67.9031250459692,69.40549338097381,23630400
2002-05-07,67.76774597167969,68.55439424960622,67.63878933437844,68.41253899694662,21910000
2002-05-08,70.2888412475586,70.51451766900881,68.85740091810715,69.02504836806033,27917400
2002-05-09,69.47640991210938,70.34687902922083,69.3667963393024,70.0567242966429,18085600
2002-05-10,68.16751861572266,69.66988752755715,68.09014168262472,69.61830290549184,18958900
2002-05-13,69.5538330078125,69.60541271674172,68.21266218803419,68.48992341597508,14677700
2002-05-14,71.06907653808594,71.16579646010962,70.28242838738329,70.68220176937075,34201200
2002-05-15,70.79180908203125,71.51397886020978,70.46941265024464,70.60481856126952,29535300
2002-05-16,71.15933990478516,71.23671681839798,70.49520405092376,70.73377425898325,28092000
2002-05-17,71.50753021240234,71.7332067328546,70.99169394904362,71.35278130114641,27823700
2002-05-20,70.7337875366211,71.37213612515018,70.59838160191553,71.33989450858122,13833800
2002-05-21,70.08895874023438,71.23669378382898,69.84393930542338,70.99811873353427,16877200
2002-05-22,70.24373626708984,70.35979917953162,69.63762939996292,69.77948461732277,15844200
2002-05-23,70.99169158935547,71.15933910728151,69.94713032387399,70.45006795827308,13879800
2002-05-24,70.0825424194336,71.05617616404125,70.03095780638195,70.91432585721842,11877000
2002-05-28,69.70208740234375,70.36622307257731,69.28297117840306,70.31464339714252,24236900
2002-05-29,69.18626403808594,69.65051068577688,69.07664553186584,69.39259752129689,14773300
2002-05-30,68.99285125732422,69.32169706597718,68.28357993855487,68.7026963739941,18217900
2002-05-31,69.13468933105469,69.99870937834164,68.89611420845297,69.25075223943134,19826300
2002-06-03,67.29701232910156,69.37968988566855,67.14225854729195,69.05084424854516,26056300
2002-06-04,67.46463775634766,67.8321692859472,66.7682655924692,67.15514011004088,25856200
2002-06-05,68.09656524658203,68.13525123881575,67.28412497402473,67.6709996544973,19695900
2002-06-06,66.71026611328125,68.09012238651731,66.51038190864897,68.05143639062176,22998500
2002-06-07,66.63288879394531,67.0068698165746,65.5883275561324,65.62701355179098,24011600
2002-06-10,66.89082336425781,67.35507510387465,66.42657162464097,66.56842686945502,18759900
2002-06-11,65.7430648803711,67.40663127203003,65.59476531021043,67.14226389657611,19990700
2002-06-12,66.14285278320312,66.29115238620408,64.98222366703469,65.58188122382519,31266000
2002-06-13,65.47871398925781,66.41366162693396,65.3433031656252,65.85269009270094,21043900
2002-06-14,65.38197326660156,65.48513752869533,63.512073667145174,64.67914674611734,39267500
2002-06-17,67.1358413696289,67.2776916813733,65.67215866962707,65.71729397776838,17647200
2002-06-18,67.6839370727539,67.72262308716901,66.8199117022266,66.89083934157516,21628500
2002-06-19,66.10414123535156,67.33569757532786,65.92360007793417,66.73604020569003,21540700
2002-06-20,65.25948333740234,66.44590473182978,65.0982851259417,65.93651779328866,25691000
2002-06-21,64.2391128540039,65.30674616920814,63.85088390391116,65.00910380958375,31190700
2002-06-24,64.57555389404297,65.15142765951873,62.92557539240544,63.80556326839921,37169700
2002-06-25,63.126163482666016,65.28084004319467,63.11322466152104,64.89908311195357,33355000
2002-06-26,63.229679107666016,63.50791059531261,61.59264463202751,61.59911157279891,37913600
2002-06-27,64.3361587524414,64.37498015888413,62.485596017503156,63.73440226958949,31616400
2002-06-28,64.03201293945312,65.0284696842197,63.980247798702656,64.21318599548422,28184200
2002-07-01,62.783226013183594,64.57555628715353,62.692639458173964,64.17438373168443,20270200
2002-07-02,61.4503059387207,62.89322389110505,61.32089304699757,62.6732293800713,34213900
2002-07-03,61.79969787597656,62.013220454840436,60.64147870203574,61.22382422756406,30565800
2002-07-05,64.25848388671875,64.40083556573545,62.54380667109728,62.621449451218474,19013500
2002-07-08,63.45616912841797,64.51085844945003,63.12617237188486,64.04498677367121,19118600
2002-07-09,61.85793685913086,63.63085126871728,61.47617998884977,63.23615557935733,28620400
2002-07-10,59.60621643066406,62.162060611922755,59.554451273103076,62.11676733320618,50522500
2002-07-11,60.091495513916016,60.40207654390499,58.44151713108651,59.37327009424637,59476500
2002-07-12,59.431495666503906,60.75147724064609,59.21796814643769,60.38913109987621,39018600
2002-07-15,59.74857711791992,59.78740346342761,56.869207436512916,59.295644225315996,77317200
2002-07-16,58.5968132019043,59.77444333684479,58.150352311889655,58.959164353376174,53282400
2002-07-17,58.713314056396484,60.36976536923451,58.07273595567922,59.82624081665652,48880600
2002-07-18,56.81096649169922,58.94622757195367,56.77861203157213,58.68740670072957,32656700
2002-07-19,54.811588287353516,56.64921229717148,54.54630043482734,56.138042359779114,77572600
2002-07-22,53.187477111816406,55.58803556077528,52.7021898938743,54.41687238458912,78134000
2002-07-23,51.731632232666016,53.86042677805389,51.60222424055792,53.41396574966204,74484100
2002-07-24,54.81806945800781,55.07689041071078,50.26283747487242,50.55400796128884,107022800
2002-07-25,54.35214614868164,55.54918647535149,52.79922669997176,54.526847303486385,87176600
2002-07-26,55.38746643066406,55.60099406694229,54.22277965719833,54.77277104494036,41206800
2002-07-29,58.08562469482422,58.4544426695131,56.48741676223594,56.61682467256366,53492900
2002-07-30,58.84269332885742,59.14033555815711,57.406242399535195,57.79447117963928,47532200
2002-07-31,58.98503494262695,59.2373838533541,57.74916802485395,58.55150802468909,44669900
2002-08-01,57.44506072998047,59.10797794754227,57.15389039459512,58.803863856106254,66571900
2002-08-02,56.157447814941406,57.52919504795028,55.40040080004307,57.26390228362307,51772900
2002-08-05,54.203365325927734,56.24804528047517,54.061018501564455,55.96334175855116,47191300
2002-08-06,56.028045654296875,56.875684337564216,55.07041461494276,55.1480623762142,64730000
2002-08-07,57.00505447387695,57.263875236275254,55.497428099257654,56.85623586769986,43289400
2002-08-08,58.84916305541992,58.94622148918801,56.81096062927493,57.212128248507454,48339800
2002-08-09,59.069149017333984,59.48973217659108,57.81387141676244,58.29915853822927,41879200
2002-08-12,58.635643005371094,59.05622134254583,57.943300054366986,58.227998552925655,25841700
2002-08-13,57.56800079345703,59.308565709232724,57.36094512938158,58.3315194803471,49690500
2002-08-14,59.67091369628906,59.936201459899024,56.95330246923654,57.60035205616382,57423600
2002-08-15,60.49912643432617,60.81617929756406,59.65796013493253,60.07207140757673,45551500
2002-08-16,60.317996978759766,60.874460329303005,59.52859525186823,60.05917601208395,36517300
2002-08-19,61.728519439697266,61.95498576326213,60.2403037078214,60.47324190822972,33669900
2002-08-20,61.07500457763672,61.72852598342734,60.576778612977975,61.353236072252834,30508300
2002-08-21,61.954994201660156,61.97440489823869,60.544425989996626,61.50852843396871,39628900
2002-08-22,62.55675506591797,62.8608691655394,61.515004822643,61.786764467863435,38399800
2002-08-23,61.21088790893555,62.21381671009837,60.91971757909933,62.12323016585616,33716400
2002-08-26,61.63794708251953,61.88382415655302,60.499138389412906,61.411480706883864,33830100
2002-08-27,60.92616653442383,62.278497247956935,60.49911161230102,61.92261814618793,35335700
2002-08-28,59.59328079223633,60.49267954685881,59.39916882983164,60.356799692196184,38970600
2002-08-29,59.619144439697266,60.20796189282661,58.758567363552636,59.056209560654544,42965700
2002-08-30,59.3862190246582,60.427969407615706,59.14034192267095,59.32151504377707,30366700
2002-09-03,57.12154006958008,58.8815158383398,57.03742539555732,58.70681461180119,76586400
2002-09-04,57.936824798583984,58.396229446156575,56.97918916852774,57.33506844173035,51099500
2002-09-05,57.44506072998047,57.86564394288992,56.61683806021223,57.25741576001789,67250900
2002-09-06,58.23444366455078,58.60326161029581,57.80738870811184,58.07268132103815,38622200
2002-09-09,58.66151809692383,59.107978956361514,57.45800546668963,57.65211738139401,33998400
2002-09-10,59.3344841003418,59.38624928606358,58.596847481905776,58.972137673488966,41416600
2002-09-11,58.96562576293945,60.38913778435362,58.946215065620486,59.83267475709299,27711200
2002-09-12,57.878597259521484,58.7779960030563,57.58095497155867,58.71976389603211,43601700
2002-09-13,58.02092361450195,58.1697471616886,57.10211457050175,57.38681791124373,41131000
2002-09-16,58.163307189941406,58.163307189941406,57.238025761569,57.788017114299834,28167600
2002-09-17,56.83037567138672,59.00446303289754,56.77861051120851,58.810346150527955,47609700
2002-09-18,56.26094436645508,57.26387292911726,55.82742244544688,56.29977068803755,54719400
2002-09-19,54.805110931396484,56.16391933289043,54.805110931396484,55.639805687292174,48510500
2002-09-20,54.82331466674805,55.375771509142574,54.62833252405302,55.19378619246936,46325600
2002-09-23,54.374855041503906,54.63483124502725,53.74440233463052,54.36835414879736,46893800
2002-09-24,53.497406005859375,54.36834196034394,53.19842947185038,53.581902715917145,69507000
2002-09-25,54.82331466674805,55.09629264175786,53.32193084546606,54.1863660583918,59294400
2002-09-26,55.720237731933594,55.876224405219,54.88829723738193,55.25876868563909,53638000
2002-09-27,53.78339385986328,55.655249166158185,53.78339385986328,55.245782212548384,64648300
2002-09-30,53.159420013427734,53.815871012001345,52.58096481308021,53.29590894127903,73096400
2002-10-01,55.713741302490234,55.746235842716445,52.95145248816862,53.5754041900034,67198100
2002-10-02,54.04337692260742,55.5902570943559,53.685902217986026,55.04430113681927,56749100
2002-10-03,53.497406005859375,54.985792743382305,53.26342350816066,54.03686592881625,55547000
2002-10-04,52.51598358154297,53.89387497463924,51.72304346203744,53.81588411614822,68483700
2002-10-07,51.43056869506836,52.77596570250764,51.05360126594418,52.035022710510795,53188000
2002-10-08,52.23649978637695,52.84744960743981,50.826104072209375,51.87252429946603,79531000
2002-10-09,50.761112213134766,51.80103159434471,50.55312833689278,51.40456155545736,79956400
2002-10-10,52.40547561645508,52.69145525182358,50.09165481022138,50.65711319141115,76749000
2002-10-11,54.699798583984375,55.07026991410689,53.17891288856407,53.36089810915403,82308300
2002-10-14,55.005271911621094,55.14826171852642,53.971853694174285,54.075843125461965,40631900
2002-10-15,57.650569915771484,57.663571694213445,56.44816326361993,56.53915587781137,82320300
2002-10-16,56.25319290161133,57.06563066761538,55.84372109396026,56.812150481320245,62977800
2002-10-17,57.3711051940918,58.040558103018185,57.09812728485586,57.76107930297374,68534100
2002-10-18,57.6115837097168,57.91706108851481,56.500169494046794,56.96813441827129,47448700
2002-10-21,58.60602569580078,58.82051051539916,56.91615566721446,57.27363036654509,45859100
2002-10-22,58.183528900146484,58.502008009193126,57.53357882103583,57.87805652829397,40966800
2002-10-23,58.625492095947266,58.67098840076411,56.98762016381543,57.69606333292424,54905800
2002-10-24,57.42959213256836,59.08046600748316,57.26060371547725,58.982972499210376,54987400
2002-10-25,58.625492095947266,58.74898419133242,57.156608564017425,57.33209289438946,43672100
2002-10-28,58.242061614990234,59.33397859547006,57.748097872725225,59.242985926990784,39416100
2002-10-29,57.56608963012695,58.1640426304153,56.545668003583756,57.89756562410864,59508200
2002-10-30,58.125057220458984,58.46953009609668,57.34511882123126,57.637594481259804,41688600
2002-10-31,57.53359603881836,58.690511691188995,57.31911621715702,58.27454391277169,41620600
2002-11-01,58.67101287841797,59.0284875359218,57.228127341369756,57.42310946104943,51878900
2002-11-04,59.229949951171875,60.406362986692805,59.08046420727089,59.665420280357864,49080600
2002-11-05,59.697914123535156,59.84090393517145,59.04146315135292,59.04146315135292,37270800
2002-11-06,60.47135543823242,60.49085314704287,59.008967772742665,60.107384983836035,65013100
2002-11-07,58.989498138427734,59.93842510238189,58.6385243366264,59.80843205056961,51572000
2002-11-08,58.2680549621582,59.515958553136436,58.18355823568708,58.84000953500787,37905400
2002-11-11,57.36463928222656,58.2095720566141,57.06566261202211,58.17707750301999,33505100
2002-11-12,57.81956100463867,58.45001340270763,57.436092821160074,57.62457894750111,37724500
2002-11-13,57.87807846069336,58.32654081328726,56.83815397306542,57.40361254130855,63891500
2002-11-14,58.96997833251953,59.14546268832676,58.33302501403656,58.54100886030581,31896800
2002-11-15,59.405460357666016,59.502953897605025,58.463029416558825,58.4955289161143,39152100
2002-11-18,58.80751419067383,59.89293016519837,58.72301746535106,59.89293016519837,28934800
2002-11-19,58.72947311401367,59.210434649550685,58.33950416739651,58.50848757040529,32806600
2002-11-20,60.03590774536133,60.06840228336548,58.463024335895945,58.48252700917083,36688400
2002-11-21,61.15383529663086,61.21883430843961,60.07492013105737,60.18541051716682,55128200
2002-11-22,60.71834945678711,61.270806162000106,60.6208559302844,60.75734984262423,32513800
2002-11-25,60.757354736328125,61.26431516450325,60.29588567096139,60.72485523863397,33846400
2002-11-26,59.6004638671875,60.73787733762031,59.548471591459055,60.490897912040275,42284700
2002-11-27,61.27727127075195,61.51775450120156,60.0748650359516,60.13335814246095,37764000
2002-11-29,61.082305908203125,61.7127532710137,60.94581203843284,61.61526473364235,19385700
2002-12-02,61.1798095703125,62.42771770314804,60.58835747623298,62.05074540303391,49911900
2002-12-03,60.36088180541992,60.70535464625154,60.02290489683753,60.60786111651712,34407700
2002-12-04,60.08787155151367,60.536338608712825,59.42492477709828,59.64590538232853,64040800
2002-12-05,59.42495346069336,60.31538711687755,59.21046868122368,60.26989079626826,36724900
2002-12-06,59.81489944458008,59.90589205052596,58.482504881101136,58.573497487047014,49824100
2002-12-09,58.170555114746094,59.444457179194906,58.15755828985667,59.19097694466684,36789600
2002-12-10,58.95049285888672,59.210473982241375,58.33954292153987,58.508526436802036,33319900
2002-12-11,59.00249099731445,59.54845186076353,58.59952496060883,58.76850847851165,39201000
2002-12-12,58.99598693847656,59.46395195096104,58.6255154633809,59.27546576766994,34465600
2002-12-13,58.066558837890625,58.807506759989344,58.02106251413019,58.437035278303675,36862200
2002-12-16,59.567935943603516,59.658928573564,58.274536453114045,58.37852590504327,37098400
2002-12-17,59.04795837402344,59.62641349560318,58.97646347506638,59.385935161588655,32353900
2002-12-18,58.365543365478516,58.755512583412184,58.060065907833376,58.703515365360325,35612600
2002-12-19,57.949546813964844,58.95046549232365,57.585571426745545,58.0730339472181,39264200
2002-12-20,58.77644729614258,58.796040825558606,58.195149335690786,58.26046276144251,31176900
2002-12-23,58.79601287841797,59.0899306292371,58.3322812979799,58.51516079639575,22599300
2002-12-24,58.35844802856445,58.69155305005232,58.29313458866975,58.51520128093096,10937000
2002-12-26,58.38456726074219,59.181404086054634,58.02533591061102,58.587040394582246,17485600
2002-12-27,57.07173156738281,58.31923923187133,57.07173156738281,58.10370047574072,22205700
2002-12-30,57.54852294921875,57.7836552071127,56.96722514028471,57.33951705143453,29968000
2002-12-31,57.626914978027344,57.75754182483355,56.89539167986612,57.47015678214615,34036600
2003-01-02,59.4818229675293,59.63204827778412,57.829369470192184,58.03184251249404,44516300
2003-01-03,59.66471862792969,59.68431215563441,59.109547082886124,59.37733858310281,32222600
2003-01-06,60.716285705566406,61.062451342661014,59.54715696125968,59.59287685704397,40984500
2003-01-07,60.56605911254883,60.98407096914545,60.21988852787546,60.67709242190541,38640400
2003-01-08,59.69084548950195,60.35052249858866,59.468778862873606,60.21989067431207,38702200
2003-01-09,60.61830139160156,60.859966498788644,59.70390365217792,59.97169013783943,34804900
2003-01-10,60.78158950805664,61.16041428920807,59.95863151422381,60.05659914461287,37768900
2003-01-13,60.76203918457031,61.30415037927704,60.37668627613148,61.09514431401751,31649900
2003-01-14,60.95793914794922,61.2845111931223,60.35704778077331,60.5399273287752,30733000
2003-01-15,60.350521087646484,61.114698555194096,60.03048184606657,61.095105027784335,33511800
2003-01-16,60.10233688354492,60.69670059426647,59.730044828213444,60.41584834318514,44812100
2003-01-17,59.214054107666016,60.285210170676066,58.88094917859135,59.42958790121347,35618300
2003-01-21,58.29310607910156,59.38385543948514,58.09716087215285,59.351201227056094,36826200
2003-01-22,57.58769607543945,58.652323814378775,57.47666280913672,57.97958141615598,42286500
2003-01-23,57.94042205810547,58.37802748125381,57.44403106506393,57.9665484243808,55919800
2003-01-24,56.41859436035156,57.920828017803544,56.28143467593817,57.86204244842935,68633900
2003-01-27,55.647884368896484,56.69291908517769,55.190685417844584,55.99405498394417,57884400
2003-01-28,56.059383392333984,56.43167549001518,55.60217933597886,55.92875152633416,46929100
2003-01-29,56.48392105102539,56.94112006612349,55.36703991696547,55.791584707039725,53712200
2003-01-30,55.144962310791016,56.74516352936291,55.12536878304357,56.686382946120595,49845900
2003-01-31,56.20957946777344,56.30755207907217,54.96207683205791,54.96207683205791,55317000
2003-02-03,56.32061767578125,56.69943746488248,56.11813961721125,56.261832115843504,39696000
2003-02-04,55.76545333862305,56.007118500996384,55.06006134757034,55.71973344121134,43633400
2003-02-05,55.41926193237305,56.52307677799392,55.1776018654095,56.00709247096087,55270600
2003-02-06,55.15803527832031,55.4454203708326,54.635522817411015,55.10578752039634,53638000
2003-02-07,54.48530960083008,55.510746202644235,54.19139658737318,55.45849843305189,43165000
2003-02-10,54.870635986328125,54.94901008736261,53.9823596319153,54.51140474627371,45455900
2003-02-11,54.4918098449707,55.438866751244014,54.09992440041257,55.10576686407118,46861000
2003-02-12,53.62311935424805,54.6159009868425,53.616586519231575,54.315455356294805,35873600
2003-02-13,53.786415100097656,53.988893157575234,52.90467157054078,53.65578827464255,57934100
2003-02-14,54.962100982666016,54.994755212051345,53.44027336999698,53.79950477490897,59580900
2003-02-18,55.928733825683594,56.039772122415435,55.1188364451904,55.21027623090279,39492700
2003-02-19,55.63481140136719,55.82422377732144,55.046980748939106,55.726251171401145,31432000
2003-02-20,55.07963562011719,55.79156019991921,54.89675609441,55.65440055563882,29280100
2003-02-21,55.63481140136719,56.000570481503004,54.51140281741435,55.1122941585214,60955800
2003-02-24,54.73344421386719,55.517214662930996,54.59627965134458,55.47149480312046,30628600
2003-02-25,55.17108917236328,55.18414986328102,53.70151478093552,54.17830723739911,56770600
2003-02-26,54.36772537231445,55.210282043449965,54.263224884681854,54.87717708437427,37787200
2003-02-27,55.08617401123047,55.353965498743875,54.31546871490049,54.668162163043846,51126000
2003-02-28,55.45195388793945,55.66749270996176,54.96862848533138,55.171101630391036,43666800
2003-03-03,54.92288589477539,56.026701036808205,54.68122576291787,55.687068291694935,42923100
2003-03-04,54.047691345214844,54.87065456640271,53.98237791120531,54.83146251952051,31440500
2003-03-05,54.50486755371094,54.563653107882125,53.79294294971597,53.9562289579453,43974700
2003-03-06,54.047691345214844,54.55061026849346,53.8648117367499,54.12607045588366,41217700
2003-03-07,54.41997146606445,54.85757685936578,53.18552939654611,53.30309554521902,63538000
2003-03-10,53.11368942260742,54.119532150654756,52.96999689244422,53.949713252907785,41014100
2003-03-11,52.59113693237305,53.55779195534701,52.565015565320465,53.21815936965396,48102700
2003-03-12,52.94384765625,52.96997401254873,51.846565607167946,52.499709565357435,62459800
2003-03-13,54.772674560546875,54.80533376470895,53.25084733554107,53.675392074173345,72117800
2003-03-14,54.94901657104492,55.36702843619831,54.439564921832634,54.99473646307437,63951800
2003-03-17,56.679840087890625,56.79087338089124,54.354648855201724,54.511402032561044,88217500
2003-03-18,57.0129508972168,57.05213794987096,56.353273940004755,56.92151111896097,50792300
2003-03-19,57.45054626464844,57.58117805592011,56.61452273288296,57.00640814051136,49630800
2003-03-20,57.57466125488281,57.862041309527996,56.39899972148753,57.039083219246,67321600
2003-03-21,58.80357360839844,58.94128629796734,57.66252203540908,58.23305032349666,71165300
2003-03-24,56.849300384521484,57.80017487691724,56.6263336395247,57.72147984871003,65398900
2003-03-25,57.39363098144531,57.878909818601954,56.68539525190139,56.882125453314224,61040100
2003-03-26,57.1051139831543,57.61006052822054,56.92149705767566,57.41988442592167,45740800
2003-03-27,57.1510124206543,57.48546035997663,56.39030808857771,56.65917927590372,53120200
2003-03-28,56.86247634887695,57.23626938898798,56.5608192466107,56.705091122300246,32583000
2003-03-31,55.57063293457031,56.783821378357764,55.347670789558315,55.97065796244683,61119500
2003-04-01,56.42313003540039,56.652651295365445,55.682102823745154,55.90506490394314,53574000
2003-04-02,57.78717041015625,58.21342219058032,57.38058616986138,57.406817895350414,50431200
2003-04-03,57.5117073059082,58.35766121308961,57.47892141996012,58.27897108426442,48755500
2003-04-04,57.85271453857422,58.0953491066895,57.45924888490608,57.990427267198704,36250100
2003-04-07,57.74124526977539,59.57742036157965,57.68878183776115,59.24297223647416,69776200
2003-04-08,57.833011627197266,58.13466863665798,57.518236267699145,57.90514754284924,39712700
2003-04-09,57.072330474853516,58.42979006721143,56.90182687780368,57.9445159867321,55647300
2003-04-10,57.387107849121094,57.46579797097353,56.20670598946663,57.11167741307719,41812400
2003-04-11,57.1510124206543,58.167464584560875,56.96083633763515,57.813349123143674,47730100
2003-04-14,58.3314208984375,58.364211782736106,57.05265646177574,57.36087276271127,36711700
2003-04-15,58.87571716308594,58.87571716308594,57.98385915055111,58.259284565343386,49709800
2003-04-16,57.87238311767578,59.05933917606666,57.728111220441924,58.96097652175894,51788000
2003-04-17,58.73143005371094,58.83635685301513,57.833018099798345,57.905154023523686,37403100
2003-04-21,58.79045486450195,59.1249027960193,58.403543531337704,58.928167541436075,32052700
2003-04-22,59.89873504638672,60.043006946508434,58.29208162016649,58.42979434214077,59763600
2003-04-23,60.44961166381836,60.56109271461336,59.83317878946461,60.082377612640144,44227100
2003-04-24,59.91184616088867,60.38400686669245,59.649534101754746,60.02332715998501,49692400
2003-04-25,59.17084503173828,59.98400826688245,59.03312726315188,59.87252721915877,43917200
2003-04-28,60.19382095336914,60.4561329698162,59.216713820369066,59.3085222756477,46432900
2003-04-29,60.40372085571289,60.856209343220065,59.93811900768208,60.42339339809323,52017100
2003-04-30,60.27252197265625,60.70533258954964,59.94463317072432,60.27252197265625,48709100
2003-05-01,60.26597213745117,60.81026883379333,59.34788234909303,60.279085490159254,50240400
2003-05-02,61.12501525878906,61.29551879596862,59.99707724899106,60.04298147017192,50201500
2003-05-05,61.00699996948242,61.49883325527727,60.65943858136397,61.29554376483521,35437800
2003-05-06,61.5840950012207,61.892306361548776,60.98733480748839,61.01356651961605,44401000
2003-05-07,61.24302673339844,61.73485958863176,60.96760153523159,61.26269924709857,41413100
2003-05-08,60.62664794921875,61.20373554235016,60.515166938068155,60.67255218929176,40570700
2003-05-09,61.46601867675781,61.51192289520799,60.73154617837036,60.87581800869509,33608100
2003-05-12,62.22019958496094,62.37758986867131,61.17095604283108,61.31522796797166,35662300
2003-05-13,62.10869598388672,62.41691225683452,61.81359806474174,61.99065581559152,39253600
2003-05-14,61.97750473022461,62.456219285657376,61.58403940986237,62.35785170477107,32195100
2003-05-15,62.37102508544922,62.5152969976272,61.807055794128445,62.22675317327124,43879200
2003-05-16,62.21360778808594,62.59395490241918,61.813583147797075,62.22672113553819,38905000
2003-05-19,60.7578125,61.918536972681416,60.547963809897645,61.741479172952445,41606000
2003-05-20,60.63319396972656,61.00698698726041,60.06266567846507,60.8692742969254,55404600
2003-05-21,60.7578125,60.90863858806775,60.27253834223594,60.40369189735463,49333800
2003-05-22,61.36113739013672,61.67591298090931,60.77749546426872,60.95455329438636,38421800
2003-05-23,61.4857292175293,61.630001137063005,61.07914517186047,61.33489811896561,26155900
2003-05-27,62.561180114746094,62.84971883847297,61.03321720186544,61.18404824180222,43719200
2003-05-28,62.738224029541016,63.26284796229019,62.58083885099011,62.85626416425035,37727100
2003-05-29,62.57428741455078,63.49237690881015,62.35132546762856,62.87594446207303,50844200
2003-05-30,63.57766342163086,63.66947192451358,62.66613256930376,62.88909965001048,52529500
2003-06-02,63.83994674682617,64.56130108796823,63.394017789962476,63.95798691197203,50305500
2003-06-03,64.10225677490234,64.1612743540355,63.51205596764205,63.708791237790734,38254500
2003-06-04,65.02690887451172,65.15150321568798,63.98421989435518,64.04324247970057,49360700
2003-06-05,65.34825134277344,65.34825134277344,64.44327487959832,64.64656937665822,46262400
2003-06-06,65.09249114990234,66.49585492517515,65.00723685308797,65.84007727305939,60356800
2003-06-09,64.43014526367188,64.98755518897998,64.11536983350108,64.77114739343666,37808500
2003-06-10,65.08592987060547,65.092489047807,64.3908071828307,64.56786494178202,29965900
2003-06-11,65.77450561523438,65.83352320697745,64.73181646575873,65.02691943403455,37610200
2003-06-12,65.9778060913086,66.16798225724528,65.32858745806791,66.0696145847694,36442000
2003-06-13,65.28923034667969,66.06960746013189,64.88920552408545,65.9777989765713,48628300
2003-06-16,66.66635131835938,66.69257801880853,65.44660461685226,65.55152642820653,36326300
2003-06-17,66.66635131835938,67.00735345924316,66.38436675826502,66.93521752504327,36801800
2003-06-18,66.60734558105469,66.98113869682042,66.23355246528897,66.42372861235394,35521000
2003-06-19,65.59088134765625,66.71226558318286,65.47284116513696,66.65324299032989,43551700
2003-06-20,65.44609069824219,66.14372439349998,65.43292495610936,66.07132787554764,41545000
2003-06-23,64.7747802734375,65.59088558589322,64.44570700845813,65.45267039589349,34237500
2003-06-24,64.84058380126953,65.21572706393984,64.51151058765491,64.64314288585601,36213600
2003-06-25,64.18905639648438,65.44611919069263,64.18905639648438,64.84720319439154,47743400
2003-06-26,65.02484893798828,65.14331545915545,63.81385727480647,64.35353697762196,33477300
2003-06-27,64.27462768554688,65.28159162381266,64.22197472924562,64.992005385418,54208800
2003-06-30,64.25486755371094,64.93934079925954,64.14956668122882,64.64317676031337,33349000
2003-07-01,64.84718322753906,65.05778993717178,63.46507638174565,64.00475638900822,51322800
2003-07-02,65.66326904296875,65.67643478386088,64.87349531224422,65.005122593612,34662100
2003-07-03,64.98536682128906,65.71590964482724,64.4325263176699,65.20255631396431,30792800
2003-07-07,66.27537536621094,66.40700772827195,65.58432429512007,65.58432429512007,31391100
2003-07-08,66.5715103149414,66.66365041055656,65.92652462437678,66.14371414458046,30952500
2003-07-09,66.19636535644531,66.73604519739355,65.83438283210141,66.42013271966992,36528500
2003-07-10,65.35395812988281,65.84098519855057,64.91299610021744,65.70935286832957,49777700
2003-07-11,65.97261810302734,66.11082829553682,65.41319446060511,65.41319446060511,39976300
2003-07-14,66.29509735107422,67.06512753002654,66.1108121182291,66.60442197980252,42114900
2003-07-15,66.15030670166016,66.77554387364515,65.78174124396834,66.72289094808069,42573600
2003-07-16,65.76199340820312,66.38723556109706,65.30787576297972,66.34774335884269,39894200
2003-07-17,64.82743835449219,65.73567883038378,64.60367092672206,65.2552346372256,52253500
2003-07-18,65.49220275878906,65.68306597205631,64.80114647010637,65.16970714606374,35698100
2003-07-21,64.6826400756836,65.47899677333282,64.39963686732399,65.45267030961803,34786000
2003-07-22,65.26839447021484,65.42635326311675,64.44571125357527,64.95248692693077,49968300
2003-07-23,65.31442260742188,65.45263269655597,64.68260290512745,65.29467902629652,37275400
2003-07-24,64.82083892822266,66.03840879023373,64.74186457212465,65.80805854951683,40896200
2003-07-25,65.96603393554688,66.00552112355135,64.52469131826419,64.93274400559689,43241100
2003-07-28,65.72252655029297,66.45965262478458,65.59747707679388,66.05818275632386,34382800
2003-07-29,65.4197998046875,65.9858065139174,64.9459332554474,65.90682708195666,53472100
2003-07-30,65.26181030273438,65.65011433319741,65.11043439617087,65.55139135250464,28363300
2003-07-31,65.41317749023438,66.41356294018898,65.2683844629047,65.8014865200057,54937200
2003-08-01,64.83403015136719,65.50533754835017,64.65632773778361,65.28157008977605,49321000
2003-08-04,64.83403015136719,65.15652061512543,63.84022726936533,64.7023978040348,55214100
2003-08-05,63.45847702026367,64.99854226404332,63.40582410122226,64.76819201981056,61415600
2003-08-06,63.82705307006836,64.53784751055753,63.45848759661,63.63618997267696,50096900
2003-08-07,64.49835968017578,64.5444297362398,63.68225939221602,63.95209685737405,43427400
2003-08-08,64.6826400756836,64.86034245044355,64.34040608991036,64.70896653939839,27357300
2003-08-11,64.92613220214844,65.1828088523199,64.39303029534354,64.66945555197698,34631400
2003-08-12,65.51851654052734,65.54483799405497,64.7748074361998,64.96567061247582,43285600
2003-08-13,65.18282318115234,65.71592018388777,64.84716709512026,65.69617659434331,36152000
2003-08-14,65.36051177978516,65.65009777778802,64.79450552255672,65.22230165017237,35525100
2003-08-15,65.5645523071289,65.67643600049001,65.23547907635458,65.39343282117373,12567000
2003-08-18,66.13057708740234,66.20955147118188,65.64354495487993,65.76859442421141,22873800
2003-08-19,66.38064575195312,66.43329866861595,65.81463945097407,66.26876206998851,37437700
2003-08-20,66.11080932617188,66.40039537286779,65.91995127313207,66.00550850453816,21295300
2003-08-21,66.32144165039062,66.81505168209459,66.07793058169031,66.5057269467526,46494200
2003-08-22,65.66326904296875,67.01247127265366,65.63694760370232,66.96640122204903,52040300
2003-08-25,65.76860809326172,66.36094120101816,65.3408116809231,65.6238149978922,23473000
2003-08-26,65.8870620727539,66.07134233286132,65.0446351572569,65.48559221126541,45065800
2003-08-27,65.90678405761719,66.05157707772571,65.53164078790822,65.84755328825943,18919500
2003-08-28,66.3148193359375,66.47277303422513,65.59085944575685,66.07788627787728,27402400
2003-08-29,66.76234436035156,66.78867080783671,66.13052468447758,66.21608187286195,28706600
2003-09-02,67.65746307373047,67.71011097824668,66.50570668400142,66.89401071376271,49419100
2003-09-03,68.02603149414062,68.2497989230557,67.64430526936317,67.80884191577483,44912400
2003-09-04,68.0589370727539,68.15107718795437,67.63114081146051,67.85490822801601,28381000
2003-09-05,67.67721557617188,68.15108192802403,67.39421233944128,67.7496121033304,31637300
2003-09-08,68.23663330078125,68.36826059995475,67.74302339699125,67.81541991791455,32632800
2003-09-09,67.78912353515625,68.0918704746065,67.57851675026643,68.03263967007271,35053200
2003-09-10,67.10462188720703,67.6574676023362,66.83478441174972,67.47976522126409,45904900
2003-09-11,67.30209350585938,67.63116690748222,67.02566803233734,67.19678760713448,38396300
2003-09-12,67.42710876464844,67.55215820987898,66.70314859905682,67.07171406361539,42524800
2003-09-15,67.1901626586914,67.54556231244435,67.09802256563604,67.47316580772106,21312800
2003-09-16,68.17083740234375,68.21032459812602,67.24284813137282,67.28234034841601,37892600
2003-09-17,68.03917694091797,68.30901939065514,67.82199243257257,68.10499560171355,31885800
2003-09-18,68.84210968017578,68.90792331328973,67.90096016499723,68.0523360402918,30243600
2003-09-19,68.49198913574219,69.10641541068561,68.31360959035574,68.88839204590712,34331600
2003-09-22,67.75204467773438,68.02291809264953,67.40849176060179,67.95024363096907,36677400
2003-09-23,68.00969696044922,68.24093155921605,67.62650531647206,67.77845732114618,32489200
2003-09-24,66.80066680908203,68.19468764666695,66.77423927655241,68.12862133561111,41694700
2003-09-25,66.25230407714844,67.30938013140472,66.19944901430156,66.99886797838586,52673100
2003-09-26,66.03425598144531,66.50333818778424,65.9681896979087,66.35798933968309,42914700
2003-09-29,66.68173217773438,66.72137094838105,65.92856529223482,66.26550996433792,36771600
2003-09-30,66.03425598144531,66.56940447132085,65.57178695615468,66.3844168612046,70764500
2003-10-01,67.4415283203125,67.50759463892001,66.19945935212844,66.22588688767885,65797600
2003-10-02,67.68595886230469,67.7586333084625,67.144207107651,67.34241105908795,44591500
2003-10-03,68.3070297241211,68.89502870972949,68.10222256120134,68.49201748940843,48806900
2003-10-06,68.61752319335938,68.70340890007091,68.18147643496971,68.36646917644633,20226500
2003-10-07,68.88179016113281,68.91482079725102,67.98988233735632,68.22111695233,42602900
2003-10-08,68.70997619628906,68.96763820378244,68.32018163540096,68.92799944587078,30920800
2003-10-09,68.89498138427734,69.51601563303029,68.5976805429363,69.29138418624376,40066500
2003-10-10,69.08659362792969,69.10641301667087,68.65055195401474,68.88838965944524,22682800
2003-10-13,69.30457305908203,69.56223503048076,69.0469110876833,69.1790436225682,23825600
2003-10-14,69.54903411865234,69.65474420234206,68.94782439940333,69.23852208901582,38484400
2003-10-15,69.3640365600586,69.95864309416079,69.1328020858337,69.9388237164463,39021700
2003-10-16,69.64154815673828,69.85296332971065,69.13943523072817,69.15925461561068,32772200
2003-10-17,68.88179016113281,69.78690923124928,68.69680246915388,69.68120413891985,32790300
2003-10-20,69.3971176147461,69.3971176147461,68.67037806010717,69.0073177827394,27657000
2003-10-21,69.2781982421875,69.55567980083892,68.92143407797698,69.25177070700113,26729100
2003-10-22,68.40608978271484,68.83552828324615,68.17485521797813,68.72981817334625,33914500
2003-10-23,68.28056335449219,68.67696620335224,67.94361866472008,67.97665433568162,45830500
2003-10-24,68.43252563476562,68.43252563476562,67.5075822227672,67.93702077553819,51723600
2003-10-27,68.46553039550781,68.82890250450886,68.22768774971335,68.53820481730803,32460200
2003-10-28,69.3971176147461,69.46979207426367,68.5910954568507,68.696805594526,34956200
2003-10-29,69.48958587646484,69.65475412535923,68.62410586522948,69.2187075288213,30955400
2003-10-30,69.63494873046875,70.01153221197583,69.23854586159855,69.89261084726118,39123100
2003-10-31,69.56887817382812,69.85957090494718,69.51602311706625,69.63494447451265,25761600
2003-11-03,70.02474975585938,70.43436894684336,69.83976206978157,69.86618960215503,37589300
2003-11-04,69.8727798461914,70.20971945643284,69.75385850124292,70.024731817743,31421600
2003-11-05,69.9256362915039,70.01152701775302,69.30460702454519,69.69440172186313,33558800
2003-11-06,70.29561614990234,70.32204367775223,69.43673913665491,69.76707567397537,28392300
2003-11-07,69.77366638183594,70.50701371468988,69.74723886058943,70.45415867219687,31723200
2003-11-10,69.48958587646484,69.92562743246785,69.37727267694505,69.85956114101708,25530800
2003-11-11,69.46976470947266,69.58868604724475,69.23853017506437,69.43012090319209,26558600
2003-11-12,70.24937438964844,70.34186822364047,69.47638804534239,69.52263496233842,28000000
2003-11-13,70.2691879272461,70.38810928112702,69.88599633801473,70.03795336151528,29714800
2003-11-14,69.6745834350586,70.65898492736387,69.5622702195379,70.29561775234943,49158500
2003-11-17,69.32444763183594,69.46318841609133,68.73644881452338,69.31123638404182,44382100
2003-11-18,68.6042709350586,69.66795469828563,68.5117771330853,69.52921399532569,41155000
2003-11-19,69.1856918334961,69.37728764842376,68.65715130676212,68.72982575520145,29827000
2003-11-20,68.56465148925781,69.52923358194398,68.54483210332809,68.71000037345658,53578700
2003-11-21,68.84873962402344,68.92802220656041,68.45894493442141,68.8685590095238,30016000
2003-11-24,69.76045227050781,69.8859817401991,69.15924252518865,69.16585066583936,28906400
2003-11-25,70.02474975585938,70.30883942820354,69.66798562962231,69.8529783562365,37580000
2003-11-26,70.27581787109375,70.32866790213122,69.62835584564844,70.30884851042504,33053600
2003-11-28,70.3286361694336,70.46738192984809,70.16346792569088,70.21632297341691,10507500
2003-12-01,71.08843231201172,71.14128737551003,70.55989679863744,70.59292743292167,38699000
2003-12-02,70.91004180908203,71.20073453230252,70.73826539954116,70.94307243825898,35352000
2003-12-03,70.79772186279297,71.40553981961803,70.73825867107367,71.1214502249336,39078600
2003-12-04,71.08843231201172,71.16771490725918,70.65239063949134,70.80434264637864,36089500
2003-12-05,70.59291076660156,71.22055315625695,70.4409587955887,70.7712953036594,28824400
2003-12-08,71.06859588623047,71.11484279557077,70.480597307246,70.52023607509909,32482900
2003-12-09,70.52022552490234,71.30642790660238,70.3880929581364,71.28660852564093,43596100
2003-12-10,70.51363372802734,70.67880198322783,70.00491267931017,70.5400562131885,36915400
2003-12-11,71.30641174316406,71.41872490350987,70.47396264773857,70.48057078673926,45304000
2003-12-12,71.44517517089844,71.48481393645929,70.94967043924868,71.33286197478617,34142200
2003-12-15,71.08843231201172,72.16533280851064,71.00915475730054,72.12568899061877,38693400
2003-12-16,71.4583969116211,71.68302332100423,71.03556153768871,71.14127164130561,32894200
2003-12-17,71.68303680419922,71.68303680419922,71.22056761522528,71.39233900510925,23198800
2003-12-18,72.48904418945312,72.4956523309691,71.61034786762711,71.71605796974232,29353100
2003-12-19,72.28723907470703,72.5992233734244,72.07482498729222,72.55275795006338,41465100
2003-12-22,72.79174041748047,72.79174041748047,72.20759775054076,72.21423711657938,27611300
2003-12-23,72.83820343017578,72.98423402770476,72.60587120571802,72.67225473519295,24741200
2003-12-24,72.76519775390625,72.93778077918296,72.6390751040591,72.69881421334263,8055800
2003-12-26,72.81826782226562,73.07051301916809,72.77180240141797,72.82490718648701,8308400
2003-12-29,73.78741455078125,73.86042730191629,72.87137470717248,73.08378878921849,22483700
2003-12-30,73.80070495605469,73.8604440562666,73.58165145990633,73.74096079149044,19559500
2003-12-31,73.8670654296875,74.02637472246714,73.57499417263223,73.82723937258037,31501800
2004-01-02,73.83391571044922,74.47115826502875,73.5020182300836,74.17244749408752,38072300
2004-01-05,74.63710021972656,74.69019996284884,74.07287050291795,74.13925404443886,27959800
2004-01-06,74.71011352539062,74.82959680277537,74.34502432661698,74.45123393511581,20472800
2004-01-07,74.96233367919922,75.04862516473685,74.27198660184372,74.60388394301359,30170400
2004-01-08,75.26107788085938,75.28099598560586,74.85616251170102,75.17478635104112,36438400
2004-01-09,74.60391998291016,75.34073284139726,74.52426275938178,74.8959914048269,54084300
2004-01-12,75.15484619140625,75.17475922461308,74.58398227249941,74.7101049019458,31564100
2004-01-13,74.71675872802734,75.16150519805883,74.18572580111982,75.06856924488756,54239700
2004-01-14,75.34066772460938,75.44687726418384,74.78971713285334,74.84946126495139,30112800
2004-01-15,75.52657318115234,75.71243491891013,74.73002142951826,75.38717687783401,38408700
2004-01-16,75.82527160644531,75.87837133409629,75.42699073077698,75.6991489915269,31922700
2004-01-20,75.80531311035156,76.10402360790354,75.55307307929904,76.02436646235321,29863000
2004-01-21,76.40277099609375,76.53553297824776,75.48673610881409,75.75888930961418,30725000
2004-01-22,76.20361328125,76.5886102557601,76.05757767586499,76.4293009882266,29888500
2004-01-23,75.95806884765625,76.58203782406873,75.63944499083695,76.3364318289298,44245300
2004-01-26,76.91388702392578,76.95371308187008,75.9248293605986,75.93146872503972,30460600
2004-01-27,76.12397766113281,77.33208383259587,76.1040646300988,76.83423779933881,35322800
2004-01-28,75.25440216064453,76.52224732328825,74.96897025528213,76.32311196460485,52621300
2004-01-29,75.32740020751953,75.57300092520323,74.71670543386143,75.38049991728764,60117100
2004-01-30,75.32740020751953,75.48670946552383,75.06851569978132,75.35394753022858,30984400
2004-02-02,75.6527099609375,76.12400375961111,75.08848527601013,75.47348249148135,38832400
2004-02-03,75.52657318115234,75.76553971951309,75.30088537511863,75.50002078085087,25093500
2004-02-04,74.90924835205078,75.49339106546637,74.8694222813553,75.13494123614849,39332600
2004-02-05,75.1282958984375,75.3672624323232,74.86277696474755,75.12165653239833,37226800
2004-02-06,75.97129821777344,76.13724688584577,75.14155487741178,75.28759051561165,37216000
2004-02-09,75.99122619628906,76.25010574700663,75.86510357155667,76.11734375666936,24851300
2004-02-10,76.23683166503906,76.42933276450357,75.84519516445268,75.85846883211984,27908100
2004-02-11,77.0466537475586,77.25906785758934,75.78544275359705,76.23682337045639,42965700
2004-02-12,76.76783752441406,77.17938688709634,76.72137211042251,76.98025156899695,27814700
2004-02-13,76.4227066040039,77.13296695920857,76.17046635992254,76.88072671512721,44739900
2004-02-17,77.113037109375,77.2856251673562,76.84751818886983,76.9006229858413,23984300
2004-02-18,76.77449035644531,77.39845387317433,76.56871057465328,77.13293500477737,28618000
2004-02-19,76.48908233642578,77.25908172435788,76.37623336369248,77.21925565418894,51146200
2004-02-20,76.2567138671875,76.70809435065844,75.88499055057036,76.65499463710626,46728800
2004-02-23,76.0642318725586,76.50897816830509,75.7854393153575,76.48242577271189,36357000
2004-02-24,75.93146514892578,76.32974090266495,75.0287040727965,75.85180797243756,43953000
2004-02-25,76.25008392333984,76.37620144762383,75.8849948848452,75.97792571930735,31213600
2004-02-26,76.29656219482422,76.5288893201215,75.89828133505574,76.07750873482186,29683000
2004-02-27,76.34967041015625,76.8276034435416,76.0907908611312,76.46251936729317,39312000
2004-03-01,77.10638427734375,77.22586244528758,76.50232875175595,76.62181198405074,33130800
2004-03-02,76.65499877929688,77.64405126551289,76.48905013764684,76.96034367221085,38556400
2004-03-03,76.79441833496094,76.91390159578195,76.28329352753413,76.50234701643133,31346200
2004-03-04,76.9935531616211,77.06657099071754,76.68156881263667,76.81433080388118,21060000
2004-03-05,77.25245666503906,77.63081959477526,76.52228321204774,76.61521410255462,55905600
2004-03-08,76.30984497070312,77.41174670274198,76.27665827132795,77.22587991596214,39281600
2004-03-09,76.00450897216797,76.4758026995569,75.83192089622113,76.40278486220835,39746100
2004-03-10,74.7300033569336,76.18371020532129,74.7167246278179,76.15052351123465,67671800
2004-03-11,73.7608871459961,75.18804205279385,73.74760841267214,74.6105437620245,89134800
2004-03-12,74.7300033569336,74.8162948387804,74.06620870298539,74.16577891394788,54012200
2004-03-15,73.81397247314453,74.57733743092246,73.61483709134502,74.52423263670183,57677200
2004-03-16,74.20562744140625,74.38484982392465,73.57501929060204,74.19898807483806,59832600
2004-03-17,75.03538513183594,75.18142083770319,74.41141623016817,74.46452104400241,41607300
2004-03-18,75.05529022216797,75.18804717834007,74.29856443040984,74.809684282461,60014300
2004-03-19,73.97947692871094,74.98532215341149,73.96615673037758,74.87874532042832,48636200
2004-03-22,73.04026794433594,73.65309887760505,72.67389886351917,73.63311603357992,62752100
2004-03-23,72.9136734008789,73.5398293627096,72.84706225394271,73.43991010125293,54080200
2004-03-24,72.9736557006836,73.36666517970254,72.50736732446849,72.99363854441584,51584300
2004-03-25,73.93952941894531,74.13936801778513,73.13352254594295,73.32669850292632,49873600
2004-03-26,73.95951080322266,74.46576485008383,73.80630561829392,73.91288247536087,37409500
2004-03-29,74.99868774414062,75.09860707948526,74.32590805584435,74.35921111288688,44113600
2004-03-30,75.25175476074219,75.31836590148484,74.75216358201594,74.80545452745177,39059900
2004-03-31,75.3384017944336,75.53824043950712,74.85879311194341,75.2651279633805,48517600
2004-04-01,75.79131317138672,75.8512667567652,75.30504726003787,75.31836745561954,45103800
2004-04-02,76.36418151855469,76.49740380868062,75.87125294656325,76.47742097337218,50987700
2004-04-05,76.78384399414062,76.85711778567762,76.23096686086842,76.24428705837282,30251800
2004-04-06,76.53739929199219,76.72391259127608,76.3508859927083,76.49077096717122,28420900
2004-04-07,76.35751342773438,76.59066004196572,76.0111324488747,76.57067212597975,45890500
2004-04-08,76.18436431884766,76.87713171185044,75.76470426496806,76.87713171185044,46929700
2004-04-12,76.48411560058594,76.65730871586817,76.31758512722793,76.32424776915212,23085200
2004-04-13,75.41166687011719,76.80386441638277,75.28510207079107,76.77721892799268,56210300
2004-04-14,75.53156280517578,75.69809328231605,74.97202284139573,75.0119885296352,62322300
2004-04-15,75.2451171875,75.79133685491185,74.84544512780211,75.57151544334091,61602500
2004-04-16,75.82466125488281,75.97120889405647,75.25845862525397,75.5249033341802,47059200
2004-04-19,75.82466125488281,75.93123812203189,75.45162951459336,75.63814792579161,28277600
2004-04-20,74.55236053466797,76.15105408334892,74.4591038768547,75.99118625311284,53299400
2004-04-21,75.05195617675781,75.23846950288589,74.5190616852643,74.73887805842554,50177300
2004-04-22,76.10440063476562,76.3841705158622,74.89872204091735,74.92536751751297,62071500
2004-04-23,76.17767333984375,76.31755827839959,75.79798419744793,76.21763901311543,29395700
2004-04-26,76.07109832763672,76.56403205914101,75.67142631239155,76.27093687631202,35515200
2004-04-27,76.13774108886719,76.68396088580984,75.91125698266272,76.09111275554673,43485500
2004-04-28,75.15187072753906,75.94455739554054,74.93871192800589,75.8646209399256,50165800
2004-04-29,74.49241638183594,75.48493663095162,74.04611591005788,75.08526449082042,69687600
2004-04-30,73.9128646850586,74.85875629807477,73.87289900854125,74.71887134815874,48681400
2004-05-03,74.7055435180664,74.79880014181661,74.17264416911821,74.18596944799958,33758000
2004-05-04,74.64563751220703,75.44498704519647,74.3791927499853,74.772202331738,51185100
2004-05-05,75.12518310546875,75.24508518058612,74.71219102170082,74.87872139924693,34405000
2004-05-06,74.47908020019531,74.99865441455715,73.93952314406665,74.61896517466917,54997000
2004-05-07,73.24678039550781,74.75888030298489,73.24678039550781,74.0860956059367,60950000
2004-05-10,72.49403381347656,73.10686462525393,72.18095576686474,72.90036850178903,75279400
2004-05-11,73.10686492919922,73.30670349487764,72.82709500293412,72.91368900427165,48300600
2004-05-12,73.57315826416016,73.63311187495633,71.9811274067193,72.98697285006652,90830500
2004-05-13,73.26676177978516,73.81298164947363,73.02695743874068,73.1135565565171,57393700
2004-05-14,73.30003356933594,73.7663167334371,72.78711700671936,73.24007997274846,54123100
2004-05-17,72.67389678955078,72.94034656053114,72.21427614376903,72.5340118032601,55020400
2004-05-18,73.04026794433594,73.23344390675688,72.82710913788986,72.93368600005948,30193100
2004-05-19,72.78713989257812,74.0594351979712,72.70720851480309,73.60647208952065,54804100
2004-05-20,73.02030181884766,73.18683233332789,72.63394980554763,72.90705720659903,38082900
2004-05-21,73.1468505859375,73.63978449400322,72.92037155961586,73.25343253863514,47480400
2004-05-24,73.45327758789062,73.7796810575985,73.06026801046951,73.62647074711235,40961500
2004-05-25,74.50572967529297,74.59232877039744,73.00695547720305,73.20679406979099,48668000
2004-05-26,74.76553344726562,74.79884158081711,74.27926722290302,74.3791865414498,35977000
2004-05-27,75.18519592285156,75.29177280575954,74.64563361864785,74.96537443158738,45306900
2004-05-28,75.17851257324219,75.1918327741465,74.8454516474639,75.09191856209814,23367200
2004-06-01,75.0786361694336,75.17855552066952,74.51909593388731,74.91210561141015,41044700
2004-06-02,75.35836029052734,75.59150699514124,74.9120598871403,75.29174912439746,39774200
2004-06-03,74.66561889648438,75.39835722454461,74.65229869147781,75.14522759044817,38688300
2004-06-04,75.25843811035156,75.65811014690028,75.07858239053594,75.25843811035156,32739500
2004-06-07,76.40416717529297,76.47744097866087,75.55153209840016,75.55819473928068,31643800
2004-06-08,76.51074981689453,76.55071549833976,76.05112415185059,76.18435156017796,32846500
2004-06-09,75.79801177978516,76.4041800674406,75.7513834499655,76.27762036199115,36737600
2004-06-10,76.17103576660156,76.17103576660156,75.89126579742329,75.96453961060425,21711000
2004-06-14,75.4183120727539,75.83796698311409,75.18517045588713,75.81798414196923,34633000
2004-06-15,75.951171875,76.23760432585286,75.6114535660681,75.87124054682957,37445000
2004-06-16,75.93785858154297,76.07108086200222,75.73802007874984,75.93785858154297,26633400
2004-06-17,75.82466125488281,75.98452909665995,75.49160028661795,75.8379814574863,28402400
2004-06-18,75.96772003173828,76.36216918502281,75.66687304585868,75.72704040277156,31799800
2004-06-21,75.68022918701172,76.30867090185117,75.63343066148047,76.04793553094049,25284000
2004-06-22,76.06129455566406,76.13483581497782,75.32588706318256,75.6334209200146,37334000
2004-06-23,76.71649932861328,76.77666668369271,75.82732212095175,75.95434889366265,35580000
2004-06-24,76.4758529663086,76.83687255576476,76.38894282651087,76.58950586465785,35272100
2004-06-25,76.10809326171875,76.84350585665892,76.00112740287224,76.4891734794547,32837900
2004-06-28,75.84735870361328,76.62288286601282,75.82062106411881,76.56271042550989,40824500
2004-06-29,76.16158294677734,76.32872125473673,75.82730633085856,75.90084759441321,28418100
2004-06-30,76.56941223144531,76.74323752579856,75.98108713603214,76.2618783110709,52230600
2004-07-01,75.50642395019531,76.48251131920597,75.26574431392882,76.38222728731864,57734700
2004-07-02,75.4663314819336,75.74044091696564,75.27913728272117,75.6535307818054,34615100
2004-07-06,74.80447387695312,75.17886232070585,74.63064848492793,75.12538190064117,38698200
2004-07-07,75.02507019042969,75.2590628815885,74.71084924773436,74.75096082317356,29839800
2004-07-08,74.50359344482422,75.09191860782559,74.34313695437662,74.7509549414466,45291100
2004-07-09,74.69745635986328,74.83785192933172,74.46345864342607,74.69076939922483,27412900
2004-07-12,74.73087310791016,74.9046983616462,74.209402447358,74.55704785417413,35691300
2004-07-13,74.7844009399414,74.89136685621227,74.61057558776005,74.82451252096062,26752000
2004-07-14,74.55703735351562,75.13868037025804,74.289620201623,74.38321722491646,54089400
2004-07-15,74.07571411132812,74.81780874680744,74.00885469499805,74.70415079944071,38403500
2004-07-16,74.01556396484375,74.65737476992524,73.83505674805724,74.59052043410279,40871200
2004-07-19,73.70132446289062,74.18268372095497,73.53418611498816,74.0422881207958,39592800
2004-07-20,74.63732147216797,74.81114683163929,73.70803240141824,73.89522658823702,46679800
2004-07-21,73.26008605957031,74.91809570905902,73.17317084927774,74.75764431409577,56241100
2004-07-22,73.46065521240234,73.80161891847897,72.71856043481938,73.11300964393907,72477100
2004-07-23,72.8456039428711,73.34701917246188,72.66509670450858,73.28685179322754,49610500
2004-07-26,72.70516967773438,73.15978611514787,72.34415029208337,72.99933475507744,49679100
2004-07-27,73.38713836669922,73.61444928002207,72.85229846008427,72.90578398094377,51295100
2004-07-28,73.60771179199219,73.78822402582826,72.59819495648496,73.24001056495041,65862300
2004-07-29,73.92195892333984,74.1225270098925,73.54088363941646,73.90190313481624,52200500
2004-07-30,74.10244750976562,74.14256417739578,73.60771948135469,73.75480202779885,41581700
2004-08-02,74.25623321533203,74.45011433242239,73.574310924754,73.66790800187925,38263100
2004-08-03,73.68128967285156,74.24955919751778,73.64786505414122,74.16264906808004,40948800
2004-08-04,73.67455291748047,74.04225917940113,73.30016479672895,73.46730307930096,40763200
2004-08-05,72.47117614746094,73.79490877773628,72.38426095714993,73.7347414312041,50772000
2004-08-06,71.43490600585938,72.17700044104194,71.28114163137994,71.95637666827827,74729000
2004-08-09,71.53519439697266,71.8561021862198,71.44828431478268,71.54856321705716,37476300
2004-08-10,72.45781707763672,72.4778779645828,71.70904051936402,71.74246512962533,55870600
2004-08-11,72.31073760986328,72.42439046278999,71.6020675431243,71.98982973615878,52933200
2004-08-12,71.5218505859375,72.17034315024806,71.2878527970583,71.98983596237977,50015900
2004-08-13,71.66224670410156,71.76921260490333,71.26111054928519,71.60207424061588,41634700
2004-08-16,72.40433502197266,72.63164072890889,71.60206788421841,71.62881063220932,45731900
2004-08-17,72.8121337890625,73.05949521655393,72.55808030051719,72.70516282532631,40701600
2004-08-18,73.56095123291016,73.65454832814618,72.5313780846547,72.55143387639683,43165400
2004-08-19,73.34698486328125,73.55423476235676,72.9926524162204,73.41383917582266,39881600
2004-08-20,73.86180114746094,73.96208010309844,73.21330336415713,73.28015770146847,44870900
2004-08-23,73.67455291748047,74.05562799771843,73.57427402846173,73.90855059360575,33745100
2004-08-24,73.77488708496094,74.02894071168392,73.44061029245938,73.96876823669092,30453100
2004-08-25,74.27628326416016,74.38993612036529,73.47402120774323,73.76149937974655,38551400
2004-08-26,74.27628326416016,74.41667886900022,74.10914491068515,74.18268619426676,26629500
2004-08-27,74.5102767944336,74.63061661434367,74.24285950632925,74.34313843903948,24902900
2004-08-30,73.89519500732422,74.43672154499531,73.84170951947459,74.35649841387773,26726500
2004-08-31,74.28296661376953,74.3163963231018,73.60772627038631,73.98211963240917,44125300
2004-09-01,74.4233627319336,74.6372996114458,73.86178033596062,74.17599614285547,52778300
2004-09-02,75.26573944091797,75.34596258070766,74.36987527489288,74.36987527489288,42736600
2004-09-03,74.95821380615234,75.42619917561926,74.88467251942782,75.09860941699242,30480500
2004-09-07,75.45291900634766,75.6334261366959,75.09189964499475,75.23898217376701,37338800
2004-09-08,75.26573944091797,75.58664220139157,75.08522717507633,75.29248218773367,32963100
2004-09-09,75.19886016845703,75.46627734655326,74.8980081921152,75.25902750333196,34314800
2004-09-10,75.58663177490234,75.72702735082544,74.93145242059462,75.22561239367583,27900600
2004-09-13,75.83399963378906,76.04124952078215,75.55320847709065,75.75377140302231,44398100
2004-09-14,75.98777770996094,76.00783349475185,75.67355681315038,75.7470980911553,28048900
2004-09-15,75.41282653808594,75.78721481472991,75.33259829280892,75.74710324242027,38295000
2004-09-16,75.64012908935547,75.79389861121597,75.41282338821802,75.44624799686073,23911700
2004-09-17,75.961669921875,76.10264986817185,75.65285597447894,75.8273996478633,33683000
2004-09-20,75.50518035888672,75.85427291596511,75.37762484673858,75.63944554501951,37149400
2004-09-21,75.83413696289062,76.17651986094063,75.55217698656179,75.69315697472621,40920800
2004-09-22,74.8875732421875,75.53876521104715,74.83386510396507,75.52534073743652,49042100
2004-09-23,74.4847640991211,74.98826634888142,74.4847640991211,74.921133739958,44068700
2004-09-24,74.82716369628906,75.00842741475384,74.60562142789473,74.6324755018114,34981100
2004-09-27,74.35050964355469,74.65260898838405,74.23638367967608,74.58547636974312,39355100
2004-09-28,74.7063217163086,74.86073135835927,74.12226226421306,74.45793049990596,41662900
2004-09-29,75.08222961425781,75.08894440962332,74.51830972886997,74.65928970021693,33325700
2004-09-30,75.02855682373047,75.17625164990535,74.69288862674765,74.88757679562451,43536700
2004-10-01,76.29736328125,76.29736328125,75.33063747462657,75.36420633475781,62824300
2004-10-04,76.4249267578125,76.8277326607512,76.39807781138042,76.59947564095994,33082400
2004-10-05,76.46515655517578,76.63970531536194,76.22347523242148,76.4315877129486,36910600
2004-10-06,76.98883056640625,76.98883056640625,76.31749441048079,76.37791220600766,42297800
2004-10-07,76.1630859375,76.80085836794417,76.10266814110331,76.78742877637481,39388800
2004-10-08,75.53204345703125,76.37792345026703,75.42462719776307,75.9616982503257,51872600
2004-10-11,75.8408432006836,75.87440693395114,75.61930104918744,75.71328769735766,20229100
2004-10-12,75.54548645019531,75.74688942475713,75.14940042128494,75.32394420255541,41754700
2004-10-13,74.8808364868164,75.90798000014956,74.73314171095885,75.86098667345748,54212600
2004-10-14,74.27664947509766,75.1426739359957,74.236370935206,74.97483985726095,64082200
2004-10-15,74.69287872314453,75.0151172812636,74.22965503372266,74.53175432219547,63482200
2004-10-18,74.97481536865234,75.12251012920053,74.31690374127075,74.44445923845109,43535100
2004-10-19,74.34375762939453,75.34405209740171,74.24305619089803,75.20306701037386,55851900
2004-10-20,74.19607543945312,74.39747835056772,73.67914881302923,74.10208878010333,57118500
2004-10-21,74.67943572998047,74.73314385399397,73.9879602794446,74.37733649570959,53218300
2004-10-22,73.84028625488281,74.68617151925255,73.75301437024636,74.64589297586497,48752400
2004-10-25,73.75301361083984,73.92756250020555,73.41063062990057,73.67916620079627,43990900
2004-10-26,74.8808364868164,74.9211150177272,73.7664159939919,73.93425003530486,54337400
2004-10-27,75.78044891357422,75.92814373703341,74.59890056968095,74.7734443411417,73896000
2004-10-28,76.00869750976562,76.23694939567385,75.51861975194863,75.71330789563541,54413300
2004-10-29,75.9952392578125,76.29062876055231,75.7938415147616,75.9415362661315,48820200
2004-11-01,76.20337677001953,76.4249138329019,75.99525905619393,76.23694050832827,36720900
2004-11-02,76.23023986816406,76.91500064910593,76.00869765713686,76.31079694716337,56210000
2004-11-03,77.19024658203125,77.44535252076366,76.69345405444652,77.22381032239934,76960200
2004-11-04,78.24421691894531,78.324773965128,76.98881668976118,77.05594926887592,55350300
2004-11-05,78.73432922363281,78.97601072833226,78.20397287286961,78.57992472567433,63287200
2004-11-08,78.62022399902344,78.70078622912852,78.3584031535462,78.5329520911615,33863800
2004-11-09,78.46577453613281,78.88200483103613,78.3852174687823,78.6000448515317,44658100
2004-11-10,78.52617645263672,78.91555258030142,78.3851965005969,78.58659423698774,45265400
2004-11-11,79.1236801147461,79.29822895022645,78.61346319974345,78.66717132172025,37863200
2004-11-12,79.748046875,79.88902689607215,79.00286310512578,79.19755126428922,55583700
2004-11-15,79.9439926147461,79.97092113222983,79.60732963843667,79.78912538533325,35297900
2004-11-16,79.37163543701172,79.72850239010043,79.27064068686813,79.69483404867414,40028700
2004-11-17,79.84297180175781,80.22003259269587,79.49957421740037,79.70157400515603,54494000
2004-11-18,79.95069122314453,79.99109425786702,79.60729881894119,79.80929344428421,31854300
2004-11-19,79.06192779541016,79.9372535407232,78.87339736092895,79.92378414564936,54276500
2004-11-22,79.4389877319336,79.5332529419719,78.79932507859523,78.89359028863353,37560200
2004-11-23,79.56014251708984,79.62747403880608,79.0282147625197,79.40527539378327,41968800
2004-11-24,79.74869537353516,79.84969011612256,79.48609876867334,79.63422610349063,29724800
2004-11-26,79.68809509277344,80.11229356896904,79.65443189021447,79.79582966992388,15487700
2004-11-29,79.32453918457031,80.13253351538307,79.10234549538657,79.98440096454723,61460800
2004-11-30,79.37838745117188,79.614050481369,79.21005598144981,79.45245370881509,53685200
2004-12-01,80.28063201904297,80.46242771256067,79.51977062826354,79.56017366676468,49898300
2004-12-02,80.34800720214844,80.7116039237121,80.13254304904449,80.19313993410312,60163500
2004-12-03,80.29413604736328,80.89339585511593,80.1864014074179,80.33453396880762,49067900
2004-12-06,80.26716613769531,80.55669643045496,80.01803374813579,80.26716613769531,33030500
2004-12-07,79.51978302001953,80.543241203739,79.47938511229093,80.45570555423551,52047200
2004-12-08,79.984375,80.00457395272608,79.4591816808486,79.59384479040135,43895100
2004-12-09,80.26716613769531,80.43549758378656,79.27064685359333,79.54670775390757,60922800
2004-12-10,80.34800720214844,80.50286933312314,80.0248084039572,80.07194102691523,47828600
2004-12-13,81.0482406616211,81.06843961674721,80.36144536491963,80.63751145049368,38541000
2004-12-14,81.3310317993164,81.44549596339888,80.92030261095586,80.92030261095586,41500700
2004-12-15,81.39159393310547,81.54646107619072,81.00779855953455,81.27039512371115,46699200
2004-12-16,81.34446716308594,81.63399738749906,80.82600869182222,81.28387032259026,51641800
2004-12-17,80.80194091796875,81.16048855005165,80.61251991696912,80.81546877746794,70761900
2004-12-20,80.82220458984375,81.376939522643,80.61925064509612,81.01162551889718,47187400
2004-12-21,81.44461822509766,81.50550649481646,80.81546696512366,80.91017746349952,33094200
2004-12-22,81.64078521728516,81.91138878521923,81.38371466648135,81.43783125100116,31500700
2004-12-23,81.70169830322266,82.04671810802938,81.62728732702479,81.7693530910427,25646100
2004-12-27,81.53254699707031,82.10081504260665,81.44460302537256,81.99257154390102,29944100
2004-12-28,81.97905731201172,82.08053431858004,81.5866823059929,81.61374318516678,23422900
2004-12-29,82.10083770751953,82.12789858966642,81.8234675365156,81.91141669382685,22650600
2004-12-30,81.94523620605469,82.24290073845654,81.88435309424632,82.1278958641505,21076900
2004-12-31,81.76932525634766,82.30376589791862,81.72197001779499,82.06022319640948,28648800
2005-01-03,81.38369750976562,82.37139593737196,81.1130939988782,82.2360916012619,55748000
2005-01-04,80.38926696777344,81.54609243943976,80.12542985114787,81.49197068184097,69167600
2005-01-05,79.83451843261719,80.67338488901497,79.82775192372131,80.32836519400163,65667300
2005-01-06,80.24041748046875,80.60573152379375,80.00364129349896,80.12541264127395,47814700
2005-01-07,80.12541961669922,80.65986029171964,79.91569912312524,80.48396718265785,55847700
2005-01-10,80.5042495727539,80.81544185090202,80.05775293801959,80.05775293801959,56563300
2005-01-11,79.94950866699219,80.3283505145863,79.82097082813002,80.26070092199208,63099700
2005-01-12,80.21337127685547,80.39602575125483,79.50303742470687,80.09836641662865,72720500
2005-01-13,79.5707015991211,80.3216242762054,79.4895189557239,80.26073600332366,55537500
2005-01-14,79.9901351928711,80.18632271704388,79.66541493042583,79.80748069041258,42032500
2005-01-18,80.82220458984375,80.92368156221758,79.79391217307774,79.86156692888244,57391700
2005-01-19,79.9765853881836,80.85604058888848,79.96981887918308,80.79515749188616,54378900
2005-01-20,79.48950958251953,79.96306204315809,79.34744384432796,79.75334669078026,72049300
2005-01-21,79.00242614746094,79.82776488137003,78.91448216287557,79.68569913950066,63160400
2005-01-24,78.84687805175781,79.38131393903754,78.7251066082584,79.21218722091822,58441900
2005-01-25,79.0700912475586,79.46923283402278,78.9618528731293,79.09039078151646,68245000
2005-01-26,79.30683898925781,79.55714302700709,79.17830113549446,79.36772208125078,57195100
2005-01-27,79.4421615600586,79.65864344193997,79.13773568787188,79.27980143898137,55878800
2005-01-28,79.4421615600586,79.5233442012648,78.88742641515412,79.48275029999411,60738900
2005-01-31,79.93597412109375,79.99685720093174,79.63154323790584,79.79390327880647,52532700
2005-02-01,80.44342041015625,80.55842531935029,79.89544643097024,79.99692347610372,49841200
2005-02-02,80.68692779541016,80.90340966845073,80.43662369424962,80.54486205010242,52468900
2005-02-03,80.47723388671875,80.6125383192739,80.21339669490668,80.54488352232815,48837100
2005-02-04,81.33636474609375,81.47166395823832,80.49073176685494,80.50425962353575,50024600
2005-02-07,81.22814178466797,81.53256766962997,81.15372565077318,81.34991317091985,45412000
2005-02-08,81.32284545898438,81.62050996956233,81.22813496222501,81.29578457971957,39263500
2005-02-09,80.71395874023438,81.51223631876377,80.67337001700963,81.46488108789055,55279400
2005-02-10,81.0048828125,81.19430379721048,80.68016259909196,80.95076621782181,45858600
2005-02-11,81.70169830322266,81.88435797219972,80.81547632520515,80.97783646103481,53133000
2005-02-14,81.64078521728516,81.7625565647888,81.50548601398499,81.64755172585029,32432100
2005-02-15,81.94523620605469,82.14819023475329,81.64081032434214,81.72199296808866,43852700
2005-02-16,81.99935150146484,82.16847812492996,81.63403737542001,81.80993050899751,55523000
2005-02-17,81.33636474609375,82.0805207355571,81.3295982370863,82.01287112948481,58124000
2005-02-18,81.44461822509766,81.50550649481646,81.11313148078213,81.34314121645636,47723300
2005-02-22,80.23367309570312,81.49874215968013,80.22014523614628,81.11313364561968,80697600
2005-02-23,80.8087158203125,80.88989847492911,80.24721923355642,80.45693463964594,68292600
2005-02-24,81.34313201904297,81.39725377237683,80.49073763003985,80.66662558637317,68563600
2005-02-25,82.1481704711914,82.31053055828778,81.30253749061887,81.36342058777973,60899900
2005-02-28,81.60697174072266,82.06023498781015,81.20783541004512,81.95875798737758,69381300
2005-03-01,82.01290130615234,82.20908368754709,81.70847022481041,81.73553110946321,47294400
2005-03-02,81.97227478027344,82.48642106141654,81.62049374243908,81.69490985528877,64226500
2005-03-03,82.00614166259766,82.46616641754981,81.65435529398553,82.30380625737153,61230800
2005-03-04,83.02762603759766,83.09527563986737,82.391708421328,82.56760151629629,56168500
2005-03-07,83.06820678710938,83.37939905672376,82.80436975066819,82.98026282874008,43442400
2005-03-08,82.75703430175781,83.2102923792497,82.60820205868058,82.98704401463385,44362000
2005-03-09,81.83699798583984,82.72998642327528,81.83023147518193,82.51350453424048,73263600
2005-03-10,82.0196533203125,82.19554646986639,81.45139029129517,81.99259243873995,65149000
2005-03-11,81.44461822509766,82.34437312100343,81.28902461833805,82.06700297480621,57976500
2005-03-14,81.95198059082031,81.96551360845868,81.37018470438541,81.59343304341289,36336400
2005-03-15,81.2754898071289,82.16847817309475,81.23490106910067,82.14141729396428,62438500
2005-03-16,80.58544158935547,81.28900884169512,80.43660936041172,80.97781136590326,74874200
2005-03-17,80.7478256225586,81.00489626430743,80.49075498080974,80.7139982290994,62584200
2005-03-18,80.50807189941406,81.18044256400871,80.24319845028258,80.89519503134531,60232000
2005-03-21,80.20924377441406,80.67107536585537,79.9783305694977,80.6235341071015,61244300
2005-03-22,79.3941879272461,80.77288854719346,79.3941879272461,80.3925587710989,92472400
2005-03-23,79.46214294433594,79.95114157612745,79.29235204060872,79.42818269094762,70817300
2005-03-24,79.55723571777344,80.13452382873254,79.5029013779729,79.77456789536772,51932500
2005-03-28,79.67267608642578,80.10055244825178,79.67267608642578,79.7473844930428,46765500
2005-03-29,79.1429443359375,80.07340046095796,78.95277933090739,79.55723460329926,71160300
2005-03-30,80.2635726928711,80.27715368804989,79.30594931210712,79.31274240050064,62002100
2005-03-31,80.11414337158203,80.45372519590119,80.05302113037615,80.27035329067611,64575400
2005-04-01,79.75421142578125,80.81370537782466,79.40104850230311,80.56920597633633,95255300
2005-04-04,79.8900146484375,80.04622456073588,79.28555944197402,79.70664275118978,71581200
2005-04-05,80.27037811279297,80.39941572244366,79.91721000459023,79.99191844357124,46853900
2005-04-06,80.54882049560547,80.78652677409136,80.2635729614224,80.44694489579487,53268200
2005-04-07,80.98348236083984,80.99706853724881,80.35865296783777,80.41978039846194,46734600
2005-04-08,80.14134216308594,80.96312988042274,80.14134216308594,80.93596270196416,63772900
2005-04-11,80.20243835449219,80.42656361770503,80.02585952433158,80.33827420262472,44945000
2005-04-12,80.61673736572266,80.86123673726743,79.5097022868343,80.06661637055109,86144800
2005-04-13,79.66588592529297,80.6846312431018,79.55042418458693,80.52162826149561,65949000
2005-04-14,78.62676239013672,79.8017176188143,78.62676239013672,79.73380229971536,96119800
2005-04-15,77.52655029296875,78.91883300070198,77.49259002967409,78.60641826850416,128677300
2005-04-18,77.76423645019531,78.07665110147745,77.39748746435784,77.5061561334685,100035200
2005-04-19,78.38226318359375,78.46375948857329,77.98834710417141,78.17171897198175,64930100
2005-04-20,77.2888412475586,78.5317070431925,77.11905030033778,78.36191609597168,107735900
2005-04-21,78.78976440429688,78.92559504082317,77.68272450834172,77.96118404930924,86952200
2005-04-22,78.49092864990234,79.12255093761279,77.60801399168982,78.60638520596824,88845800
2005-04-25,79.00711059570312,79.12256717546347,78.59282034446178,78.68790284327709,52284100
2005-04-26,78.23963928222656,79.30592585384376,78.2056842135192,78.75580503368148,72626000
2005-04-27,78.54528045654297,78.8305279579333,77.72349302733313,78.00874052872346,84131900
2005-04-28,77.56048583984375,78.56565030986029,77.56048583984375,78.2871907294828,72481500
2005-04-29,78.61322784423828,78.69472938427272,77.40431683258099,78.15139614726259,103993800
2005-05-02,79.05465698242188,79.06145007038086,78.45698960062093,78.83053171424652,56026400
2005-05-03,79.19049072265625,79.36028165695939,78.57245441622909,78.83053477099092,86000300
2005-05-04,79.80172729492188,79.97151820406002,78.97314682927063,79.2244392401737,81055700
2005-05-05,79.77454376220703,80.14129267250105,79.28554521514833,79.91716747483144,96906700
2005-05-06,79.52328491210938,80.13453335349857,79.50291082766448,80.09378518460876,67415400
2005-05-09,80.0190658569336,80.19564986742297,79.49611209483258,79.60477559094375,43750500
2005-05-10,79.19049072265625,79.80173912246913,79.0478669596346,79.70665661378803,74613500
2005-05-11,79.6251449584961,79.73381362978141,78.68110789853654,79.4146058848901,91647400
2005-05-12,78.74899291992188,79.86282046389111,78.74899291992188,79.679448628679,95086800
2005-05-13,78.59283447265625,79.20408291892645,77.96800503051718,78.98675071376465,85267000
2005-05-16,79.32632446289062,79.3534864518394,78.55207823765144,78.57924022660022,49207000
2005-05-17,79.85604858398438,79.93754489082858,78.89163762121369,79.06142850261445,61071800
2005-05-18,80.6778564453125,80.87481453986257,80.14810958902295,80.20243874693402,77944900
2005-05-19,81.0174331665039,81.0989346706232,80.61672391492677,80.83405607763738,61768100
2005-05-20,80.90196228027344,81.08533415510145,80.64387682034426,81.05137390565606,46345500
2005-05-23,81.3502197265625,81.52680372328383,80.94951566733383,80.96309666018593,51047900
2005-05-24,81.16008758544922,81.38421292027563,80.95633633895075,81.1193394087933,50654100
2005-05-25,81.09893798828125,81.4113526611078,80.7050218080013,81.0581846437507,47608800
2005-05-26,81.5335922241211,81.64225570564741,81.24155166895898,81.35700823733289,43256200
2005-05-27,81.66942596435547,81.66942596435547,81.36380440553093,81.54038321739934,24596100
2005-05-31,81.14647674560547,81.61509614964275,81.09214240897266,81.55397390713648,43377200
2005-06-01,81.83922576904297,82.12447327917492,81.12610181210528,81.17364306379395,69611000
2005-06-02,82.01578521728516,82.07011435893742,81.56753482281167,81.65582939350834,39704500
2005-06-03,81.60150909423828,82.10408871673708,81.31626162051792,81.87317557561312,60999400
2005-06-06,81.52680206298828,81.63546554841416,81.19401333801203,81.46567464238034,36046400
2005-06-07,81.58789825439453,82.34856313595623,81.50640196174528,81.76448219114388,66501300
2005-06-08,81.43852233886719,81.90034868383941,81.27551931893926,81.79168518549531,46881200
2005-06-09,81.82563781738281,81.89355314521927,81.11930700834745,81.32305299185681,56653300
2005-06-10,81.63545989990234,81.94108661858066,81.22796278993813,81.87995920220224,36465300
2005-06-13,81.89356994628906,82.23315183674644,81.37061093328397,81.45890554103228,49383200
2005-06-14,82.08372497558594,82.31463814579264,81.75772412055599,81.8052653721637,33857100
2005-06-15,82.23993682861328,82.34181242846097,81.65586076481026,82.28748326593602,53195600
2005-06-16,82.45046997070312,82.6134677994597,82.12446913158244,82.21955163015774,46564500
2005-06-17,82.75597381591797,83.12420306279671,82.6605075521925,82.87871689821088,51529400
2005-06-20,82.78324890136719,83.08328349428531,82.46957329819034,82.56503955991717,41019400
2005-06-21,82.83098602294922,82.95372910858607,82.53094621305439,82.85144233680181,39879800
2005-06-22,82.89916229248047,83.15146892910599,82.55820990907756,82.97417223303074,46310100
2005-06-23,81.73309326171875,82.91960591773808,81.71263695424734,82.72867344464528,62185600
2005-06-24,81.1330795288086,81.83544102248389,81.03760801855381,81.74679002064524,58572500
2005-06-27,81.24899291992188,81.42628970091407,80.97622984205456,81.12624979500774,48183800
2005-06-28,81.93085479736328,81.99222372618866,81.39896993746231,81.41942624707077,41174200
2005-06-29,81.71265411376953,82.10133964490882,81.66492098547246,82.08088333314161,42316500
2005-06-30,81.2694091796875,82.04678018677508,81.11256879640614,81.97859075155205,62288800
2005-07-01,81.508056640625,81.69217379747022,81.2898473750257,81.45350302359536,49737500
2005-07-05,82.16272735595703,82.27183464700961,81.27625402750374,81.31716666038746,51549000
2005-07-06,81.4739990234375,82.2718265008046,81.42626588895882,82.0945297716603,52363600
2005-07-07,81.79446411132812,81.79446411132812,80.64204874228838,80.66250505024178,103268800
2005-07-08,82.72869110107422,82.72869110107422,81.63764444874388,81.80812065074927,64491200
2005-07-11,83.1514663696289,83.26056842364892,82.72186305015171,82.73550405847942,49688300
2005-07-12,83.36966705322266,83.62196845345385,82.94688428165823,83.18554987749306,51871100
2005-07-13,83.48558044433594,83.54694936116951,83.18554075532049,83.3764732110506,41182300
2005-07-14,83.81292724609375,84.17433598261812,83.52652325642364,83.86066037728526,63638800
2005-07-15,83.76519775390625,83.90158185922112,83.43788630619386,83.73110562946877,56075900
2005-07-18,83.43107604980469,83.62200861817993,83.22650767048364,83.53336284072637,56598400
2005-07-19,83.8879165649414,83.94929069519794,83.47195947106997,83.67652776604476,59165700
2005-07-20,84.17432403564453,84.37207703751943,83.39695303656137,83.59470083591589,69477000
2005-07-21,83.68333435058594,84.2902290356815,83.51285819853618,84.24931642399574,101110900
2005-07-22,84.24251556396484,84.25615137019979,83.62197972860466,83.79245592040421,52607100
2005-07-25,84.00386047363281,84.52210441589865,83.7720101183908,84.15388037363861,57301600
2005-07-26,84.10613250732422,84.23569607946712,83.8401900610987,84.03112776834317,42758800
2005-07-27,84.4129867553711,84.48117618754745,83.90837871424178,84.2152337602955,43181600
2005-07-28,84.94489288330078,84.99262601803045,84.31072112045156,84.52893047957595,47880700
2005-07-29,84.37889099121094,84.9857857930362,84.21523531047117,84.83577112049491,62358100
2005-08-01,84.3175277709961,84.58347022115022,84.18114369237819,84.4402708404919,40418200
2005-08-02,84.82217407226562,84.96537351744256,84.37893472146676,84.46758571314034,45147400
2005-08-03,85.04716491699219,85.06080072347078,84.63802308986679,84.72666883827911,36837200
2005-08-04,84.36527252197266,84.76759390365706,84.26298574954602,84.71304546721468,50855600
2005-08-05,83.79248046875,84.54258009443805,83.64928104998828,84.1811660918238,53595500
2005-08-08,83.63561248779297,84.15386151645077,83.45149530539875,83.97656483776153,47616000
2005-08-09,84.1402587890625,84.2766377100882,83.7856704728823,83.9152288871,47170000
2005-08-10,84.09933471679688,84.89716222159947,83.7515617521951,84.43346666963767,72863700
2005-08-11,84.43347930908203,84.57667873887891,83.8811379080766,84.0584294673361,58570200
2005-08-12,83.91521453857422,84.34481795114041,83.70382568637272,84.26298749100364,54776900
2005-08-15,84.43347930908203,84.4675766410671,83.75839479646179,84.02433733787348,36208500
2005-08-16,83.33556365966797,84.22885705428406,83.25373323169939,84.17430863815777,71942100
2005-08-17,83.3287353515625,83.78561536177658,83.21281282468802,83.32192005175972,62275100
2005-08-18,83.32194519042969,83.57424662474554,83.08327435983183,83.22647893919874,53388600
2005-08-19,83.51290130615234,83.75156700171239,83.32878405349032,83.62200339447038,39842100
2005-08-22,83.51290130615234,84.03115053259843,83.11057467433228,83.58791126797436,69912000
2005-08-23,83.35601806640625,83.60832464500325,82.61274453874485,83.53331472170467,55168600
2005-08-24,82.61280059814453,83.69021186161648,82.571882756067,83.15150622988051,79104600
2005-08-25,82.91278076171875,82.96733438026102,82.65365887742207,82.74912510861134,35631100
2005-08-26,82.34680938720703,82.84459688278294,82.29225576501469,82.83778158189871,61956800
2005-08-29,82.98101806640625,83.04238701694109,82.08771901150745,82.10818053087448,56179200
2005-08-30,82.54456329345703,82.71503946283424,82.09450370909165,82.68094214795087,74160200
2005-08-31,83.58792877197266,83.64248242881665,82.33322067717629,82.6400810950314,102945200
2005-09-01,83.52652740478516,83.97658712338969,82.60595685607387,83.54698371880875,74578700
2005-09-02,83.3764877319336,83.79245002686945,83.21965255992049,83.77199371769558,47653400
2005-09-06,84.35162353515625,84.41981817867348,83.63562660091314,83.64244710576904,57251300
2005-09-07,84.49484252929688,84.6448572440552,84.18798218871805,84.30390477842657,41749700
2005-09-08,84.21525573730469,84.55620818968245,84.08569214059425,84.32436301927592,39068700
2005-09-09,84.96534729003906,85.06081355735482,84.4198265057378,84.44028281980242,43093900
2005-09-12,84.79484558105469,85.0130548696881,84.74029195826638,84.86303500828016,33017600
2005-09-13,84.3243408203125,84.84258466567991,84.22886937246041,84.64483167105806,58427500
2005-09-14,84.01746368408203,84.5016153173802,83.88790014752368,84.3788722834089,57694600
2005-09-15,83.97657775878906,84.31753016121814,83.80610155757451,84.27661233521252,73156900
2005-09-16,84.57373046875,84.73808281404166,84.14230360310931,84.43677105178476,75424100
2005-09-19,84.29296112060547,84.60797719990393,83.98479980456769,84.55319134048966,53355300
2005-09-20,83.58078002929688,84.64907834581369,83.45751443703202,84.36830468717282,84480300
2005-09-21,82.8000717163086,83.45748624475456,82.71104340356098,83.40270039455085,94469100
2005-09-22,83.09456634521484,83.31370983158187,82.47824357614651,82.82749175204036,84597200
2005-09-23,83.16305541992188,83.47121681973341,82.79325860534689,83.02609073415232,59368100
2005-09-26,83.25890350341797,83.71087377133097,82.91649972709992,83.5602152738043,70415400
2005-09-27,83.23837280273438,83.53968461905662,82.87542035578373,83.2178241843023,66150800
2005-09-28,83.3205337524414,83.62870028621312,82.9986733664578,83.49858517919837,58620500
2005-09-29,83.99847412109375,84.13543350459007,82.91647722760983,83.23833752595833,66607700
2005-09-30,84.25871276855469,84.25871276855469,83.36846095677595,83.97109488154916,47824200
2005-10-03,83.95738983154297,84.46414586658584,83.85466767216056,84.20392092419432,50994800
2005-10-04,83.01240539550781,84.25190588705873,82.97131859789546,84.08755347194021,60776300
2005-10-05,81.92350769042969,83.07398433576004,81.88242091816763,83.03289756349798,106052100
2005-10-06,81.62908935546875,82.35498919123071,80.9237381428529,82.02627914158977,140941800
2005-10-07,81.90984344482422,82.21116048275597,81.58113347392887,81.97147362549148,75661400
2005-10-10,81.21818542480469,81.97832232660112,81.01274626668015,81.95777893325543,52677000
2005-10-11,81.10176086425781,81.75917550563399,81.02643161345424,81.48525143222713,75629800
2005-10-12,80.46485900878906,81.58109304437195,80.40322885866416,81.07433709735051,100510400
2005-10-13,80.41697692871094,80.86210302574227,80.04033056399165,80.43752032593768,99052900
2005-10-14,81.26610565185547,81.36197828492122,80.50596890064365,80.88946465757333,88651000
2005-10-17,81.56741333007812,81.67697980195076,81.11543791885508,81.35512469886696,68109300
2005-10-18,80.68402099609375,81.46470114316702,80.67032714468311,81.4510072917564,74996900
2005-10-19,82.02626037597656,82.03995945493995,80.20467472392991,80.46489975288863,116563800
2005-10-20,80.58126831054688,82.04675541588429,80.32789297039541,81.82761730362817,131966700
2005-10-21,80.89632415771484,81.3414501660369,80.47174676719308,81.00589588731249,96579500
2005-10-24,82.14952850341797,82.2385516207615,81.0880797363174,81.10862313072991,71308400
2005-10-25,81.98513793945312,82.34123546764526,81.45098903483216,81.98513793945312,76594500
2005-10-26,81.74547576904297,82.54669931573575,81.62221020611587,81.84134840413441,80855800
2005-10-27,80.87578582763672,81.74549450559442,80.75936977615197,81.62907322944172,66623100
2005-10-28,82.03996276855469,82.14267974158992,80.87578656903126,81.1017743590448,72322000
2005-10-31,82.26590728759766,83.06713587939669,82.26590728759766,82.37547897438458,77698900
2005-11-01,82.5124740600586,82.79324771043726,82.32757828943613,82.5741094667113,66365100
2005-11-02,83.37531280517578,83.37531280517578,82.26592277855138,82.2933157054063,74012300
2005-11-03,83.73139953613281,83.99847923213308,83.37530198257562,83.64922599090126,84897600
2005-11-04,83.62184143066406,83.86152300266994,83.23835091545465,83.82043622594506,59156000
2005-11-07,83.70404052734375,83.97111509021883,83.44381027913995,83.79991317941851,46765400
2005-11-08,83.70404052734375,83.83415042677797,83.40272349244154,83.4985961445163,42152800
2005-11-09,83.81356811523438,84.19705854546255,83.45062106881625,83.60127951631024,57666800
2005-11-10,84.46415710449219,84.58742266721828,83.3753156543007,83.77934958371765,79048100
2005-11-11,84.75178527832031,84.80656591249604,83.84098996756036,84.4710116702513,34867000
2005-11-14,84.7038345336914,84.92981701976775,84.49154067299409,84.77231423324987,45092200
2005-11-15,84.3956527709961,84.97773794887073,84.13542786991451,84.60794659326302,69592500
2005-11-16,84.5668716430664,84.60796364337659,84.21762360076065,84.4846980917786,51133000
2005-11-17,85.35441589355469,85.36126543222461,84.32720452908669,84.69700124725523,55717500
2005-11-18,85.68997192382812,85.7926941073431,85.14212898619368,85.64203560147676,72437200
2005-11-21,86.12141418457031,86.2241363801738,85.58726503703357,85.70368108720585,50021200
2005-11-22,86.4912109375,86.64186423639954,85.88857684323023,85.98444949919715,66438800
2005-11-23,86.9910888671875,87.25131903996851,86.42954697150148,86.45693989625033,50854700
2005-11-25,87.05960845947266,87.1212438745669,86.84047018573374,86.95689147542986,15270000
2005-11-28,86.44329071044922,87.15548622323779,86.31317555682973,87.141792366121,54498500
2005-11-29,86.34735870361328,86.95684206909851,86.34735870361328,86.7308543832668,51738900
2005-11-30,85.88175201416016,86.64188389474643,85.79957319411368,86.39535788394517,56007200
2005-12-01,86.7582778930664,86.99110997292198,86.27206511630851,86.29945282303598,65468200
2005-12-02,86.86780548095703,87.02531345975413,86.62812396945283,86.8130196427089,46699400
2005-12-05,86.68290710449219,86.78562924183777,86.40898314645895,86.7650806346367,59273400
2005-12-06,86.8472900390625,87.47731170761688,86.71717493752767,87.00479806853448,57935200
2005-12-07,86.34052276611328,86.88152126739612,86.06659874683933,86.81303634407806,66816500
2005-12-08,86.28572082519531,86.84726260888061,85.92962332381701,86.43637926893176,62608600
2005-12-09,86.51173400878906,86.81989529848141,86.1624807157155,86.39531798598676,50744500
2005-12-12,86.59392547607422,86.87469912113922,86.25837118961535,86.77197692844061,48389900
2005-12-13,87.18286895751953,87.44994354972178,86.48436738360628,86.57339050611762,88630900
2005-12-14,87.5252456665039,87.71699093222965,87.06642589142204,87.10066835658735,64375000
2005-12-15,87.27184295654297,87.65533336813576,87.09379159773273,87.54576169358639,55900300
2005-12-16,86.990966796875,87.67940432755469,86.990966796875,87.62432806453356,46238300
2005-12-19,86.54350280761719,87.34209306232835,86.52973636462964,87.24571220432703,48733000
2005-12-20,86.6260986328125,87.14930739186474,86.38514653951718,86.64675091904328,46603200
2005-12-21,86.76377868652344,87.26634038068264,86.6054410002874,86.89458349439255,51806900
2005-12-22,87.21818542480469,87.21818542480469,86.79823795209472,86.95657570270527,32247900
2005-12-23,87.26637268066406,87.33521540678495,87.03230110901701,87.2801391249429,27977300
2005-12-27,86.37828826904297,87.46602121158428,86.31632613820788,87.4040590807492,44499500
2005-12-28,86.57100677490234,86.73623028735048,86.39889741749697,86.56412092994512,30764300
2005-12-29,86.1855239868164,86.71561874563574,86.09602371740564,86.55039515556211,32788900
2005-12-30,85.71736907958984,86.09600661715261,85.61410238666829,85.91701661860826,44645600
2006-01-03,87.22506713867188,87.43160057956905,85.63477750179985,86.18552984261657,73256700
2006-01-04,87.63812255859375,87.76892215184914,87.22505573082293,87.33520828552525,51899600
2006-01-05,87.69316101074219,87.83773224581712,87.34894228369873,87.53482333762433,47307500
2006-01-06,88.42292785644531,88.51930870116288,87.67941398088506,88.13378532229258,62885900
2006-01-09,88.65015411376953,88.84979648897081,88.38166374451043,88.40919663929614,43527400
2006-01-10,88.73961639404297,88.7946926712716,88.29901668093954,88.38851694452681,44960800
2006-01-11,89.02186584472656,89.11136609571567,88.62257076956851,88.82222355950968,49598900
2006-01-12,88.67078399658203,89.00123117412437,88.42294598724368,88.86354572554227,40509200
2006-01-13,88.58814239501953,88.73959950238688,88.25769529927429,88.51242434605962,44856700
2006-01-17,88.34721374511719,88.40917061869666,87.98922318989253,88.25771348012954,52066600
2006-01-18,87.99609375,88.73960236559728,87.54172766559955,87.8308701967964,75067600
2006-01-19,88.33346557617188,88.65015163335647,87.98924662497194,88.20955179600969,81530400
2006-01-20,86.7225112915039,88.33345323695374,86.7225112915039,88.31280094314494,114957800
2006-01-23,87.03227233886719,87.30764840468338,86.83262482245948,86.88770108609503,67017400
2006-01-24,87.12177276611328,87.53483423953745,87.03227252442427,87.17684377750466,53008800
2006-01-25,87.19754028320312,87.55552565285362,86.6330162059985,87.45914477439526,87747700
2006-01-26,87.67943572998047,87.89284976016981,87.26637411410678,87.60370715429457,71294000
2006-01-27,88.49180603027344,88.57442572427715,87.74141121508458,87.88598780104427,65771200
2006-01-30,88.42292785644531,88.67764640932943,88.36097099299634,88.42292785644531,33709600
2006-01-31,87.77581024169922,88.49178085610107,87.76892439376371,88.34033422042415,72937000
2006-02-01,88.38853454589844,88.41606743763268,87.92728245007292,87.99612518413639,63561000
2006-02-02,87.36273956298828,88.21640078543568,87.29389684788748,88.18886790128535,83626900
2006-02-03,86.92903137207031,88.38852127597397,86.83953635646024,87.14245064369914,86040400
2006-02-06,87.15621948242188,87.29391018602452,86.86019103513031,87.04607217190305,45511900
2006-02-07,86.38516998291016,87.1975267267376,86.33009370310687,87.00475974742612,71208100
2006-02-08,87.16997528076172,88.18886529214129,86.46776595136656,86.6398753602078,59422200
2006-02-09,87.02539825439453,87.84463541471291,86.99786012051699,87.3764976435187,62023300
2006-02-10,87.18375396728516,87.52108698533056,86.36451138538324,87.03918267383712,64508700
2006-02-13,87.02539825439453,87.28700264768818,86.70871234098381,87.15619782486036,52308700
2006-02-14,87.94793701171875,88.14069877301002,86.8877420722527,87.05985153802905,90964400
2006-02-15,88.2577133178711,88.34033298721778,87.5968137390902,87.89972801566755,85471300
2006-02-16,88.91862487792969,88.95304886736868,88.24394830005092,88.35410086436501,61017900
2006-02-17,88.67765045166016,88.91860782680014,88.51931273627586,88.84287926644683,40342600
2006-02-21,88.45733642578125,89.0838065549334,88.31964052469759,88.88416430591792,46456300
2006-02-22,88.99433898925781,89.25593815607974,88.56750049809308,88.65012016026448,42326700
2006-02-23,88.86355590820312,89.2490794102998,88.31280354603892,88.99436077599898,43423200
2006-02-24,89.09075164794922,89.13893683875412,88.64326070766177,88.8842181758726,36777400
2006-02-27,89.1251449584961,89.52442956104832,89.00122071602547,89.08382987452246,35858600
2006-02-28,88.27837371826172,89.43495465282533,88.20953624299632,88.94615920622466,74394800
2006-03-01,89.06317138671875,89.14579104419113,88.46423401984717,88.53308198362008,48641600
2006-03-02,89.05628967285156,89.09759424870637,88.53996146521784,88.73960375009086,60642300
2006-03-03,88.64322662353516,89.5450887546712,88.56749806304968,88.58126975715378,73402500
2006-03-06,88.2370834350586,88.93240192489084,88.01678351951846,88.90486903126708,57478400
2006-03-07,88.09938049316406,88.16133737008198,87.70697118226079,88.02365191979999,61780800
2006-03-08,88.2852554321289,88.42294087274712,87.55550789023633,87.9134931872614,66692400
2006-03-09,87.69316101074219,88.58812654963862,87.69316101074219,88.3127557698926,56313600
2006-03-10,88.52620697021484,88.69831640619616,87.73450776659132,87.92038364641135,60490800
2006-03-13,88.69145965576172,88.91864543290465,88.48492617611095,88.6983402533494,45479100
2006-03-14,89.62080383300781,89.65522781476206,88.53996223805026,88.60881020155875,69877300
2006-03-15,90.02012634277344,90.08897432726197,89.39365590472926,89.60017884873966,53398900
2006-03-16,90.20598602294922,90.50890027502373,90.07518118639658,90.19221432838445,65526400
2006-03-17,90.28133392333984,90.47486220566101,90.11545856506478,90.32280276290861,47286800
2006-03-20,90.13618469238281,90.47485388203734,89.99795172437081,90.29515207827166,45538500
2006-03-21,89.56939697265625,90.53704863819901,89.4726328607517,90.10851281705266,87102700
2006-03-22,90.115478515625,90.20532417241469,89.47267972049949,89.51414856924899,51605700
2006-03-23,89.92884063720703,90.12236892468594,89.61781378565169,90.03251273889192,46704200
2006-03-24,89.9979476928711,90.24677124274632,89.67309443202014,89.84588827091962,43209200
2006-03-27,89.86663055419922,90.04633236564497,89.67310228141152,89.87353851162025,32523000
2006-03-28,89.31370544433594,90.21914372769587,89.19620686637721,89.80443417895758,82079900
2006-03-29,89.87353515625,90.1983884334083,89.36206157069239,89.44500978914736,61505700
2006-03-30,89.71458435058594,90.53016639954967,89.54179047107654,89.92884707373739,70571700
2006-03-31,89.73529052734375,90.01867493170151,89.4173452486622,89.8666155218753,62925600
2006-04-03,89.66617584228516,90.45411532504747,89.50030050686084,89.90118347830116,61624700
2006-04-04,90.23986053466797,90.35735908968968,89.41045214560297,89.66618367438555,54809300
2006-04-05,90.55087280273438,90.7374930878801,90.11543953272525,90.27440689966514,50607200
2006-04-06,90.45413208007812,90.68913975962516,89.98413781398585,90.44031616389958,57906200
2006-04-07,89.53484344482422,90.82042992071091,89.40352899728848,90.58543285059673,80180900
2006-04-10,89.673095703125,89.90809279619963,89.34132393425591,89.67309570312501,41496500
2006-04-11,88.91276550292969,89.89423289105986,88.64320763257348,89.74909202436545,72799400
2006-04-12,89.07867431640625,89.25146813806502,88.89205403599537,89.00264461301647,43033700
2006-04-13,88.96121215820312,89.33444232513537,88.68473560260313,88.87826391827203,51051800
2006-04-17,88.92664337158203,89.37590323308625,88.48429146841589,89.04414194233696,64167700
2006-04-18,90.33662414550781,90.50251004095588,89.11324071451534,89.11324071451534,92531800
2006-04-19,90.5094223022461,90.5923705271644,90.01869364293921,90.37118932271599,87269000
2006-04-20,90.63382720947266,91.13838226300565,90.2675051169283,90.54397103890555,86005500
2006-04-21,90.64765167236328,91.09000351714619,90.28132954526961,91.02089230338316,72342600
2006-04-24,90.48175048828125,90.59234105452673,90.11542846577782,90.46792403087633,52546400
2006-04-25,90.1085433959961,90.62692500279334,89.7975165412179,90.57162969915488,84359800
2006-04-26,90.1292495727539,90.64072306125374,90.06013837473878,90.1983713172665,67262400
2006-04-27,90.564697265625,90.97940665758605,89.56940316211681,89.78366581424746,124478600
2006-04-28,90.86884307861328,91.06237137329565,90.34355349968988,90.3988382583125,55854400
2006-05-01,90.1292495727539,91.09690126344299,90.0739648329408,90.86881216234836,64990300
2006-05-02,90.80661010742188,90.8619053944554,90.36425835765118,90.55086808657956,49063500
2006-05-03,90.46793365478516,90.76514451487485,90.16381483850657,90.64763543417794,60821300
2006-05-04,90.79278564453125,90.97248742146661,90.52322770587926,90.5992574089092,42921400
2006-05-05,91.59455108642578,91.7880793211647,91.13146491426492,91.26969786100733,62588200
2006-05-08,91.48396301269531,91.76734741649192,91.48396301269531,91.5876350889633,30016700
2006-05-09,91.66362762451172,91.76731020523495,91.4493650561084,91.52539473004124,29864000
2006-05-10,91.61527252197266,91.7535054491316,91.15909437050148,91.51850841831177,64378200
2006-05-11,90.5094223022461,91.61530723148748,90.2122219235814,91.58765430768128,80626900
2006-05-12,89.32752990722656,90.35046674562916,89.29296902118895,90.10164313126079,91726500
2006-05-15,89.5072250366211,89.67311094925941,88.89207927869278,89.01648580329584,84029300
2006-05-16,89.37590789794922,89.85282071070016,89.16855312547031,89.68693478341666,62137600
2006-05-17,87.67560577392578,89.23075582734393,87.62031047171753,88.93354489628713,144789500
2006-05-18,87.2332534790039,88.29766431171599,87.16413698820448,88.021193075268,87906300
2006-05-19,87.8484115600586,88.117969603342,86.94988650686425,87.68944413619965,124309400
2006-05-22,87.17794036865234,87.89676332727831,86.74250181964058,87.28161772029776,110852800
2006-05-23,86.51441955566406,88.21471032832478,86.51441955566406,87.90368352199339,92006500
2006-05-24,87.20561218261719,87.70325938983655,86.23105746285479,86.86693766174592,168405000
2006-05-25,88.2838134765625,88.2838134765625,87.38528357815144,87.72395796061474,78977900
2006-05-26,88.73312377929688,88.73312377929688,88.13179913009422,88.47738164467769,62989700
2006-05-30,87.1572036743164,88.47043778991019,87.12264807350414,88.44970337477302,72419900
2006-05-31,88.13178253173828,88.13178253173828,87.22633911232806,87.51663680710662,86926200
2006-06-01,88.97498321533203,89.12013465215014,87.9658680258132,88.0418977219566,73721700
2006-06-02,89.16167449951172,89.45887501885421,88.6916800373407,89.33446844234022,91702600
2006-06-05,87.8621826171875,89.06482584214719,87.620267108064,89.05791788772763,86105100
2006-06-06,87.6479721069336,88.04194196983678,86.92224092434934,87.92444338883521,130498600
2006-06-07,86.99134063720703,88.228545298167,86.94295856770582,87.71707695297548,108599400
2006-06-08,86.91531372070312,87.43369531347074,85.61590575986907,86.79781515858919,204957200
2006-06-09,86.63883972167969,87.75163259387787,86.59737088302016,87.3369283875323,94972200
2006-06-12,85.69884490966797,87.03972700673133,85.5813463455388,87.00516612398728,95815900
2006-06-13,84.70356750488281,86.28635490649356,84.70356750488281,85.52606284049799,185688800
2006-06-14,85.36014556884766,85.4499964552874,84.55837972708206,84.90396736096403,163566400
2006-06-15,87.17106628417969,87.33694694731885,85.60900799263662,85.6712112638446,134057000
2006-06-16,86.53582000732422,87.16756691410659,86.40391453705377,86.98012703748432,94253500
2006-06-19,85.85547637939453,87.11203706480524,85.77217211723016,87.0564973589904,95804400
2006-06-20,86.14703369140625,86.64688034503071,85.89017187525134,86.09149929388101,65494700
2006-06-21,86.78572845458984,87.26474374430298,86.05678454474942,86.08455439143023,75008200
2006-06-22,86.40388488769531,86.82042192346667,86.11230949231094,86.74405618231042,74566100
2006-06-23,86.39002227783203,86.9870607737305,86.10538530572734,86.31365651929453,54107000
2006-06-26,86.77186584472656,86.82046176625846,86.25813677473826,86.45946424867273,37899600
2006-06-27,86.02206420898438,86.98009995132406,85.9248671108819,86.78571634823102,69780200
2006-06-28,86.60523986816406,86.61912214527287,85.84158750980036,86.2164725504278,62368100
2006-06-29,88.35470581054688,88.41024551694733,86.8968229451616,86.91764901092229,110634800
2006-06-30,88.36160278320312,88.62541360055693,88.13944937185816,88.54210408509438,54227800
2006-07-03,88.72264099121094,88.86842343280112,88.38246430564303,88.46577385453752,23914000
2006-07-05,88.2158203125,88.47962584887578,87.83399163144453,88.36855178492219,69653400
2006-07-06,88.47268676757812,88.75731835800052,88.22276350466534,88.30606772793267,50100300
2006-07-07,87.896484375,88.55600093384156,87.67433092708491,88.29913915451985,81626500
2006-07-10,88.06312561035156,88.46578051548997,87.7576678345204,88.12560910086638,60964100
2006-07-11,88.45191955566406,88.45191955566406,87.43139976928069,87.8965329804778,73640800
2006-07-12,87.50775146484375,88.44496152506723,87.27865414222791,88.2714039103385,82561300
2006-07-13,86.08455657958984,87.25086368704656,86.08455657958984,87.09118838871233,102405700
2006-07-14,85.75135803222656,86.26509246968364,85.27234253859623,86.17483910541092,103242500
2006-07-17,85.62638854980469,86.15400522037174,85.49448835458176,85.75135025345061,81159000
2006-07-18,86.06375885009766,86.11929856315452,84.96687335173812,85.88325743094212,122771000
2006-07-19,87.25782775878906,87.65353890707009,85.89019291224784,86.20953828660112,133565300
2006-07-20,86.66080474853516,87.68132455065671,86.54278682086968,87.55636283414063,112259800
2006-07-21,86.04985809326172,86.91070762411074,85.95961004578656,86.88293777183583,101560000
2006-07-24,87.61881256103516,87.69517832388999,86.39002716187912,86.39002716187912,92884000
2006-07-25,87.93121337890625,88.37552035242942,87.27863519430042,87.45913655746826,95480700
2006-07-26,88.04924011230469,88.47965955686495,87.59798930729632,87.88262100806448,84525800
2006-07-27,87.96592712402344,88.64627519836797,87.6118681620402,88.43106018793722,87257100
2006-07-28,88.84761047363281,88.95868458536204,88.07007050529737,88.19503219134133,82137000
2006-07-31,88.75731658935547,88.8336823235324,88.47962349203529,88.62541647295873,49593100
2006-08-01,88.32000732421875,88.43108145285915,87.8895824964107,88.40331159655942,65225600
2006-08-02,88.91702270507812,89.1808336225518,88.54908147445131,88.56990753708195,64770900
2006-08-03,89.15303802490234,89.24329133767344,88.27136803093579,88.40326816285707,63693800
2006-08-04,89.00032806396484,89.85422842179752,88.50048666493355,89.61125415704286,96294200
2006-08-07,88.79204559326172,88.91700724387387,88.44493048562313,88.79204559326172,45377300
2006-08-08,88.45191955566406,89.18086377352617,88.13256883216866,88.92399125904579,90901300
2006-08-09,88.1533432006836,89.27799790481104,87.89647614884585,88.98641193170403,78910600
2006-08-10,88.42412567138672,88.5143737142955,87.66741180071736,87.87568303396222,69322300
2006-08-11,88.1742172241211,88.30611741736578,87.74379240767209,88.28529134983023,47482200
2006-08-14,88.24359893798828,88.97254274837353,88.11169350839043,88.60459630247193,57839000
2006-08-15,89.29890441894531,89.46551301870754,88.7921136429074,89.03509334516107,68143000
2006-08-16,90.04166412353516,90.17356957006018,89.58346960185239,89.77786382359837,71737600
2006-08-17,90.27076721191406,90.50680297718945,89.895887501954,89.95836568809501,70992800
2006-08-18,90.72895050048828,90.72895050048828,89.96529300984855,90.38183538530889,58288400
2006-08-21,90.34021759033203,90.44434792720416,90.11112025609665,90.37492064054496,42133600
2006-08-22,90.333251953125,90.61095045575966,90.02778889678424,90.24300920874413,60839900
2006-08-23,90.0833511352539,90.55543341128568,89.68764523553067,90.37492669113351,66592100
2006-08-24,90.0069580078125,90.31937013066694,89.83340042538856,90.24300437067583,57983000
2006-08-25,90.1180648803711,90.42352801347278,89.93756875313709,90.00004695951223,41756000
2006-08-28,90.5484619140625,90.81922192727322,90.00002458370416,90.00696307387055,52681500
2006-08-29,90.65260314941406,90.82616074222736,90.11804279747697,90.59012495834882,61817800
2006-08-30,90.70817565917969,90.97197609235371,90.63180986699595,90.85395815772769,50052200
2006-08-31,90.69425964355469,90.93724452243849,90.65260751417239,90.84005268950803,37510300
2006-09-01,91.23573303222656,91.3468124083016,90.8330782387888,91.04134942065141,48794500
2006-09-05,91.4093246459961,91.53429163892397,91.08303547788854,91.29824522853048,52348300
2006-09-06,90.60399627685547,91.05525234583976,90.47903990253357,91.02053871082342,53795600
2006-09-07,90.18746948242188,90.64566406680196,89.79870217195928,90.29159980018338,86269400
2006-09-08,90.44432067871094,90.56928763842491,90.13191916909621,90.30547674033922,45096300
2006-09-11,90.53457641601562,90.72896005353414,89.88893672538259,90.1527476304922,68496600
2006-09-12,91.42320251464844,91.52733283676878,90.50681330752874,90.63871877762463,69875600
2006-09-13,91.79114532470703,91.95081535235558,91.30518615809277,91.38849041719368,62898400
2006-09-14,91.79804992675781,91.8049990078611,91.46482242025427,91.61061541297475,57805400
2006-09-15,92.01356506347656,92.31339195826907,91.81831583188192,92.25760798348563,76703100
2006-09-18,92.13904571533203,92.31336659875286,91.79737295353432,91.8949922226619,64154100
2006-09-19,91.90894317626953,92.13207901969854,91.39296015781957,92.12509937477724,92089100
2006-09-20,92.39705657958984,92.57835714574797,92.08328105162217,92.21576665313631,75204100
2006-09-21,91.95073699951172,92.56434965238148,91.63696167100254,92.466730424852,88932500
2006-09-22,91.67188262939453,91.8183062381597,91.34415846160024,91.81133723192941,65966800
2006-09-25,92.3761215209961,92.63412366892442,91.3790111537541,91.85315885965035,92299100
2006-09-26,93.14318084716797,93.15712950371838,92.32038034601374,92.3901129890583,73962700
2006-09-27,93.25473022460938,93.41510250398366,92.92700601912362,93.08040929146611,82432200
2006-09-28,93.2198486328125,93.42903584624308,92.93395979578084,93.25471494166821,58597500
2006-09-29,93.14318084716797,93.39420346653786,93.07344820412341,93.29658415009999,47966600
2006-10-02,92.79446411132812,93.31742659348866,92.70381387638331,93.11520847548852,51687400
2006-10-03,92.9897689819336,93.34537989341891,92.49469279720083,92.66204474127385,73108100
2006-10-04,94.07752990722656,94.13331388851788,92.79453025664597,92.89911857175059,80890500
2006-10-05,94.2588119506836,94.41919487331693,93.95898504609242,94.07752200649165,60505900
2006-10-06,94.14024353027344,94.2030071327973,93.71490016053347,94.09840822172558,64983600
2006-10-09,94.19606018066406,94.34249445110626,93.88228461795167,94.02871888839387,41176800
2006-10-10,94.32154083251953,94.44704675387709,94.02170339866252,94.20300391578127,56403700
2006-10-11,94.20999145507812,94.43311668351154,93.64519341844851,94.02172189630032,104071800
2006-10-12,95.02580261230469,95.10250422941748,94.4121896754024,94.44705598130871,59158600
2006-10-13,95.26982879638672,95.32561274190085,94.85842352818251,94.94210476630354,53944000
2006-10-16,95.41629791259766,95.56273216946886,95.12344003856003,95.19317266368056,42273000
2006-10-17,95.1164321899414,95.31863969668933,94.60043863799434,95.15826749204784,90500600
2006-10-18,95.24195098876953,95.7858312691769,94.90028888218396,95.55572643674272,86848600
2006-10-19,95.39534759521484,95.44416254402879,94.99092191531798,95.10248982143459,64063200
2006-10-20,95.41629791259766,95.49299954434834,95.06068705977442,95.41629791259766,48094500
2006-10-23,95.8555679321289,96.08567277430174,95.10250044130025,95.22103736489795,66219900
2006-10-24,96.14146423339844,96.17631990093265,95.6812545131527,95.72308982595628,53234900
2006-10-25,96.46919250488281,96.51102781947957,95.88346618141742,96.04384907364313,78105400
2006-10-26,96.76904296875,96.92244625284467,96.21121381201542,96.68537231913699,66843700
2006-10-27,96.16239166259766,96.7481073807793,95.96715308987045,96.6504880944157,80238000
2006-10-30,96.0926742553711,96.36461449899055,95.80678535729,95.98808594617357,49717800
2006-10-31,96.07869720458984,96.40642132949019,95.70216876305686,96.27394639022863,71274100
2006-11-01,95.43022918701172,96.44128822890941,95.33260991344304,96.37853526155158,83005600
2006-11-02,95.37445068359375,95.53482293369888,95.08159284612654,95.18618113104216,60693100
2006-11-03,95.20709228515625,95.79978756507155,94.56559268884824,95.71611694285394,71346400
2006-11-06,96.28092193603516,96.42037652979097,95.49298805374475,95.49996769923982,63303300
2006-11-07,96.65045166015625,96.90844311121144,96.22510836426245,96.3645629151112,63318900
2006-11-08,96.85965728759766,96.95727655578806,95.43022392932936,96.22512672450895,87517800
2006-11-09,96.35063171386719,97.02002857472597,96.15539317938799,96.92937831239557,95916300
2006-11-10,96.39248657226562,96.46220854690871,96.02989612913092,96.3227539579194,48991500
2006-11-13,96.62957000732422,96.95031452979458,96.27395917422774,96.35065016201936,59398200
2006-11-14,97.35470581054688,97.43838705432292,96.30878070079987,96.90147585220335,96704000
2006-11-15,97.63365173339844,97.93347857152257,97.29197894231682,97.31987624428848,76509600
2006-11-16,97.88469696044922,98.09387357524628,97.26411484390458,97.92653228340863,76728800
2006-11-17,97.91250610351562,97.91947510525567,97.43137899102025,97.57083350370219,56353800
2006-11-20,97.96834564208984,98.13569753611331,97.57786852907176,97.8288910502553,69174200
2006-11-21,98.06591796875,98.08683561552515,97.8218645701089,97.96132973487424,51367900
2006-11-22,98.26121520996094,98.42856712396745,97.96835734022801,98.14267826076222,45505300
2006-11-24,97.86377716064453,98.20543938381822,97.75917821582576,97.78707552365964,30998000
2006-11-27,96.51799774169922,97.86376066565879,96.49011107827116,97.81494570503006,84545100
2006-11-28,96.93636322021484,97.03398249275473,96.30183262885423,96.39248289610653,106652900
2006-11-29,97.94742584228516,97.98926115494987,96.97820208664142,97.25014225866511,90034900
2006-11-30,97.9892807006836,98.35187121560813,97.45236925508259,97.92652771916933,83994300
2006-12-01,97.77313232421875,98.07993888927419,96.90152760063222,97.98928859331524,126080000
2006-12-04,98.51923370361328,98.70053431994889,97.78011450081969,97.7940631573934,87813200
2006-12-05,98.9445571899414,98.98640315116107,98.49829602761328,98.70748327489014,73374400
2006-12-06,98.86087799072266,99.0630962134807,98.66563941408316,98.92363096756297,53253200
2006-12-07,98.42855072021484,99.22345355978699,98.39368441397777,99.03518401786907,62857400
2006-12-08,98.60983276367188,98.9445258695462,98.16357174260547,98.40762522712544,79625500
2006-12-11,98.89573669433594,99.07702660449647,98.55406389164885,98.60984785778369,39779400
2006-12-12,98.81900787353516,98.92359613143807,98.24026135383741,98.79809022195458,77451600
2006-12-13,98.92359161376953,99.251315659833,98.70743546417452,99.17461406097345,55520200
2006-12-14,99.79527282714844,99.87895413389292,98.90275024640243,98.91669890414458,64755200
2006-12-15,99.80435943603516,100.19000439655804,99.73424897893135,100.01471220531911,70857400
2006-12-18,99.53087615966797,100.1829684918501,99.39064458576337,99.94456304733067,48954600
2006-12-19,99.72018432617188,99.95857904698236,98.997981631434,99.25040271787515,65023600
2006-12-20,99.66413879394531,100.02874958757506,99.57298342079102,99.76230200388554,41469600
2006-12-21,99.29951477050781,99.86745974513586,99.08917270507968,99.75528087656953,48698400
2006-12-22,98.68948364257812,99.32053112339884,98.63338886888543,99.3135232888063,62069100
2006-12-26,99.27142333984375,99.29245753592188,98.7104864801382,98.73152067621635,32696900
2006-12-27,99.92354583740234,99.98665915052713,99.44675626525577,99.4747983052117,39727100
2006-12-28,99.71320343017578,100.05676923857447,99.55894546351247,99.85343502741924,37288800
2006-12-29,99.29951477050781,99.94458873545486,99.16629099641263,99.6080307317838,45461200
2007-01-03,99.12420654296875,100.16895166113984,98.56328019394854,99.74123836567213,94807600
2007-01-04,99.33458709716797,99.60103467687411,98.59134984744803,99.0260710994003,69620600
2007-01-05,98.54224395751953,99.14524946482975,98.43006509724118,99.09617321951771,76645300
2007-01-08,98.99800872802734,99.15226669523987,98.33890844975288,98.73857973725403,71655000
2007-01-09,98.91383361816406,99.28545202286661,98.44404136416256,99.08210719072011,75680100
2007-01-10,99.2433853149414,99.26443021311798,98.37394321762501,98.57026954275983,72428000
2007-01-11,99.67810821533203,100.0006397070052,99.21533447616822,99.2714292353682,54476800
2007-01-12,100.4354248046875,100.43542480468751,99.64310062091009,99.67114266592576,55370600
2007-01-16,100.23905181884766,100.57560969759702,100.07777536323307,100.31618078053835,44871300
2007-01-17,100.28108978271484,100.58960553584835,100.07774499134104,100.1618924597276,50241400
2007-01-18,99.94457244873047,100.44941472146222,99.7833066585197,100.38631211211681,68177300
2007-01-19,100.14089965820312,100.3372260006205,99.88847854666888,99.9445626168025,56973000
2007-01-22,99.83235931396484,100.33720141332346,99.51682497763026,100.3161672174319,60253600
2007-01-23,100.12689971923828,100.32322611347516,99.60803099219163,99.74826260250568,54064400
2007-01-24,100.93319702148438,100.9542312192292,100.20398653537366,100.2460549308633,55834700
2007-01-25,99.74825286865234,100.91219544875007,99.572960698119,100.87012703965968,73583800
2007-01-26,99.65711212158203,100.02171214731352,99.27146719149543,99.96562806565132,67255600
2007-01-29,99.6009750366211,100.12685134547445,99.38361454079865,99.69913818631449,66114600
2007-01-30,100.11985778808594,100.16894472466741,99.60800771550653,99.81135259708184,70407600
2007-01-31,100.79299926757812,101.05944679366506,99.84641725573202,100.00769375782946,91868600
2007-02-01,101.3959732055664,101.43103376897719,100.90515741476098,101.0734310007618,69312400
2007-02-02,101.53626251220703,101.63442572620156,101.23476503314805,101.48016771864044,49607000
2007-02-05,101.56430053710938,101.62740315860482,101.20669761732917,101.45911880229728,45705300
2007-02-06,101.59233093261719,101.69049412112876,101.19967817857086,101.64842571162167,57081300
2007-02-07,101.81675720214844,101.92192827462313,101.36800946127298,101.75364385967355,55669700
2007-02-08,101.68347930908203,101.75358975378833,101.15760282835507,101.51519498361502,70641000
2007-02-09,100.92619323730469,101.9008170015116,100.54054843154326,101.71149851523198,79084400
2007-02-12,100.58265686035156,100.99634386255016,100.40035683370122,100.9262334056783,65657000
2007-02-13,101.4310302734375,101.59930385363924,100.79997225073664,100.806990782566,64081800
2007-02-14,102.09717559814453,102.30050981511094,101.51520428891601,101.52923065873674,66039400
2007-02-15,102.23039245605469,102.3355634751401,101.97095277733625,102.13923710685756,38715200
2007-02-16,102.1812744140625,102.20230861147749,101.83069019183722,101.97794027272364,39841800
2007-02-20,102.3986587524414,102.51084829742021,101.66944810804695,102.06210081648888,56911800
2007-02-21,102.35657501220703,102.41968830866657,101.914846130884,102.09714608992348,63971600
2007-02-22,102.27951049804688,102.66515555727258,101.78869437675463,102.40572647151576,79067400
2007-02-23,101.87983703613281,102.22340292862381,101.69051844907415,102.18835304497283,71966200
2007-02-26,101.78865814208984,102.33556886812497,101.49416857414671,102.25143204842271,69192800
2007-02-27,97.81302642822266,101.1085169351114,97.46244210410717,100.88414853114942,274466500
2007-02-28,98.81571197509766,99.55194134093729,98.0233985214297,98.43708553783001,177536300
2007-03-01,98.52117919921875,99.04004772566279,96.79631073114328,97.70081336211233,212828600
2007-03-02,97.23103332519531,98.62636247337502,97.2240254919216,98.19864926607244,162574000
2007-03-05,96.30553436279297,97.86913771644362,96.29150799174616,96.71220283227369,143750400
2007-03-06,97.95325469970703,98.24774423810948,96.56494381895718,97.30818084906585,143333300
2007-03-07,97.8551025390625,98.48616079154205,97.74291297875698,97.87613674424661,115144900
2007-03-08,98.68245697021484,98.97694645164752,98.2126753665735,98.54221471326227,117891600
2007-03-09,98.71052551269531,99.15927303810936,98.2197095784901,99.0821440556639,107765100
2007-03-12,98.85775756835938,99.10316014110273,98.27578638885134,98.45808635994496,80366900
2007-03-13,96.93653869628906,98.70348619482232,96.78928861350232,98.28978867603173,190605200
2007-03-14,97.65878295898438,97.71487774304357,95.88482687168309,97.06278523996814,231853800
2007-03-15,97.7920150756836,98.1566258536777,97.32223325547339,97.4414306696473,132435900
2007-03-16,97.51814270019531,98.29249160020956,97.229520770061,98.06722255968938,121531600
2007-03-19,98.69376373291016,98.78528064780109,97.95461426525875,98.03204917599219,96161200
2007-03-20,99.23577880859375,99.29209606717414,98.5247935591764,98.60926407633761,82147400
2007-03-21,100.86893463134766,101.12235691995288,99.130188981223,99.32729401220276,152368700
2007-03-22,100.79148864746094,101.14346341280296,100.51694876015085,101.00267565494963,118942200
2007-03-23,100.93936920166016,101.23502685156355,100.77041736967722,100.86193428801243,74416800
2007-03-26,100.80558013916016,101.12235530951719,100.02419565685634,101.01676716653765,113787500
2007-03-27,100.56625366210938,100.77744071848335,100.23539644678814,100.74927671554288,99864600
2007-03-28,99.83414459228516,100.2917075685539,99.43992376520316,100.0594028949128,152907900
2007-03-29,99.93973541259766,100.39026277130533,99.39065552984204,100.3409811385716,139432700
2007-03-30,99.96086883544922,100.55218407315445,98.9471794328567,100.12982064968837,128194100
2007-04-02,100.07347106933594,100.28465808359739,99.59477978758214,100.07347106933594,79416400
2007-04-03,101.1505355834961,101.35467627324181,100.60145566881988,100.64369093280726,82417800
2007-04-04,101.26319122314453,101.33357976398909,100.77746410320073,101.15055666808635,63995200
2007-04-05,101.5377426147461,101.67853045363253,101.09425071790143,101.136485995425,46822800
2007-04-09,101.67852783203125,101.9319502320622,101.47437634069956,101.82635129955239,50967400
2007-04-10,101.79815673828125,101.96710851691374,101.55881644128279,101.60105170058617,56620000
2007-04-11,101.38285827636719,101.97417356001293,101.04495462163642,101.94602029282973,106365700
2007-04-12,101.8333511352539,102.01637416330321,100.9041325126535,101.18571879590442,115534400
2007-04-13,102.29798889160156,102.29798889160156,101.62219236530534,102.00232052661976,84287000
2007-04-16,103.2694320678711,103.38206661223748,102.64996355669872,102.65699918768861,83064600
2007-04-17,103.5439224243164,103.76214503603654,103.23418294648802,103.45945192724183,108424100
2007-04-18,103.67061614990234,103.97330919223916,103.17785378946225,103.19897140909441,88345300
2007-04-19,103.64249420166016,103.76216434192025,103.03006150108845,103.1638136406198,102947700
2007-04-20,104.62100982666016,104.62100982666016,103.50876791760497,104.33943421940961,124114100
2007-04-23,104.2267837524414,104.69842873029276,104.1634308617045,104.44500642592585,77270800
2007-04-24,104.2690200805664,104.4661251258234,103.70586894635746,104.34645497273303,114471000
2007-04-25,105.22638702392578,105.35310354206777,104.19862658577524,104.69842480474166,108418800
2007-04-26,105.34603118896484,105.45163005160828,104.95886758352084,105.23340744012786,88741600
2007-04-27,105.2615966796875,105.4094308413646,104.77586967314545,104.95185709630302,108191100
2007-04-30,104.38874053955078,105.40947663040015,104.33243399213073,105.33907733398829,100874100
2007-05-01,104.65618896484375,105.21935081046423,103.95223934317285,104.48020155942604,134342700
2007-05-02,105.26858520507812,105.55720702784744,104.71246992297036,104.81805803304934,87129800
2007-05-03,105.83885192871094,105.87404082397855,105.40239576832961,105.57134757958248,86569700
2007-05-04,106.24008178710938,106.38086957134084,105.74731917158955,106.12041163344166,96409000
2007-05-07,106.26122283935547,106.43721029379012,106.16267029452894,106.2119519376531,63461400
2007-05-08,106.12036895751953,106.24003906306235,105.68392377949102,106.00069885197672,80584000
2007-05-09,106.40901184082031,107.57757061998022,105.85288570576907,106.0429550834438,102070100
2007-05-10,105.29679107666016,106.31048030226862,105.0785684014232,106.10632888636226,153617800
2007-05-11,106.19783020019531,106.24710108346318,105.39532813788323,105.41644576520056,113408900
2007-05-14,105.96553039550781,106.50757458470468,105.44460383459227,106.19783504802075,108027500
2007-05-15,105.99372863769531,106.76103135692603,105.72622427115107,106.08523480933803,180673300
2007-05-16,106.71876525878906,106.73988288779263,105.85994587458171,106.15560342205035,114166500
2007-05-17,106.5075912475586,106.9722006252715,106.37383908657277,106.56390851225893,101132800
2007-05-18,107.4367904663086,107.43679046630858,106.86659297734892,107.0073807568643,99182000
2007-05-21,107.38046264648438,107.86618956825252,107.3523093899175,107.40862664446925,174664600
2007-05-22,107.2959976196289,107.81692419479548,107.267844361623,107.49310264992576,82148800
2007-05-23,107.31007385253906,108.05625867590868,107.2537565981352,107.66908426526841,133786600
2007-05-24,106.33860778808594,107.85210562999299,106.1133495377816,107.37341439329407,187593000
2007-05-25,106.78205871582031,107.01436324698822,106.4230377397369,106.64830664562552,83309200
2007-05-29,107.1693115234375,107.35233458762633,106.61318521759135,106.95812445465315,82020000
2007-05-30,108.04219055175781,108.08442581263007,106.53573871260419,106.62021997576805,129013600
2007-05-31,107.9295425415039,108.3307881711367,107.78874404831083,108.17591842175788,114866700
2007-06-01,108.4645767211914,108.68983505139981,108.06332021538505,108.32378892213359,107771700
2007-06-04,108.47865295410156,108.68279364066512,108.04219683638848,108.08443209971749,78008800
2007-06-05,108.04923248291016,108.33784366748418,107.6057407791366,108.22521989025917,126917900
2007-06-06,106.8876953125,107.66907972963293,106.8243424319962,107.60572684912911,164096800
2007-06-07,104.9588623046875,107.352286024403,104.93069831283259,106.69057185421624,232414600
2007-06-08,106.32452392578125,106.43012279182953,104.95182459848584,105.29676370797712,175886000
2007-06-11,106.5075912475586,106.9651542537965,106.08521713301597,106.24712255564201,102015600
2007-06-12,105.34603118896484,106.67649522350902,105.27564268861876,106.06406263755865,233898000
2007-06-13,106.92295837402344,107.04967495162826,105.39538825866231,105.94446836496083,193208200
2007-06-14,107.60572052001953,107.78874352229363,107.02144114865384,107.04255877424634,146396500
2007-06-15,108.21802520751953,108.63514309809986,108.11903711038083,108.26750846837123,154030800
2007-06-18,108.09078216552734,108.44427416172408,107.92817886783834,108.4372082053792,88537500
2007-06-19,108.35938262939453,108.43715125922613,107.71602494512533,107.85035355917208,110851700
2007-06-20,106.85353088378906,108.57857307832529,106.72627897815114,108.57857307832529,177119700
2007-06-21,107.4473876953125,107.53929903521595,106.22430882392362,106.8111066330842,205262000
2007-06-22,106.4364013671875,107.29892236993085,105.94151491996972,107.12217643965911,204964700
2007-06-25,105.92740631103516,106.93132222349976,105.35475103871624,106.2172723190076,232014400
2007-06-26,104.83866882324219,106.37283383364351,104.83160286572877,106.19608780631557,198445700
2007-06-27,106.33038330078125,106.4505800672101,104.67604342293801,104.72553747825802,213638000
2007-06-28,106.31620788574219,107.04440020377757,105.81424473279111,106.3162078857422,157705000
2007-06-29,106.35155487060547,107.2140758643109,105.44661658011378,106.68383807905175,199701800
2007-07-02,107.31302642822266,107.40493774018087,106.5919109870069,106.66260286814095,103357000
2007-07-03,107.70195007324219,107.81507011290542,107.45451212266468,107.58883003357894,54048400
2007-07-05,107.58878326416016,107.8574405446434,107.19995082689151,107.74432055415403,89279000
2007-07-06,108.15433502197266,108.28866361575459,107.41200017424417,107.73015138592233,81109000
2007-07-09,108.23921203613281,108.42302392007629,107.89985208278497,108.28162933337242,72348100
2007-07-10,106.6979751586914,107.89277929796415,106.59193192230646,107.66653934338987,180362600
2007-07-11,107.4544448852539,107.49686217665568,106.4151780950543,106.57778130799913,175607600
2007-07-12,109.15123748779297,109.40575210837446,107.7019184202516,107.72312707299025,133882500
2007-07-13,109.47642517089844,109.90768563935922,109.15120793742203,109.2784706071179,111794300
2007-07-16,109.4622802734375,109.95716667292643,109.28553436021184,109.57540024695338,98378700
2007-07-17,109.4057388305664,109.92183396410158,109.35624478837123,109.53299073155469,126201300
2007-07-18,109.20773315429688,109.44103898469405,108.38056382164025,109.03805324463222,237887400
2007-07-19,109.63190460205078,109.95711087624309,109.40566476982225,109.72380509464828,145212700
2007-07-20,108.52200317382812,109.57541282111262,108.04832536655293,109.50471013262322,245502500
2007-07-23,108.85430145263672,109.38453932652263,108.38062357982469,109.00276201620316,121183900
2007-07-24,106.96664428710938,109.07345285641081,106.58486701829533,108.25334911157381,256732400
2007-07-25,107.18579864501953,107.7372450652062,106.22430038638623,107.47566454960139,265214500
2007-07-26,104.6477279663086,106.61314174556394,103.49534110887859,106.18188126665022,467592500
2007-07-27,102.59040832519531,105.24866323618919,102.54799102791216,104.78206217835903,422987600
2007-07-30,104.19524383544922,104.49924159780586,102.71763994943963,103.17010901070735,283017500
2007-07-31,103.02166748046875,105.66579044961632,102.54091294620767,104.86689540217465,316976700
2007-08-01,103.52360534667969,103.93365713703525,101.77028900575995,102.63987582980488,467670000
2007-08-02,104.35083770751953,104.46394694342467,102.69648702824121,103.7569629773513,294758400
2007-08-03,101.66423797607422,104.33663496697963,101.24004352544577,104.1245377416654,359398200
2007-08-06,103.36811828613281,103.80644484154898,100.76641198692579,101.95415052004928,324980000
2007-08-07,104.47096252441406,105.340549273021,102.67521826078831,103.17718132942122,232568700
2007-08-08,105.92740631103516,106.46471022838104,104.16701239547939,104.92349039857055,274930600
2007-08-09,102.78836822509766,105.30522867952611,102.71766553415554,104.23061034595894,357622100
2007-08-10,102.30763244628906,103.57312872645372,101.18351998363063,102.08139244775857,411018400
2007-08-13,102.67523956298828,103.84883509212591,102.52677902735088,103.57311188108419,181917200
2007-08-14,101.10574340820312,103.26204602893024,100.9007228648561,103.00753144439005,264134500
2007-08-15,99.71295166015625,102.13084480983134,99.4160198740604,100.90068959225214,323834000
2007-08-16,100.46234893798828,101.05621242552625,96.85672915790173,98.82920816569245,546743700
2007-08-17,102.30763244628906,103.08530816887462,99.96044100626123,102.86614491262127,388218100
2007-08-20,102.25808715820312,102.8448847241573,101.30365517272232,102.63278752874918,187320400
2007-08-21,102.4631576538086,103.19842685193811,101.9046451945997,102.2298624914102,157066400
2007-08-22,103.67914581298828,103.78519983092337,102.74593302390167,103.22667671785541,173156700
2007-08-23,103.58724975585938,104.38613396273928,102.94389203079146,104.16697075232847,203915300
2007-08-24,104.86688232421875,104.86688232421875,103.4175637363458,103.55895830371325,128901900
2007-08-27,103.89128875732422,104.86693005534539,103.7357514261116,104.52758078166282,113024300
2007-08-28,101.60771179199219,103.39637992876825,101.42389988903014,103.33275397632562,219790700
2007-08-29,103.60140228271484,103.74280767422212,101.77739355469897,102.06724871676862,207654200
2007-08-30,103.32569122314453,104.06096050997148,102.7318273445122,102.83080465761759,191817300
2007-08-31,104.34375762939453,104.98711560701531,103.80645371592732,104.38617493996841,185477500
2007-09-04,105.39713287353516,106.0334138980057,104.20939463008408,104.24474597315806,120062000
2007-09-05,104.4851303100586,104.8881162512879,103.9266178586381,104.77499625504284,166261800
2007-09-06,104.72550964355469,105.06485883370037,104.01144912938861,104.5982469549274,127878400
2007-09-07,103.26910400390625,103.84882497084836,102.69643820197243,103.55895909352026,235447600
2007-09-10,103.0711669921875,103.72866755836165,102.03897664989027,103.58727295105317,192305900
2007-09-11,104.2730484008789,104.42150896324662,103.31154996582063,103.38931861820465,162081900
2007-09-12,104.54171752929688,104.94470357545778,103.9125022194557,104.13166552692452,149554600
2007-09-13,105.27693939208984,105.65870582186804,104.7749762469315,105.02242484299956,154079000
2007-09-14,105.2698745727539,105.40420320939079,104.44978163300355,104.60531891882354,121911000
2007-09-17,104.70428466796875,105.09311705193676,104.37200148377768,104.85274519588374,109870800
2007-09-18,107.78673553466797,107.81501013499414,104.72549493598139,105.22038134954988,263759500
2007-09-19,108.42306518554688,109.15125783254926,107.9635299069328,108.45841654260633,193779900
2007-09-20,107.65949249267578,108.47251954979194,107.53930654087615,108.40889359667155,175186800
2007-09-21,107.94999694824219,108.76688078464944,107.78662234873886,108.47565063046285,141457500
2007-09-24,107.75117492675781,108.55386034989935,107.51676208179884,108.26971864135912,139450200
2007-09-25,107.53804016113281,107.72983440390078,106.88453067940297,107.12604293243241,142289900
2007-09-26,108.10626220703125,108.51825924377943,107.53799005845137,108.14888072136904,135547000
2007-09-27,108.7455825805664,108.75269289358766,108.10628306437768,108.61772701288538,102713300
2007-09-28,108.38335418701172,108.8166607239931,107.95714712677254,108.57514844800893,133372100
2007-10-01,109.6051254272461,109.92477527156541,108.32651521107415,108.39755332709831,148162300
2007-10-02,109.45594024658203,109.85372764854459,109.25704654560076,109.82531890793031,112978800
2007-10-03,109.2357177734375,109.68323394017621,108.68875477396708,109.25702703481632,119055900
2007-10-04,109.40621185302734,109.57668595831461,109.10076101623306,109.47013964251006,76864400
2007-10-05,110.70614624023438,110.8837306834565,109.83953329019884,110.12366406379655,134579700
2007-10-08,110.11656188964844,110.4504215018363,109.93897745077804,110.37938339073055,71280400
2007-10-09,111.15361785888672,111.16782764491292,110.12363056925197,110.52852817931644,94054300
2007-10-10,110.96892547607422,111.12520059369095,110.39355383343542,110.84105908943776,101711100
2007-10-11,110.43619537353516,111.89238972461696,109.77557572244669,111.47328227332757,233529100
2007-10-12,111.04705810546875,111.06126788977316,110.29410212067945,110.42906797434728,124546700
2007-10-15,110.10945129394531,111.06841159695355,109.34939553374629,111.00448380045806,161151900
2007-10-16,109.2357177734375,109.76137151152913,109.01551484659524,109.68323394017621,166525700
2007-10-17,109.5696029663086,110.16628410235936,108.30520258038916,110.08814651271739,216687300
2007-10-18,109.17179870605469,109.52696754258221,108.73849229193539,109.0013137625201,148367500
2007-10-19,106.31622314453125,111.15362027762876,106.30912367080914,108.74557634110877,297169900
2007-10-22,106.9342269897461,107.09050214267488,105.5987995541172,105.74086491889996,261989800
2007-10-23,107.80085754394531,107.93582345630973,106.72825139861345,107.5877648811534,180085100
2007-10-24,107.60194396972656,107.78663869524455,105.72665301107082,107.41016060861652,326694200
2007-10-25,107.85767364501953,108.17732344188039,106.46541782436992,107.72270774794885,237374500
2007-10-26,109.12208557128906,109.12208557128906,107.90030373068224,108.7242981513509,176484000
2007-10-29,109.48438262939453,109.70458564142363,109.07238535186752,109.34230638005029,106841000
2007-10-30,108.72429656982422,109.21443136186637,108.58933066025966,109.001327864601,132981600
2007-10-31,109.8536605834961,110.29407708584891,108.56795178746597,109.37773588677642,220954400
2007-11-01,107.28229522705078,108.9729023153342,106.96974492445462,108.88765442624005,333040800
2007-11-02,107.40304565429688,107.97131791637194,105.98948073162464,107.63745836886127,331228200
2007-11-05,106.58616638183594,107.37464160564558,105.81900042038124,106.29492534446203,226841000
2007-11-06,108.02103424072266,108.04944297303462,106.47959225025599,107.16152105353984,177800500
2007-11-07,105.06603240966797,107.35332024847038,104.81031045132697,106.86318559174256,306639700
2007-11-08,104.53328704833984,105.41409876267412,103.04868401978644,105.12286857523014,374509900
2007-11-09,103.09837341308594,104.80317889723507,102.92078905686671,103.48906116454606,277745100
2007-11-12,102.07551574707031,104.14260086150261,102.07551574707033,103.14813251034556,243087800
2007-11-13,105.18681335449219,105.35018799904806,103.15524699391091,103.26179331886178,191117400
2007-11-14,104.89558410644531,106.12446549462175,104.26338388304757,105.996609890267,230558800
2007-11-15,103.38251495361328,104.7676817493599,102.65797850780528,104.11417255019911,263111100
2007-11-16,103.56011199951172,104.04314719470818,102.69351011548741,103.92949057949826,308770600
2007-11-19,102.11812591552734,103.25467037147925,101.71323913385991,103.19784206479252,267746000
2007-11-20,102.74321746826172,103.37541742140839,100.94606442710692,102.30281167855446,414767500
2007-11-21,100.64063262939453,102.22469338628731,100.6335331549254,101.63511183858034,259012400
2007-11-23,102.38095092773438,102.5301157381781,101.36516263094946,101.6279948855963,77688400
2007-11-26,100.1220932006836,102.91372590181068,99.91610004388755,102.59406527669996,214232000
2007-11-27,101.27284240722656,101.74165701146556,100.12208806145978,100.68326086611772,293897900
2007-11-28,104.51195526123047,104.75346739930801,102.38804232735072,102.42356136857144,258596900
2007-11-29,104.54749298095703,104.93108139221782,103.7803378362208,104.14970562031078,199409900
2007-11-30,105.59880828857422,106.45831086188254,104.65405781823104,105.8687292523198,222908000
2007-12-03,104.9026107788086,105.44957355303708,104.62557965607498,105.2648897508438,146430400
2007-12-04,103.96499633789062,104.80318938042097,103.92947729531612,104.17809975444767,136533900
2007-12-05,105.70536804199219,105.98239935504431,105.00924002130388,105.08026729914849,171130000
2007-12-06,107.2183837890625,107.41017802015536,105.53488675750881,105.57750528910853,154457400
2007-12-07,107.19703674316406,107.61613327471542,106.94131480479724,107.55930497297943,148980100
2007-12-10,108.02816009521484,108.14891620508864,107.16154722304454,107.45988776018449,123914300
2007-12-11,105.06603240966797,108.60351046764238,105.00920410349318,108.07075729100625,250346400
2007-12-12,106.10309600830078,107.80791230439154,104.5616651213492,107.30356797158973,322435600
2007-12-13,105.88294219970703,106.11735495548092,104.63275167447333,105.35729920696595,237551300
2007-12-14,104.54035949707031,105.91131638925266,104.49064151261018,105.08021204819437,159152900
2007-12-17,103.04867553710938,104.32727448026547,102.89949987966594,104.14259061576074,177269400
2007-12-18,103.62406158447266,104.05025767826912,102.26021457431736,103.78033673719912,245569300
2007-12-19,103.62406158447266,104.34149872097687,102.95634244807637,103.66668010996304,198917200
2007-12-20,104.2775650024414,104.32018352550806,103.12681068518185,104.30597373818853,214813800
2007-12-21,105.7807388305664,105.98782519424607,105.03806098917316,105.23801020114485,146084400
2007-12-24,106.56627655029297,106.74480345440288,106.03069583796324,106.27350070883,45601400
2007-12-26,106.79476165771484,106.88758820824827,106.04494672381918,106.15205847305543,67093100
2007-12-27,105.45228576660156,106.42347270222722,105.2023546023066,106.41633554773391,122981700
2007-12-28,105.18801879882812,106.12349771916026,104.90236931021391,106.07350497249759,116398100
2007-12-31,104.40968322753906,105.40942956869397,104.30256054328954,105.0452385936485,108126800
2008-01-02,103.4955825805664,104.96665301065617,102.74577851082574,104.63815880484219,204935600
2008-01-03,103.44561004638672,103.89550124589073,102.88146993129467,103.48131759968973,125133300
2008-01-04,100.91053009033203,102.43158256739036,100.62489144604292,102.36016745811017,232330900
2008-01-07,100.82485961914062,101.56752677167293,100.04648490525953,101.26760286989538,234991000
2008-01-08,99.19664001464844,102.04592094839606,98.86100873779714,101.46035867365052,326365700
2008-01-09,100.23928833007812,100.53921223845944,98.33262219338522,99.32523140079654,301824900
2008-01-10,100.89624786376953,101.97455720504519,99.52516271721157,99.74653430752439,335701200
2008-01-11,100.0821304321289,101.33181816586928,99.2609114228073,100.53202150312738,267076600
2008-01-14,100.8891372680664,101.30332105101233,100.26071899098719,100.8034478289807,170365500
2008-01-15,98.6682357788086,101.03907800066956,98.47542369536421,99.82508648664266,239940100
2008-01-16,97.81845092773438,99.34664067668194,97.31857781292285,98.0898152885249,378802600
2008-01-17,95.2833480834961,98.46113482840481,94.9262943725099,98.41114207858777,397892600
2008-01-18,94.3050537109375,96.41881713132624,93.61951647478077,96.2188678627457,348561500
2008-01-22,93.34813690185547,94.56925467234976,89.97754849906605,90.84161795388322,435923700
2008-01-23,95.59043884277344,95.82609564619196,90.57740069827194,90.75592758906627,511913000
2008-01-24,96.39736938476562,96.73300076071742,95.19766319284082,96.03316760858834,259949300
2008-01-25,95.0048828125,97.66136430581419,94.69068458014105,97.48283738231953,269603900
2008-01-28,96.57592010498047,96.77586937029038,94.30505216836396,95.16197914775185,217934600
2008-01-29,97.05433654785156,97.43994973829933,96.31880681879436,97.19001869336162,168968300
2008-01-30,96.3402328491211,98.93243532577503,96.11886129647938,96.81868350402094,334939200
2008-01-31,98.0969467163086,98.93245120867824,95.11911965999133,95.2619389849713,343680800
2008-02-01,99.67512512207031,99.69654747513451,98.2040654307793,98.50398927009358,206843600
2008-02-04,98.41830444335938,99.47518053062551,98.28975942256943,99.4109134684386,124694300
2008-02-05,95.78324127197266,97.29714566631294,95.45474703163052,97.07577408748948,286882500
2008-02-06,95.01203155517578,96.58306631408792,94.55500306355736,96.10461546320761,250792900
2008-02-07,95.64047241210938,96.25460568431703,94.06943710305472,94.11942988978471,297368100
2008-02-08,95.02629852294922,95.84751786083233,94.33361331596957,95.04057282877183,221643500
2008-02-11,95.51188659667969,95.85465517608606,94.29075786894552,95.04772103907557,188576300
2008-02-12,96.39736938476562,97.33998556032115,95.67611388067496,96.34023948072968,256654400
2008-02-13,97.38285064697266,97.8755866380517,96.50450134345894,97.12577147321043,181967800
2008-02-14,96.52596282958984,97.83278158460445,96.2545983427192,97.79707401058118,215207200
2008-02-15,96.50450897216797,96.56163889267764,95.62615959922049,96.04748050450883,154110300
2008-02-19,96.77584838867188,97.75417214586128,96.12600796909531,97.63277518227258,145190000
2008-02-20,97.0615234375,97.51141480391126,95.51904809244944,95.68330071929704,220085700
2008-02-21,96.25459289550781,97.83991320391303,95.74044526507204,97.58998199273776,201051200
2008-02-22,96.84730529785156,97.01155795245113,94.87637151044827,96.38313954353069,205491000
2008-02-25,98.06838989257812,98.29689863951381,96.24741348412591,96.79013129246246,190107000
2008-02-26,98.80391693115234,99.22523775293232,97.475676507718,97.65420338776877,212420700
2008-02-27,98.70396423339844,99.36094199031056,98.1255387570094,98.2326505502598,168395800
2008-02-28,97.73992919921875,98.51831496736744,97.5114203737992,98.00415648964834,170831100
2008-02-29,95.5618896484375,96.89011939874001,94.81921160058427,96.83300037636778,252715200
2008-03-03,95.33338165283203,95.55475330500329,94.43360983859486,95.0763024349901,189483500
2008-03-04,94.96916961669922,95.2619454389982,93.54095447730545,94.42644089002286,282513100
2008-03-05,95.56903839111328,96.24030139777379,94.5050139554047,95.27625160796661,270681400
2008-03-06,93.59095001220703,95.13342520320712,93.226759021173,94.96203543873432,247911700
2008-03-07,92.62690734863281,94.07654499503705,91.81996222361505,92.66975206386952,326434600
2008-03-10,91.40576934814453,92.78399173381695,91.11298262806122,92.71972466738407,235683600
2008-03-11,94.690673828125,94.77636325481853,92.08417450321657,93.34814802903335,341440600
2008-03-12,93.80516815185547,95.52616996154138,93.66234882121793,94.79064005716245,229161100
2008-03-13,94.01225280761719,94.71922319135645,91.83423353875051,92.55547822779792,351504200
2008-03-14,92.55548858642578,94.84063077934984,91.2486703409995,94.81207126912095,484687800
2008-03-17,91.62003326416016,92.30557065274529,90.02757046695334,90.38462436829737,405311100
2008-03-18,95.42618560791016,95.46903031309003,92.81968677984274,93.27671512912028,334416600
2008-03-19,93.0625228881836,96.15459971322926,92.86256270276438,95.79040870035439,345971600
2008-03-20,94.78629302978516,95.38193806069786,92.76253442232054,93.32947855009836,245320700
2008-03-24,96.68086242675781,97.46309064108682,95.61875389031277,95.66898320435268,208977300
2008-03-25,96.77416229248047,97.27651019909776,95.99910654354389,96.78133478030247,192947200
2008-03-26,95.59003448486328,96.946379161831,95.52544925033195,96.4942715697497,196934300
2008-03-27,95.28862762451172,96.47991751958837,94.98721890714813,96.30767927379684,225153200
2008-03-28,94.37722778320312,95.70487172453669,94.05429062055431,95.43934731641527,180896100
2008-03-31,94.70733642578125,95.2527410993804,94.07580715608401,94.21933354909834,166692100
2008-04-01,98.03717803955078,98.20223280851603,95.81248109982303,95.88424975608245,254547300
2008-04-02,98.10176849365234,98.79788288513991,97.58506480202529,98.3529478536011,210910800
2008-04-03,98.34578704833984,98.63285080439074,97.39133154176311,97.57074228290895,175884800
2008-04-04,98.23816680908203,99.00605020795865,97.68557853748443,98.40322166150442,204446800
2008-04-07,98.2883529663086,99.44375819782852,98.13047068992508,98.9413995273215,154245500
2008-04-08,98.18793487548828,98.25969261576446,97.5635779279334,97.7358162152528,148937300
2008-04-09,97.47745513916016,98.17356976186056,96.80286893156482,98.03721583261932,195610600
2008-04-10,97.61380767822266,98.08027126600751,96.81004004108014,97.18321748152619,192967800
2008-04-11,95.71923065185547,96.96792251329639,95.45369528504546,96.51581485155836,222973300
2008-04-14,95.39627838134766,95.8340410477447,95.12358148860218,95.58287256889064,160522000
2008-04-15,95.61871337890625,95.941650390625,94.9656559205331,95.8627092588397,172389200
2008-04-16,98.20946502685547,98.25252186185446,96.53735524875005,96.55170022683974,189268900
2008-04-17,98.35295867919922,98.49648506481338,97.35543551619297,97.613787390443,179665700
2008-04-18,99.37920379638672,100.15425958336138,99.22132145364947,99.7093244085729,218530600
2008-04-21,99.42941284179688,99.73799399183288,98.92706506827305,99.19976188798016,118587400
2008-04-22,98.99168395996094,99.25720838405185,98.24532905657969,99.1710947222632,162166000
2008-04-23,98.83377838134766,99.59447808264184,98.40318827289066,99.09930274302471,193309000
2008-04-24,99.26441955566406,100.28347165620413,98.34582612170135,99.09218123360225,229381300
2008-04-25,100.18296813964844,100.39107979348184,98.97014970597455,100.03943077798317,190788100
2008-04-28,100.20447540283203,100.64941046906104,100.02506468898343,100.38388611668061,105610200
2008-04-29,99.80978393554688,100.27624747820872,99.4724908691806,100.03225150051983,125514100
2008-04-30,99.2213363647461,100.89344619112194,99.2213363647461,99.96050792120698,208395900
2008-05-01,101.27377319335938,101.27377319335938,99.22849728350474,99.30743844882028,187279500
2008-05-02,101.55364227294922,102.17081560153656,100.8718837118073,102.14928719068503,181585500
2008-05-05,101.06568145751953,101.62544221261943,100.76427266249381,101.2235638192518,118504500
2008-05-06,101.941162109375,102.04880414942029,100.24752466038169,100.48434809884144,179339800
2008-05-07,100.12555694580078,101.93400946704973,99.84567660677202,101.82636739448614,199267300
2008-05-08,99.86722564697266,100.69969434793988,99.73804418285292,100.28345999745626,178321200
2008-05-09,99.68057250976562,100.03222139556706,99.3576354658529,99.46528844739662,152588200
2008-05-12,100.80009460449219,100.87185230153226,99.55856489672328,99.93174215254943,147865900
2008-05-13,100.81452178955078,101.10875815333661,100.27628934620125,101.04417288822277,159132200
2008-05-14,101.02259826660156,102.04882239976295,100.80013071048194,101.23789333555548,181910800
2008-05-15,102.28568267822266,102.35745137714706,101.06569144907024,101.21639038629903,166927000
2008-05-16,102.37893676757812,102.52963564146918,101.62540954703853,102.52246315473771,204236800
2008-05-19,102.65882873535156,103.55588244511458,102.12059650949375,102.4865904809465,165664400
2008-05-20,101.82634735107422,102.14928445556176,101.18764562873706,102.09905514837365,178552100
2008-05-21,100.10400390625,101.99139713321163,99.7523549717736,101.76892960439706,252724800
2008-05-22,100.11840057373047,100.59204772178448,99.75240647770674,100.0609878027209,170820400
2008-05-23,98.7763671875,100.22600889501025,98.69025354460128,99.78824629300594,181376400
2008-05-27,99.50841522216797,99.75241129797423,98.69747484922529,98.89124159194999,168322900
2008-05-28,99.96768951416016,100.47003751164536,99.034751261479,99.87439240378252,181288100
2008-05-29,100.47003936767578,101.13744223015715,99.80980899444631,99.84569334143639,173927200
2008-05-30,100.7212142944336,101.00109466772341,100.42697799292348,100.80732796302591,117362000
2008-06-02,99.68057250976562,100.36951436042415,99.03469842194015,100.34798595418724,181069900
2008-06-03,99.09932708740234,100.19732008829914,98.48215362052747,99.96768000430785,271965700
2008-06-04,99.04910278320312,99.86721547138399,98.64722440309528,98.81945173721888,246637700
2008-06-05,101.02978515625,101.10872632777465,99.26438942995523,99.4509726761209,237867100
2008-06-06,97.80754852294922,100.3264821745684,97.75731921285333,100.1470714449824,384276300
2008-06-09,98.04437255859375,98.67590183445006,97.1760307546533,98.21661080210782,228263900
2008-06-10,97.5563735961914,98.38884195430012,97.13296693055999,97.36260695499894,260234900
2008-06-11,96.12110137939453,97.78602737951248,96.11391794144555,97.57791573588375,283890100
2008-06-12,96.48709869384766,97.50615043488156,95.81969596324585,96.59475171354553,252791800
2008-06-13,97.70709228515625,97.97262764742365,96.46557293310912,97.00380519531238,244726900
2008-06-16,97.76445770263672,98.2668053807154,97.21188073192923,97.27646594403403,185832500
2008-06-17,97.29083251953125,98.40317001769485,97.14729520976626,98.36729664061289,191707700
2008-06-18,96.34358978271484,97.25499961994592,95.95606731236401,96.65935451059742,265893000
2008-06-19,96.46556854248047,97.05404104521284,95.80533831160508,96.27180187080482,304204900
2008-06-20,94.89976501464844,95.98882202846526,94.64012089812563,95.80851391991146,289275700
2008-06-23,94.80602264404297,95.36858318911062,94.71226988995573,95.26761106576865,165096400
2008-06-24,94.61851501464844,95.52005584525507,93.89728235016314,94.51754288182599,267300600
2008-06-25,95.06562805175781,96.21238477174315,94.65453136191451,95.0007197857507,287853900
2008-06-26,92.48363494873047,94.78436824909987,92.37545448215326,94.17132726327246,297775000
2008-06-27,91.97875213623047,92.937992392878,91.62534985841081,92.51967634827847,303423400
2008-06-30,92.3033676147461,92.97411427671527,91.81292913607436,92.23845380742311,258842600
2008-07-01,92.59181213378906,92.65672040372023,90.82478958392598,91.25031402698437,388622000
2008-07-02,91.005126953125,93.15440245766275,90.83924103898043,92.88753892019025,288064600
2008-07-03,91.09884643554688,91.67583445366671,90.14682005744504,91.67583445366671,239352500
2008-07-07,90.16848754882812,91.84174678105548,89.37513287452997,91.44507219519012,372427300
2008-07-08,91.76961517333984,91.87780114108922,89.5770678703822,90.14684216479982,375973700
2008-07-09,90.00262451171875,92.13025866265593,89.71413034653189,91.95716436457123,336729400
2008-07-10,90.37043762207031,90.72384001875214,89.12991679813042,89.7429633441284,436475700
2008-07-11,89.31741333007812,90.80315574188857,88.34375073904367,89.41117705905475,481124600
2008-07-14,88.50965118408203,90.51467660618273,88.27885700965102,90.34158235100128,322720800
2008-07-15,87.26190948486328,89.06499054581009,86.56231315280523,87.84611149035541,502502500
2008-07-16,89.40398406982422,89.84393635486167,87.34125858663577,87.5936888725013,371642900
2008-07-17,90.29829406738281,91.06280415133662,89.49772566505342,90.2550218843055,375490600
2008-07-18,90.86087799072266,91.17821656720673,90.26225366071795,90.99790843184876,267030100
2008-07-21,90.91133880615234,91.4522630620337,90.29107855253643,91.24310502278497,222863000
2008-07-22,91.94274139404297,92.17353562382516,90.04589598740729,90.26226798520182,296904200
2008-07-23,92.44036102294922,93.14716573660185,91.99320042933095,92.23841681904847,311698400
2008-07-24,90.52189636230469,92.61347179938578,90.26946607737038,92.5629802398314,248634500
2008-07-25,90.50025939941406,91.22870028573307,90.27667357555735,90.79596187248364,219131000
2008-07-28,89.17317962646484,90.91856083384411,89.01450760714548,90.52188628811258,205201300
2008-07-29,91.07723236083984,91.14935450489509,89.17317914443367,89.41840103730175,261505600
2008-07-30,92.70003509521484,92.75052666507119,91.07726157195057,91.67588601448232,354710000
2008-07-31,91.47388458251953,92.72883261813224,91.32963483571997,91.88498673140916,277402100
2008-08-01,90.99064636230469,91.79842281028621,90.48578057975186,91.68302853310215,248690900
2008-08-04,90.14683532714844,90.9762536802263,89.98095495807274,90.90413154138616,188239600
2008-08-05,92.57740783691406,92.72165214164696,90.13243000448902,90.88972085818804,251577600
2008-08-06,92.9885025024414,93.25536601540963,91.94272306349241,92.33218928033388,209555400
2008-08-07,91.60372161865234,92.63508409142364,91.2647415363157,92.28889014492326,246312500
2008-08-08,93.30581665039062,93.709704966839,91.1493336714029,91.2935834291099,260811700
2008-08-11,94.27227783203125,94.84925486215317,93.20484611501657,93.377945827132,249425800
2008-08-12,93.29141235351562,94.26506945924523,92.84424079635004,93.96215318156496,213200800
2008-08-13,92.72885131835938,93.50777259533265,92.0797355807048,92.88751231542236,256393200
2008-08-14,93.428466796875,93.96218288635225,92.13746527635855,92.20237356956713,239555300
2008-08-15,93.88284301757812,94.1208510880723,93.25537419863441,93.70974323763625,181000800
2008-08-18,92.59902954101562,94.10640265070467,92.07253295825565,94.07033882884257,172275100
2008-08-19,91.58931732177734,92.09418339364424,91.25755101872811,91.89944752936626,194673700
2008-08-20,92.01485443115234,92.28170696571594,91.12052206471756,91.87781847930535,225498200
2008-08-21,92.17352294921875,92.635111345311,91.30804057961997,91.41622656364078,180609800
2008-08-22,93.50780487060547,93.50780487060547,92.17353112540795,92.80099998376595,167715300
2008-08-25,91.61095428466797,93.50779387307325,91.41622392111367,92.89475282066758,171936900
2008-08-26,91.87779998779297,92.223993979732,91.29360347287309,91.61094200436982,159117200
2008-08-27,92.77213287353516,92.91637716143306,91.81289240157014,91.99320051272596,171032800
2008-08-28,93.8972396850586,94.00542013352143,93.1183074407299,93.24091561736513,167537100
2008-08-29,92.88753509521484,93.86120343791336,92.68559086201054,93.56549545174444,189195800
2008-09-02,92.31057739257812,94.27233683984907,91.97159712238154,93.78189285110447,252364900
2008-09-03,92.23124694824219,92.6784132577259,91.54607800067201,92.23124694824219,251947000
2008-09-04,89.45445251464844,91.762399465823,89.40396646741533,91.57487750357156,340042500
2008-09-05,89.7357406616211,90.11799298206704,87.99035944247656,88.92074996902062,289503400
2008-09-08,91.58931732177734,92.49086348564197,89.73574994225318,92.34660817572642,364075300
2008-09-09,88.87025451660156,91.85615612195566,88.56733823839262,91.66863416291692,377326800
2008-09-10,89.23088073730469,90.0819352593079,88.38704008061259,89.35348893475903,298916600
2008-09-11,90.52189636230469,90.68777676273258,87.70187452935528,88.07691852631555,375369400
2008-09-12,90.94019317626953,91.02674304757421,89.31021186928136,89.64197812209932,297851200
2008-09-15,86.61280059814453,90.62285668405627,86.46855631197101,87.7234992098943,483607000
2008-09-16,88.0624771118164,88.22114912414118,84.3841928815936,84.52843716412522,581744300
2008-09-17,84.10294342041016,87.88220113032357,83.66299104453941,86.28827756469705,624095600
2008-09-18,86.59838104248047,87.83890175108843,82.07625595035603,85.14149389793643,776114700
2008-09-19,90.03756713867188,92.85214581633875,89.46449463708136,91.90911399662389,501087800
2008-09-22,87.99913787841797,90.4945401967404,87.31000331313153,90.27691584221982,249966500
2008-09-23,85.99702453613281,88.514182834996,85.80116149567766,87.66545775147075,327470400
2008-09-24,86.2726821899414,87.04886770560634,85.44571838949159,86.57735189865072,311818400
2008-09-25,87.6219253540039,88.43438330841622,85.91721975485865,86.61360991531903,328253000
2008-09-26,87.66548919677734,88.13700514600615,85.96803842085716,86.20016858340401,285917400
2008-09-29,80.79582977294922,86.57006883634755,80.49841578045788,86.42498964992487,459562300
2008-09-30,84.1399917602539,84.72757544072904,80.17926853894568,82.34098474306539,328154400
2008-10-01,84.1907958984375,84.64780618294236,82.66018557215344,83.61772328739283,332783000
2008-10-02,81.13677978515625,83.50160838627303,80.56370753493137,83.38554059839201,365337800
2008-10-03,80.04141998291016,83.74825085603773,79.56265415551414,81.86944904784777,461798000
2008-10-06,75.96464538574219,78.06832744230762,73.00498258344675,77.72738516150748,610637500
2008-10-07,72.5624771118164,77.85795157771233,72.28682438423284,77.50249808559711,540012100
2008-10-08,70.73443603515625,74.12208529706538,70.2266478294706,70.74168612016294,725414800
2008-10-09,65.79443359375,72.9904775265953,65.46800255378639,72.2940872494331,534485200
2008-10-10,64.19853210449219,68.14474873029033,60.62953029202803,62.936325226311894,871026300
2008-10-13,73.52001953125,73.52001953125,65.2503762410934,68.09397670676235,455584000
2008-10-14,72.43189239501953,76.55220463533269,70.44427863974667,75.95011545923516,546268300
2008-10-15,65.3011703491211,70.94484445217209,65.07629583083148,70.69820306342487,484627500
2008-10-16,68.02142333984375,68.74683046125772,62.776732951294385,66.22241677801071,708811200
2008-10-17,67.61518096923828,71.51786835768242,66.48354790119915,66.73018360703709,476649000
2008-10-20,71.67748260498047,71.88785135401129,68.2535597859174,69.16757439408843,321294200
2008-10-21,69.53751373291016,71.55414425723706,69.07325370721257,70.34271592563292,356502000
2008-10-22,65.75088500976562,69.53751014573716,63.49486896951309,67.6079250167584,516168000
2008-10-23,66.51258087158203,67.06388630022117,62.247183446783296,65.49700979261009,634666400
2008-10-24,63.139442443847656,65.22861315740384,60.93420392344064,60.97772658380089,545812600
2008-10-27,60.897911071777344,64.93117746612259,60.71655933477454,62.3632362060329,397288600
2008-10-28,68.01419830322266,68.36239075046798,61.31868567145288,63.357078662358276,639939500
2008-10-29,67.5208969116211,70.48780941341569,66.80999548988865,68.02142406734632,531270100
2008-10-30,69.85673522949219,70.03083145684101,67.39034894863674,69.47952028008055,414582100
2008-10-31,70.24114227294922,71.50334856431031,68.53643738768075,68.97168036390029,411394000
2008-11-03,70.44429016113281,70.86502764464642,69.60281519410559,70.2049044686767,205419400
2008-11-04,72.83812713623047,73.16455810656763,70.15411763517079,71.85882315638543,346793400
2008-11-05,69.77692413330078,73.05576242045166,68.91368774734657,71.96039593925153,387844100
2008-11-06,65.91050720214844,69.23287393826742,65.33017915294725,68.5219723547169,477721900
2008-11-07,68.08671569824219,68.18827225672221,65.64934722588681,66.48356655718763,380391000
2008-11-10,67.19444274902344,69.29812397843814,65.95399754779851,69.06599397939749,301773000
2008-11-11,65.11979675292969,66.8390136731993,64.30734429528378,65.83795380884963,418498200
2008-11-12,62.25444030761719,64.52496265519144,61.7466575252259,64.00267416519637,454330600
2008-11-13,66.13536834716797,66.54160011340426,59.54867011583786,62.479315657545314,753141900
2008-11-14,62.83476257324219,66.78097328178333,62.762217438503924,64.85864896838787,540352300
2008-11-17,62.00059127807617,64.2420982075262,61.77571668286068,62.66070934620786,415254900
2008-11-18,63.168434143066406,63.26999066625338,60.14348870010719,61.76839860551413,523811800
2008-11-19,59.12067794799805,63.01611602113352,58.69994050673383,62.31972587753253,558327600
2008-11-20,54.73199462890625,59.85337543285905,54.441836051312194,58.1269020103058,814180400
2008-11-21,57.684391021728516,58.68545672384826,53.926780663196304,56.19005362622902,718536500
2008-11-24,61.68136215209961,63.10315934229993,58.29371247029704,59.425345726199666,523305300
2008-11-25,62.13835906982422,63.48036075729802,60.80360746672989,63.328025969095485,454112400
2008-11-26,64.5394515991211,64.69904199971123,61.108274589679176,61.151802766286245,370134200
2008-11-28,65.35192108154297,65.38093802882896,64.1840207761781,64.2928274104796,118308100
2008-12-01,59.563167572021484,63.5093833143319,59.38181582701702,63.48036637100125,369927100
2008-12-02,61.85545349121094,62.01504391939138,59.51239194122731,60.549724189983884,469508400
2008-12-03,63.34257125854492,63.71253056648229,60.31036823384621,60.49897569947964,519863500
2008-12-04,61.87721633911133,63.87208549321096,60.745577710110155,62.42852164782848,444173800
2008-12-05,63.78507995605469,64.14052807171899,59.657509622657564,60.68033682627219,471905300
2008-12-08,66.01203155517578,67.01309114021626,63.893844618148606,65.53326031814616,412859300
2008-12-09,64.92393493652344,66.83175360204459,64.5467256826502,65.5550411009222,370790000
2008-12-10,65.3664321899414,66.2731910367285,64.56122989124113,65.51876701207162,396187400
2008-12-11,63.79231262207031,66.012056941621,63.37883072853797,64.95296306580865,365061000
2008-12-12,64.55401611328125,64.61205004535194,61.80472084366184,62.05861791286599,415060400
2008-12-15,63.65449523925781,64.67006664055711,62.595401167783336,64.575760142619,256694200
2008-12-16,66.65042114257812,66.75197772245085,63.96641632979585,66.65042114257812,377699500
2008-12-17,66.00476837158203,67.04935601671899,65.33013977316692,65.89595623614441,281819800
2008-12-18,64.7716293334961,66.49809700437189,63.98818798997152,66.30223943570044,374673300
2008-12-19,64.49296569824219,66.27001436577731,64.41983166915615,65.15844184404916,301451300
2008-12-22,63.66660690307617,64.84399351974795,62.51847278624428,64.77817957961612,243759500
2008-12-23,63.00844192504883,64.30283289477933,62.745175019452184,64.01031349085599,221625200
2008-12-24,63.37411880493164,63.527690306961425,62.89146073054134,63.220541723555726,62061600
2008-12-26,63.73979568481445,63.84217673251133,63.25713739194463,63.7982951553922,74767700
2008-12-29,63.55692672729492,63.864069653591834,62.59892534382879,63.798250124045516,127795900
2008-12-30,65.06336975097656,65.121874737413,63.53495906154477,63.99567885555341,168256300
2008-12-31,65.99214935302734,66.52599788693023,64.9902774057026,65.14384889589078,193987200
2009-01-02,67.98125457763672,68.33227900456438,65.70692427093356,66.13839167946247,227566300
2009-01-05,67.90080261230469,68.49315590566381,67.19875943067836,67.73991667038847,240349700
2009-01-06,68.35420227050781,69.07086885133161,67.77647806307641,68.47852118645889,328260900
2009-01-07,66.30660247802734,67.469365940323,65.96289248867363,67.27922743101865,280899200
2009-01-08,66.57717895507812,66.6137404022238,65.57530157029238,65.93364057599631,263834400
2009-01-09,65.1511459350586,66.78193816892761,62.4234154830293,66.66493373178632,330953600
2009-01-12,63.58614730834961,65.0194915292528,63.19125261205652,64.9682954834026,277858500
2009-01-13,63.70317459106445,64.2662698756943,63.03769276624889,63.42528420868586,356432300
2009-01-14,61.69941329956055,62.708599243842656,60.81454627129685,62.555027833582955,435491600
2009-01-15,61.72138977050781,62.34299031762959,59.761516068726955,61.51662776245323,532647300
2009-01-16,62.204010009765625,62.884115229053805,60.734109680451965,62.78904879730035,399237200
2009-01-20,58.92049026489258,62.20400616936907,58.540218982012846,61.59703502050389,419855200
2009-01-21,61.46541976928711,61.60436218987329,58.84737922995377,59.92238504567328,364360700
2009-01-22,60.51474380493164,61.45811631141218,59.35929478961324,60.273414786666585,427940300
2009-01-23,60.77799987792969,61.421538231533724,58.92050770851399,59.161836683369756,386800600
2009-01-26,61.194847106933594,62.42342456199934,60.55861760328233,61.12902756825116,317978800
2009-01-27,61.81644058227539,62.26984604185671,60.91694976356153,61.523921110911466,273789700
2009-01-28,63.9079475402832,64.31747145431513,62.94263718624734,63.18396616959252,330007000
2009-01-29,61.83106231689453,63.98106818172654,61.77255731366727,62.971881983105156,294392500
2009-01-30,60.57322692871094,62.452656740131516,60.11982156549801,62.14551387118582,383383600
2009-02-02,60.39043045043945,60.82920697403301,59.461681322476,59.65181986179348,288233300
2009-02-03,61.23871994018555,61.69212542775017,60.127152575612705,60.770690988855385,278385800
2009-02-04,60.93889236450195,62.43073676007567,60.72681587117897,61.64825032301618,322989300
2009-02-05,61.84567642211914,62.37221021282296,56.843616569119604,60.47815147011581,417679400
2009-02-06,63.608116149902344,63.8713775256452,61.926133445659566,62.0577669232033,366101700
2009-02-09,63.695865631103516,64.16389451561776,63.1254557768108,63.59348466132505,240075200
2009-02-10,60.77799987792969,63.644678333999494,60.29534192821816,63.08889191354688,536212800
2009-02-11,61.136356353759766,61.465442965259385,60.25880321512103,61.02666081659323,324442500
2009-02-12,61.18021011352539,61.29721454181061,59.27152760398757,60.090575340016876,469302200
2009-02-13,60.52205276489258,61.604367617500856,60.507423721850614,61.09977721945646,293998400
2009-02-17,57.933265686035156,60.668310959555555,57.89669865702783,58.620685660086835,478910100
2009-02-18,57.7943000793457,58.459781865168914,57.24582828725371,58.3500863908818,362964800
2009-02-19,57.17271423339844,58.613368062907945,57.05570421019087,58.38666253777953,316867500
2009-02-20,56.616905212402344,57.28969583961336,55.410266330970835,56.11231503166547,477176600
2009-02-23,54.59125518798828,57.23854350925034,54.5473736278662,57.23854350925034,379641400
2009-02-24,56.66082763671875,57.00453213741191,54.62781967173212,55.05928729753124,426260900
2009-02-25,56.2147216796875,57.348227054471884,55.3079106846456,56.41216913125667,461985800
2009-02-26,55.300601959228516,58.26234722045747,55.23478242221702,56.90945082364829,363353900
2009-02-27,54.064693450927734,55.3517754957741,53.976935954911966,54.12319844827157,470510900
2009-03-02,51.62948989868164,54.05739208582382,51.46129496456885,53.03357670054447,426452600
2009-03-03,51.24189376831055,52.43390385060046,50.92743636779501,52.368089910172124,443761000
2009-03-04,52.45585250854492,53.28952931106314,51.24189874877786,52.09020459237573,462753100
2009-03-05,50.31315994262695,52.455857143895294,49.85243995676103,51.26384126106878,485549400
2009-03-06,50.400909423828125,51.51979119896804,49.06995117938112,50.75193389217822,490470000
2009-03-09,49.80856704711914,51.19071593090598,49.530676597772796,49.6915570183342,379905300
2009-03-10,52.77762222290039,52.92388474623663,50.72999711029608,50.832378086959054,406227900
2009-03-11,53.121337890625,53.933076849555775,52.52898995061701,53.384604881594186,356648300
2009-03-12,55.21281814575195,55.395642046896825,52.63134555428116,53.10668881312637,409702700
2009-03-13,55.6442985534668,56.295156993022886,54.649741330373494,55.58579912576335,337474700
2009-03-16,55.47608947753906,57.01912377381815,55.43952246262807,56.280513591492614,360644900
2009-03-17,57.17271423339844,57.30434771983446,55.17627395234296,55.62967942325481,356814300
2009-03-18,58.45246887207031,59.1618266343941,56.360962603930695,56.90211989070961,473273200
2009-03-19,57.7285041809082,59.234972055192976,57.545680193083534,59.18378156177589,428520400
2009-03-20,56.49922180175781,58.11959135045123,56.36664616249452,58.00911071451873,371078200
2009-03-23,60.557533264160156,60.609090169838375,57.67769656608486,57.994404877902845,419933300
2009-03-24,59.364322662353516,60.660617162100486,59.298037653146174,59.835701458756326,330271000
2009-03-25,59.990386962890625,60.9110497807329,58.23008010471859,59.8283550271455,441775100
2009-03-26,61.21302032470703,61.35296284933861,59.89463070109088,60.57960395538801,422025200
2009-03-27,60.10823059082031,60.785837032047105,59.88726928119962,60.432305679789444,322332300
2009-03-30,58.03121566772461,58.82666963969075,57.41989424745732,58.77511274998625,324108500
2009-03-31,58.56888961791992,59.71788075871161,58.222725081545,58.59835150555874,364238300
2009-04-01,59.703128814697266,59.968280103378866,57.692404764687,57.83970853871954,377018300
2009-04-02,61.448707580566406,62.31781333907648,59.754686072177314,61.19092316475384,476230700
2009-04-03,62.06003952026367,62.07476765256264,60.88895351806354,61.492908089357265,284646300
2009-04-06,61.573951721191406,62.07479271073102,60.6090985166462,61.382452208322185,264866600
2009-04-07,60.137672424316406,60.874202385130374,60.034558679344656,60.57958927694926,258947800
2009-04-08,60.785823822021484,61.087803838257905,60.0566606495828,60.43965380117614,230402800
2009-04-09,63.20166778564453,63.209034662572286,62.111606010124426,62.36202363286152,269653500
2009-04-13,63.216400146484375,63.73933601121858,62.29573722562545,62.54615484284443,224847500
2009-04-14,62.12630844116211,63.1648185063668,61.92744780063266,62.62714909870399,276598800
2009-04-15,62.78920364379883,62.91441243733526,61.581294486586614,61.750693296834754,250726100
2009-04-16,63.70985412597656,64.18859981840902,62.43565457097438,63.29003219061122,335202900
2009-04-17,64.13703155517578,64.55685341604699,63.444691580684484,63.95289906147301,262649000
2009-04-20,61.448707580566406,64.11494861379059,61.38241694834099,63.00278656925204,293690100
2009-04-21,62.649234771728516,62.700791642653314,60.947852411932786,60.999409282857584,114090900
2009-04-22,62.2662467956543,63.591997422412746,61.920076797007134,62.08211429588691,340395200
2009-04-23,62.87755584716797,62.91437896841211,61.59598985149178,62.39144344481972,324903700
2009-04-24,63.827720642089844,64.306460857768,63.113285327975085,63.36370294114333,287703000
2009-04-27,63.223758697509766,64.08550342519766,63.00280297753053,63.10591677071023,289581600
2009-04-28,63.02486038208008,63.776118372599136,62.428272989042085,62.58294358652316,247926300
2009-04-29,64.3653793334961,65.07981458879496,63.562564042839824,63.72459598075506,311505700
2009-04-30,64.38745880126953,65.56590581559539,64.01919375808778,65.21974139519858,301419800
2009-05-01,64.7336196899414,64.96930905948858,63.87188095934182,64.40218344564244,236110300
2009-05-04,66.93582916259766,66.98002477366104,65.09450458112931,65.21971892331943,287120000
2009-05-05,66.7074966430664,66.97264779231502,66.1698274739579,66.7074966430664,243036300
2009-05-06,67.86387634277344,67.9080663462925,66.73698629881211,67.52507320414493,291941000
2009-05-07,66.921142578125,68.60779761601395,66.49395366143065,68.50468382498843,317728000
2009-05-08,68.48258972167969,68.65935542016558,67.34833238610813,67.78288256556932,299081700
2009-05-11,67.2010269165039,67.84181033780325,67.05372309562802,67.53983019994293,247923600
2009-05-12,67.0021743774414,67.63559099925374,66.17725826968362,67.4882815411106,282431300
2009-05-13,65.31549835205078,66.29508486654707,65.1829226912973,66.09621856577712,269619100
2009-05-14,65.875244140625,66.37608475887633,65.18290415146873,65.34494164844385,260098700
2009-05-15,65.33760833740234,66.28773318740214,64.9251531290728,65.8237210780314,271502700
2009-05-18,67.1936264038086,67.27463952446531,65.23445413889871,65.95625592578058,241447400
2009-05-19,67.11263275146484,67.73868228738998,66.88430457208179,67.1568227645741,206102200
2009-05-20,66.66332244873047,68.34997658458954,66.58967058299874,67.72392167767701,285722200
2009-05-21,65.70584869384766,66.1404043692322,65.00614735564102,65.88998121645768,258988400
2009-05-22,65.56591033935547,66.28771234627546,65.3154927899679,65.88998539788432,166811900
2009-05-26,67.24520874023438,67.43670254416762,65.05034629680164,65.07980817877892,236318500
2009-05-27,66.04466247558594,67.57664665854294,65.94154869589455,67.34832409198053,246015800
2009-05-28,66.96533966064453,67.27468106634947,65.6248546166424,66.62653636592759,289095000
2009-05-29,68.15113830566406,69.01287728849226,66.78855856354367,67.33358933653594,258641500
2009-06-01,69.80095672607422,70.09556989677417,68.81400906640006,68.9907747211085,276246800
2009-06-02,69.85983276367188,70.24283130974383,69.40318799933033,69.52839668508365,230874500
2009-06-03,68.97604370117188,69.32957499577587,68.32053237395164,69.26328998526711,235310500
2009-06-04,69.62418365478516,69.72729741065432,68.71825485403777,69.23382363338358,210102300
2009-06-05,69.63893127441406,70.4638414856893,69.08653363538681,70.33126582755159,284257900
2009-06-08,69.35167694091797,70.04401141408461,68.52676120564857,69.11598191431638,238565100
2009-06-09,69.70520782470703,70.07347287264791,69.24855714232001,69.74203657721259,225125500
2009-06-10,69.52842712402344,70.33124205749253,68.63722657524136,70.32388080400789,296100400
2009-06-11,69.83778381347656,70.78790831619477,69.64628441419849,69.66101816298534,275414200
2009-06-12,70.029296875,70.07348689142431,69.23384286368372,69.52845608483194,184361800
2009-06-15,68.42362976074219,69.24853966357925,68.05536480575356,69.20434966714934,224190500
2009-06-16,67.49563598632812,68.7109121005725,67.45144596666549,68.66672208090986,227319000
2009-06-17,67.42932891845703,68.0038214634269,66.89902637870688,67.466152049714,223445200
2009-06-18,67.92280578613281,68.25424207885912,67.20837069988235,67.53244573759068,211725100
2009-06-19,68.17318725585938,68.66204028366072,67.78802484508472,68.57316099734562,215655600
2009-06-22,66.12883758544922,67.54355895290216,66.10661777775424,67.50652217273101,251913600
2009-06-23,66.18072509765625,66.57329033675806,65.81037967948131,66.26961003238638,188309800
2009-06-24,66.75105285644531,67.46211530292537,66.36589049937987,66.78068116475973,211577700
2009-06-25,68.20276641845703,68.2694258351557,66.34363212216057,66.41770002438756,279411000
2009-06-26,68.02503204345703,68.32130945744161,67.60283856511103,67.97318391983634,167579000
2009-06-29,68.66200256347656,68.7508874519846,67.84724419738845,68.224997909773,168481300
2009-06-30,68.10651397705078,68.92868118305947,67.60284402788349,68.67684903398687,228888200
2009-07-01,68.3879623413086,69.05458499091657,68.29907743768732,68.39536517834489,173041100
2009-07-02,66.52143096923828,68.41019454334021,66.48439982428867,67.4991424820504,212309900
2009-07-06,66.5140151977539,66.61030293712655,65.66962840319219,65.8770208578536,174499600
2009-07-07,65.2251968383789,66.5288135650909,65.18075722132696,66.44733716648268,197088900
2009-07-08,65.18077087402344,65.77332559692282,64.44008029590954,65.61777560262072,248050500
2009-07-09,65.30669403076172,65.84740069814013,65.11411852820723,65.63259972896357,163777600
2009-07-10,65.15113067626953,65.54369570682476,64.6993090540404,64.95854957883918,173520300
2009-07-13,66.7362060546875,66.78805415831312,64.8770715086498,65.410369517953,217413500
2009-07-14,67.11396789550781,67.17322449284606,66.46216227784754,66.94360659091538,181487400
2009-07-15,69.07682037353516,69.26199305955072,67.1658368976092,68.0028154040317,220877900
2009-07-16,68.9656753540039,70.00264292027992,68.75087448555242,68.8841989676596,231174500
2009-07-17,69.72118377685547,69.86191675807157,69.28417916300215,69.66933567604204,138561700
2009-07-20,70.46190643310547,70.58041966125654,69.76566099629406,70.12859786821865,164179400
2009-07-21,70.7878189086914,71.03224822679154,69.93602336596271,71.01002840715013,217718300
2009-07-22,70.77297973632812,71.20257593277248,70.28412129245066,70.33596940155705,196068100
2009-07-23,72.33586120605469,72.64694996415815,70.75818629520352,70.81744291132473,258795500
2009-07-24,72.63211059570312,72.69136719355843,71.6173681997768,71.99511629630899,154003100
2009-07-27,72.84690856933594,72.88394535424801,72.09880959206778,72.49878313483431,159259400
2009-07-28,72.50616455078125,72.86169833972552,71.89139031730357,72.33580896623839,186685200
2009-07-29,72.32843017578125,72.65433016084025,71.8321688852208,72.1728858452035,194399300
2009-07-30,73.08393096923828,73.9431346698455,73.03208285978923,73.2024441628476,225575400
2009-07-31,73.18762969970703,73.6764881635914,72.86913254472731,73.06912215305101,207358000
2009-08-03,74.39496612548828,74.46162556740434,73.55798212573664,73.95795573029551,175776900
2009-08-04,74.58753967285156,74.69123590270294,73.90610569067945,74.06165003545652,176714600
2009-08-05,74.37274932861328,74.70605785375665,73.75797474568381,74.63939275811532,184726400
2009-08-06,73.98756408691406,74.82454221001097,73.6394386924784,74.71344317010114,193203800
2009-08-07,74.9578857421875,75.57266029054863,74.3579281702562,74.76531025676557,220640900
2009-08-10,74.8023452758789,74.9727066075344,74.26904711715689,74.61717261804604,130898700
2009-08-11,73.86907196044922,74.52087761822182,73.66908234488025,74.46902950511515,157301000
2009-08-12,74.66160583496094,75.22452655508219,73.70611439680704,73.74314553177757,219052400
2009-08-13,75.23192596435547,75.26155425936878,74.26162331950242,75.00231374177667,176449500
2009-08-14,74.65421295166016,75.25417058317424,73.84685718667649,75.1949139736115,199616100
2009-08-17,72.81731414794922,73.29135583005535,72.66917824142452,73.21728787679301,237667500
2009-08-18,73.39501190185547,73.6542580728378,72.84690256664557,72.98022706991495,173461500
2009-08-19,74.0394287109375,74.29126644330854,72.74322021322986,72.81728814003762,192812800
2009-08-20,74.8023452758789,74.9727066075344,73.97277538544114,74.13572257747637,174131300
2009-08-21,76.26891326904297,76.3874208285055,75.26898207242782,75.4171179345112,224605000
2009-08-24,76.261474609375,76.99475644331571,75.98741715682283,76.5799716727664,191279000
2009-08-25,76.40966796875,77.22442674337184,76.24671508362113,76.56521236336687,215310600
2009-08-26,76.41706085205078,76.76518639746558,75.91339093228459,76.17263155620356,194620700
2009-08-27,76.58740234375,76.82442308858283,75.50599484226144,76.37260141077333,196230100
2009-08-28,76.57261657714844,77.29108759209916,76.04672676180842,77.20220830845007,147024400
2009-08-31,75.89115905761719,75.98004396499162,75.39489770624024,75.82449961535202,176051600
2009-09-01,74.21719360351562,76.46889363719028,74.06164926036641,75.51340211411309,321276800
2009-09-02,73.93574523925781,74.39497550632929,73.75057256478051,73.90611693321885,171805000
2009-09-03,74.5505142211914,74.63939348154652,73.76537829825416,74.36534156075676,143572300
2009-09-04,75.59487915039062,75.61709896373428,74.47644043794128,74.69864422239858,142687900
2009-09-08,76.24668884277344,76.32816525729717,75.83930677015474,76.29112846850617,132909100
2009-09-09,76.8318099975586,77.09105048143842,76.14296776838151,76.37998844664573,154612500
2009-09-10,77.61698150634766,77.66882963089344,76.45409729780208,76.88369927319388,162902400
2009-09-11,77.60213470458984,77.99470538359529,77.23919797224701,77.76508750511671,152360100
2009-09-14,77.97990417480469,78.11322870664162,76.40223525725153,76.94293622174193,149593800
2009-09-15,78.30579376220703,78.59466258003312,77.59473162209515,78.10580418000771,196795900
2009-09-16,79.49089813232422,79.5057094547385,78.31320304021244,78.58725488752368,206406300
2009-09-17,79.37240600585938,80.0390230132626,78.93539562105119,79.37980884299357,229170900
2009-09-18,79.42304229736328,79.75050043187437,79.15512303784324,79.74305665301559,153799100
2009-09-21,79.22208404541016,79.63140663104419,78.6341562266827,78.80532336035623,151892000
2009-09-22,79.68347930908203,79.90674714354118,79.33369568479992,79.69092308434718,143126700
2009-09-23,79.0211181640625,80.39792121178044,78.87971483640501,79.86952677413458,225947400
2009-09-24,78.1504135131836,79.36348804692858,77.80807356521763,79.19232091191486,228636800
2009-09-25,77.73365020751953,78.41089203063824,77.46573098935595,77.9792437704926,204059000
2009-09-28,79.12532043457031,79.29649320893671,78.01643632286985,78.03131819640998,118285800
2009-09-29,78.8871841430664,79.64628473747102,78.7234551165635,79.26673727923782,133733900
2009-09-30,78.5820541381836,79.22952648692298,77.86016672886895,79.15510574840933,254383000
2009-10-01,76.63218688964844,78.68623172806801,76.61729933863703,76.65451253822847,281840600
2009-10-02,76.27497100830078,76.72894485784127,75.90286166788648,75.92518731984127,224748800
2009-10-05,77.41358947753906,77.63685725143142,76.35680079404398,76.58006856793634,149875000
2009-10-06,78.52250671386719,78.96903674190806,77.92712955785444,77.97178085727732,202491100
2009-10-07,78.73834228515625,78.82020679800698,78.19506012514127,78.34390159690358,159200300
2009-10-08,79.34115600585938,79.75791666062831,78.77554820443147,79.29650470083072,183305800
2009-10-09,79.82489776611328,79.82489776611328,79.1550998138311,79.36348013722157,135008300
2009-10-12,80.137451171875,80.44257781525567,79.8397626256459,80.19699001670817,118031000
2009-10-13,79.9737319946289,80.15978664909564,79.45278123329702,79.92163691849571,157692700
2009-10-14,81.35052490234375,81.43238939407865,79.94395234862473,80.91143869934447,191421600
2009-10-15,81.648193359375,81.648193359375,80.9188625661821,80.95607007640237,173873600
2009-10-16,81.03797912597656,81.3207802065443,80.54679770415484,80.9710021639757,192069400
2009-10-19,81.70773315429688,81.96076466735042,80.91886352191185,81.17189503496537,159530400
2009-10-20,81.276123046875,81.85661272084258,80.88168804676565,81.8268432916727,180921100
2009-10-21,80.5467758178711,82.0947460799718,80.48723697142267,81.14959102383492,225379300
2009-10-22,81.36543273925781,81.62590815156915,80.00351114039523,80.51702386605054,238444000
2009-10-23,80.43513488769531,81.68542216442403,80.1002331640733,81.63332709780768,240033200
2009-10-26,79.56444549560547,81.35056631709688,79.34117755394922,80.52448288208427,242028200
2009-10-27,79.19974517822266,79.9216381572123,79.00625242269325,79.65371899639268,253266300
2009-10-28,77.70388793945312,79.24442063440307,77.65923095027883,78.99882706673046,248821400
2009-10-29,79.37093353271484,79.52721879419762,78.09832010812198,78.28437480197367,198110600
2009-10-30,77.0712890625,79.34860221367846,76.98198644970674,79.11045244966601,325608100
2009-11-02,77.63690185546875,78.44810326725698,76.7140721705369,77.49549847223534,254222900
2009-11-03,77.88247680664062,77.99411073105423,77.05639371509203,77.20523516235201,228362600
2009-11-04,78.0833969116211,79.13274763137657,77.88246043227221,78.52248874121469,247996700
2009-11-05,79.519775390625,79.54210104552202,78.47042986489424,78.63415890472398,180015300
2009-11-06,79.72814178466797,79.92908399944567,78.92438995937019,79.08067519423192,170954100
2009-11-09,81.5440444946289,81.58869580065395,80.27887494845483,80.33840813050882,159495700
2009-11-10,81.55890655517578,81.8119438096958,81.097494697186,81.35052627376919,171899800
2009-11-11,81.97565460205078,82.47427954731293,81.58121977436771,82.09472658874022,169466200
2009-11-12,81.14215850830078,82.28825591075599,80.93377819475214,81.86405150733549,157144500
2009-11-13,81.58124542236328,81.93102339680946,80.93377319276372,81.35053379410375,150963000
2009-11-16,82.7645492553711,83.12177667920642,82.10219516016193,82.14684645891487,210922200
2009-11-17,82.86131286621094,82.89852607487134,82.23617184187323,82.54874235404208,147134100
2009-11-18,82.8092041015625,82.92828180725449,82.28825333400381,82.80176600340988,156486800
2009-11-19,81.73008728027344,82.83897141605662,81.21657462395905,82.24359993658783,208734600
2009-11-20,81.43982696533203,81.68542042182831,81.12725657230202,81.30586741432828,134196000
2009-11-23,82.47428131103516,83.15896086346415,82.31055235764221,82.39986060802083,148010200
2009-11-24,82.60083770751953,82.75712296411125,81.8715065100915,82.60828148486347,138420100
2009-11-25,82.8910903930664,82.98039869581052,82.47432966947187,82.73480512171845,109564800
2009-11-27,81.5440444946289,82.1022085316948,80.59144544650657,80.67330995951129,126001800
2009-11-30,81.81939697265625,82.01288972591371,80.46491931016666,81.47705708850366,160874800
2009-12-01,82.83153533935547,83.0994544989323,82.40733094968175,82.54872862761465,159613700
2009-12-02,82.79434204101562,83.35994992253444,82.54874847270548,82.8166676966913,132315100
2009-12-03,82.14686584472656,83.48646190281822,82.07988888079129,83.01760612145544,167324900
2009-12-04,82.61571502685547,83.63529095705722,81.89382201826902,83.23341219935124,274907800
2009-12-07,82.48920440673828,83.00271716667015,82.22872897704042,82.54130517061638,127973800
2009-12-08,81.57380676269531,82.43709744503509,81.32076946891348,81.89382100963435,169863700
2009-12-09,81.87894439697266,81.99802212241259,81.13472564678845,81.55149200788976,155063400
2009-12-10,82.34032440185547,82.6975517368331,82.19892108706117,82.38497568950172,138014600
2009-12-11,82.69012451171875,82.8761791513945,82.31801523236729,82.69012451171875,124854000
2009-12-14,83.2557373046875,83.35248367918625,82.70501144940656,83.2557373046875,107141500
2009-12-15,82.86873626708984,83.29294062299459,82.60826090433027,82.95060076366244,120408800
2009-12-16,82.9952621459961,83.44923598108672,82.80920748171101,83.2036481394631,155358200
2009-12-17,81.99805450439453,82.55621878745822,81.92363373557419,82.39993346955328,183390100
2009-12-18,82.46192932128906,82.5292725827949,81.76607939776804,82.4544454681201,174591200
2009-12-21,83.29993438720703,83.57677412922084,82.87344614146318,82.87344614146318,118039600
2009-12-22,83.59923553466797,83.77880805179205,83.37476560688233,83.47951671758032,91707500
2009-12-23,83.76380157470703,83.88352033638196,83.42710254737959,83.80121511485663,111783100
2009-12-24,84.16039276123047,84.25017615286039,83.80124206919103,83.94340671728052,39677500
2009-12-28,84.33997344970703,84.54199180901439,84.0406821286715,84.47465425874765,87508500
2009-12-29,84.22023010253906,84.57189687416889,84.21275196035941,84.5569348813041,80572500
2009-12-30,84.19029998779297,84.28757292069736,83.92842230017628,83.97331969555732,73138400
2009-12-31,83.38223266601562,84.3998195722783,83.34481911608437,84.37736801721582,90637900
2010-01-04,84.79637145996094,84.84126314956657,83.43460169303377,84.07807588374169,118944600
2010-01-05,85.0208511352539,85.05826468909152,84.43723622983082,84.74401138748014,111579900
2010-01-06,85.08070373535156,85.29020591967505,84.8712015510281,84.93853909234362,116074400
2010-01-07,85.43982696533203,85.54457802384044,84.68411800737465,84.92354981375165,131091100
2010-01-08,85.72417449951172,85.76158804883364,85.04329242820074,85.21538105466682,126402800
2010-01-11,85.84387969970703,86.14316521287482,85.47724524161757,86.10575737798148,106375700
2010-01-12,85.0433120727539,85.45483266782335,84.71409102989237,85.27526014831138,163333500
2010-01-13,85.76158142089844,86.00101327593866,84.82629984519355,85.26026615785628,161822000
2010-01-14,85.99356079101562,86.15068746802515,85.61196417055945,85.66433972956263,115718800
2010-01-15,85.02831268310547,85.92618065461131,84.69909176291749,85.84388113306966,212283100
2010-01-19,86.09081268310547,86.14318823275657,84.99092043192546,85.01337198906745,139172700
2010-01-20,85.21539306640625,85.634397477044,84.5345108991199,85.50720052502996,216490200
2010-01-21,83.57677459716797,85.49971363993842,83.4720234982238,85.237835892578,344859600
2010-01-22,81.71366882324219,83.60667755969281,81.62387974921702,83.20263528933698,345942400
2010-01-25,82.13270568847656,82.61157523153157,81.86334977648721,82.46192671541839,186937500
2010-01-26,81.78849792480469,82.65644193020402,81.58647962479233,81.81094376830545,211168800
2010-01-27,82.17759704589844,82.36465339588445,81.05525894598233,81.6837655418521,271863600
2010-01-28,81.23482513427734,82.49184393689407,80.74099937709201,82.44695224310622,316104000
2010-01-29,80.3519058227539,82.15513134087391,80.22470890554776,81.58647857597437,310677600
2010-02-01,81.60145568847656,81.60893954043578,80.43422595712318,80.92057358135591,187865000
2010-02-02,82.58911895751953,82.74624560908724,81.46678083903002,81.75111014915842,216327900
2010-02-03,82.17759704589844,82.66394469756342,81.93816514625661,82.21500489079158,172730700
2010-02-04,79.64111328125,81.57901432421097,79.62614557650903,81.5416064793721,356715700
2010-02-05,79.80570220947266,79.97030695758033,78.24939243050274,79.73087512300845,493585800
2010-02-08,79.22960662841797,80.3070532960372,79.16974721165953,79.86559723307892,224166900
2010-02-09,80.2247314453125,80.92058132292264,79.51391386235198,80.15738818824984,337820500
2010-02-10,80.06758117675781,80.50903130978284,79.39417734726553,80.09751087012472,240511500
2010-02-11,80.90559387207031,80.99538295673794,79.49893246331092,79.96283417133532,223591600
2010-02-12,80.83824920654297,80.88314089066262,79.69346559345128,80.05261048341862,304622100
2010-02-16,82.11023712158203,82.19254235554693,80.67364601538563,81.45180095836841,159317500
2010-02-17,82.49929809570312,82.61153299828369,82.11021786122436,82.50677623630536,168845100
2010-02-18,82.98565673828125,83.15774533143444,82.33469878223275,82.36462847419527,193708600
2010-02-19,83.15778350830078,83.47952070897276,82.5741685183627,82.76870875117794,222684900
2010-02-22,83.17273712158203,83.48699041545036,82.92582137275404,83.46454456710359,132346900
2010-02-23,82.16261291503906,83.20264555635559,81.9456269074147,82.94825171131673,207497000
2010-02-24,82.91832733154297,83.05300811358092,82.20003173017597,82.40953390034475,176350700
2010-02-25,82.80610656738281,82.86596597153485,81.51167977651009,81.73614397931978,259634700
2010-02-26,82.85846710205078,83.14279636598911,82.38708722392462,82.8809129474131,173589300
2010-03-01,83.71893310546875,83.80123834981426,83.18020994557321,83.20265579248448,147709700
2010-03-02,83.95088958740234,84.35493199800459,83.80124678725643,84.07809224688397,160992400
2010-03-03,84.02569580078125,84.52700533596384,83.81618794076695,84.16785471301624,150785000
2010-03-04,84.28009033203125,84.39980911016605,83.823672480277,84.13792571012254,135770400
2010-03-05,85.48474884033203,85.55208638379925,84.62428851993153,84.82631256734632,176118800
2010-03-08,85.49971771240234,85.68677407064192,85.35007490921349,85.49223956819782,114631200
2010-03-09,85.64186096191406,86.03841942888582,85.20041080690946,85.24530249494231,154556700
2010-03-10,86.02346801757812,86.25541604562089,85.60446365504762,85.67928504714145,186088800
2010-03-11,86.38260650634766,86.40505805994813,85.55955983801223,85.82143754495907,160791100
2010-03-12,86.39008331298828,86.7716797739974,86.15065147066018,86.7567120728176,162074800
2010-03-15,86.41252136230469,86.47238074461406,85.74660143250131,86.24043277379634,146816800
2010-03-16,87.1009292602539,87.18322880970905,86.41255749288574,86.65198941372897,168673000
2010-03-17,87.61719512939453,87.90152444110552,87.10840161784037,87.3628012278709,177468100
2010-03-18,87.57231140136719,87.7444000660586,87.22064451024897,87.62468695694815,196509100
2010-03-19,87.1290283203125,88.12075281442773,86.79093690721885,87.1290283203125,226641100
2010-03-22,87.59483337402344,87.75261280353222,86.58057061469447,86.63316184719258,184477800
2010-03-23,88.21089172363281,88.286021221104,87.43704127684121,87.72254139205025,182941600
2010-03-24,87.7826156616211,88.22588931039155,86.83597395504768,87.8802891383393,196072600
2010-03-25,87.63990783691406,88.78189123998504,87.53472538131597,88.37618502610071,223396300
2010-03-26,87.58732604980469,88.21842085141644,87.2417256967295,87.80520565474623,205808500
2010-03-29,88.14326477050781,88.30103842335801,87.66994381195718,88.03056766646829,134513500
2010-03-30,88.20336151123047,88.52642345223903,87.83522302608516,88.24843805536722,145772500
2010-03-31,87.90288543701172,88.29356240575613,87.60987627744957,87.86531780854874,161078700
2010-04-01,88.50389099121094,88.84197655845922,87.97797310303152,88.50389099121094,161215200
2010-04-05,89.22514343261719,89.28524358408669,88.5940431200809,88.84197559043488,105847600
2010-04-06,89.43553924560547,89.59331294534043,88.8720592899744,88.96972708542522,110384200
2010-04-07,88.92463684082031,89.67594333272856,88.51141597746533,89.25521353150431,184576300
2010-04-08,89.232666015625,89.38293074731047,88.35363883031536,88.61659494574815,158704000
2010-04-09,89.81869506835938,89.85625695444412,89.25521518896443,89.42049780536206,133006500
2010-04-12,89.96142578125,90.19433466055982,89.82619040139726,89.93137283772575,110279000
2010-04-13,90.02904510498047,90.18681875731379,89.40545943241584,89.87127145264715,125043600
2010-04-14,91.05081176757812,91.05081176757812,90.21686132117986,90.35960561952791,161609000
2010-04-15,91.12599182128906,91.33635678360733,90.87054455846308,90.90059751479644,144615300
2010-04-16,89.67594909667969,91.12597094854377,89.21765164859735,90.80290890697776,366786700
2010-04-19,90.01404571533203,90.10420457466694,89.00729758015846,89.41300384914346,217947800
2010-04-20,90.81792449951172,90.89305973251088,90.05910908793912,90.57750665714954,157708000
2010-04-21,90.65265655517578,91.08090108528664,90.14927677991102,90.87053042367592,192910100
2010-04-22,90.92308044433594,91.03577752897135,89.49560314566017,90.01400056376413,115360300
2010-04-23,91.51666259765625,91.554230223535,90.6301205078581,90.86302947067946,177335500
2010-04-26,91.1710433959961,91.74955261579316,91.08089028372603,91.54669664915802,143457300
2010-04-27,89.01477813720703,91.16350900706449,88.84197515604423,90.64511152760112,355853300
2010-04-28,89.69094848632812,89.9163426803306,88.85699799333644,89.44302175134037,300674100
2010-04-29,90.80290985107422,90.99073648807678,90.20937699030448,90.23191526962253,193775000
2010-04-30,89.26272583007812,90.9156036137146,89.2401875515945,90.81793009760044,270000900
2010-05-03,90.41976165771484,90.66769424839943,89.55575779236923,89.69099322983216,182747900
2010-05-04,88.29352569580078,89.42799996591934,87.84274300174445,89.41297635998974,360353400
2010-05-05,87.76762390136719,88.50390678339184,87.12901453149658,87.5722826090727,328973200
2010-05-06,84.85255432128906,87.90285674680571,78.88717913174871,87.34689156550763,647356600
2010-05-07,83.59037017822266,85.47614553273705,82.20045417685874,84.6271711762749,637558800
2010-05-10,87.27176666259766,87.63990524630893,86.33263352822232,87.00880479936156,396159600
2010-05-11,87.02385711669922,88.17335545955912,86.33265632298175,86.45286241527313,317849800
2010-05-12,88.24095153808594,88.36867800724123,87.21917417692785,87.36943892534173,235607100
2010-05-13,87.1440658569336,88.41377606268132,87.0689363304667,88.00055506909021,234452500
2010-05-14,85.56629180908203,86.64817493988797,84.79996174610342,86.49040127198099,345601400
2010-05-17,85.61138916015625,86.03963371480009,83.97354045902433,85.79921581977223,325739800
2010-05-18,84.44686126708984,86.56554560667348,84.16887576722434,86.31009838722679,360556800
2010-05-19,83.96603393554688,84.7248495351773,82.91420346503136,83.97354287509692,394742700
2010-05-20,80.79549407958984,82.56106304171063,80.74290285882924,82.1778951578759,530418300
2010-05-21,81.97506713867188,82.17791740738029,79.1576672665207,79.57088820724209,500909400
2010-05-24,80.92322540283203,82.18542059852547,80.84809589647215,81.53178185596522,269823000
2010-05-25,81.00588989257812,81.04345752118553,78.42139295520583,78.96984937999113,396505200
2010-05-26,80.51752471923828,82.24553214424817,80.27710684316871,81.50174023578516,349719300
2010-05-27,83.2146987915039,83.24475173546195,81.72710959165232,82.03514796821248,300870500
2010-05-28,82.17042541503906,83.18468843179345,81.77974267559762,83.1245825131077,297933500
2010-06-01,80.78797149658203,82.6061315013618,80.66776546033849,81.4040424788633,277909400
2010-06-02,82.89166259765625,82.89917153697216,80.77297811157418,81.20122266518604,240243700
2010-06-03,83.1771469116211,83.44010305597624,82.32817257927051,83.13207035316424,226618300
2010-06-04,80.25457000732422,82.14035116006842,79.98409917537626,81.59940949617251,398475600
2010-06-07,79.25532531738281,80.8480972460645,79.1952251505,80.5400588132288,264609100
2010-06-08,80.10427856445312,80.26205219723815,78.62420425859709,79.3154046685159,357774300
2010-06-09,79.6760482788086,81.35145838853036,79.33795694998544,80.57009902246678,268023300
2010-06-10,82.00511932373047,82.10278712152495,79.66855525975025,81.03593308894641,317890600
2010-06-11,82.40331268310547,82.45590391873888,81.23127615640958,81.28386739204299,214128200
2010-06-14,82.27557373046875,83.48517761448926,82.1929295596092,83.03438914361406,207196100
2010-06-15,84.1463394165039,84.22146893029432,82.71134105544479,82.85409114405671,238268700
2010-06-16,84.11624145507812,84.46184161919945,83.54524713817658,83.71053541928056,216374000
2010-06-17,84.25149536132812,84.39424540500484,83.43257417436998,84.35667779392801,263185800
2010-06-18,84.34284210205078,84.64478984249065,84.07108452822771,84.41832903716075,174006600
2010-06-21,84.10128021240234,85.45251189705378,83.63325200121139,85.39212580470975,213140700
2010-06-22,82.71231842041016,84.47119269171708,82.59154044431477,84.10130258086276,239355400
2010-06-23,82.45565795898438,83.05955933120705,81.88949718292766,82.76515618840038,254639900
2010-06-24,81.08931732177734,82.15370231833853,80.87795155887345,82.04801943688658,268523600
2010-06-25,81.42901611328125,81.8441972106162,80.59864240004131,81.33087789665197,238726500
2010-06-28,81.1723403930664,81.76869698149748,80.87793730956403,81.54978083440626,169218600
2010-06-29,78.66618347167969,81.15729418857214,78.16796478387373,80.03251684926863,373649500
2010-06-30,77.9188003540039,79.17189953954822,77.66213787644962,78.44721463237494,284101700
2010-07-01,77.57158660888672,78.12264660913704,76.3411266798146,77.86598978913793,382924800
2010-07-02,77.14884948730469,78.06980539103158,76.71102280723102,77.8357940827779,233385200
2010-07-06,77.65461730957031,78.78693890823213,76.90728090776797,78.23587319613111,256935300
2010-07-07,80.10043334960938,80.19856581849207,77.76784777418901,77.85088515527656,253769400
2010-07-08,80.89305877685547,80.98364081992997,79.94945743292585,80.77227504037542,210842100
2010-07-09,81.49695587158203,81.50450629453412,80.71942932678778,80.87040323011831,144999900
2010-07-12,81.5498046875,81.7083290281166,80.88551138978013,81.225205582632,131283600
2010-07-13,82.78026580810547,83.1048591585342,82.2292000602511,82.39527482698217,213025900
2010-07-14,82.77273559570312,83.09733478467793,82.17637867831745,82.51607295918741,184426800
2010-07-15,82.79535675048828,83.08220948638731,81.6554847116905,82.74251530547305,232337900
2010-07-16,80.51560974121094,82.44055282408665,80.35707966399164,82.34996503128777,282693400
2010-07-19,80.99119567871094,81.24785249385837,80.18347311444421,80.81002582335475,186709000
2010-07-20,81.88948059082031,81.94986668430774,79.88149468079874,79.91924102860193,258162400
2010-07-21,80.82511138916016,82.33487344425555,80.49296189406792,82.31222793491474,264527000
2010-07-22,82.6292953491211,82.99164085871703,81.77628166761802,81.78382633292154,274781300
2010-07-23,83.346435546875,83.46721354330758,82.22920884361969,82.46322017121726,222020800
2010-07-26,84.21450805664062,84.29754541312516,83.25581188534277,83.48982311218974,184445700
2010-07-27,84.20698547363281,84.76559585158186,83.8748359606053,84.67500805004195,204855600
2010-07-28,83.6634521484375,84.29000468230295,83.38414414002797,84.03334217957556,163056200
2010-07-29,83.25582122802734,84.41078816783002,82.59152806089031,84.18432157758906,220149100
2010-07-30,83.24075317382812,83.68613610760417,82.26696142633713,82.41038494798798,220070600
2010-08-02,85.12039184570312,85.25627066991952,84.19943601037933,84.53913019127752,188263200
2010-08-03,84.71275329589844,85.12793442245093,84.43344523094517,84.90902398368414,146657300
2010-08-04,85.27892303466797,85.38460593318725,84.66747115619418,84.94677349115825,158171700
2010-08-05,85.18834686279297,85.23364365355089,84.60709084152887,84.73541927022153,140473800
2010-08-06,84.84107971191406,84.97695852962491,83.73140366048976,84.35040588355352,239728300
2010-08-09,85.29399108886719,85.43742030251941,84.78822226921928,85.24114965635597,120800400
2010-08-10,84.83353424072266,85.2864674990538,84.07110849172219,84.56932701288657,242916300
2010-08-11,82.50850677490234,83.55779104622674,82.37262794613372,83.52759511102418,273406900
2010-08-12,82.00273895263672,82.29714214650241,81.22521227348955,81.2629586354872,239542600
2010-08-13,81.76116943359375,82.25184329646342,81.66303696473409,81.74607434580214,158698500
2010-08-16,81.72341918945312,81.98762638926709,80.9081463220686,81.20254945318773,147895300
2010-08-17,82.72738647460938,83.33129343560225,82.19142178238792,82.42543875339656,172270300
2010-08-18,82.87837219238281,83.32374914543945,82.21407909384132,82.68965197309767,182922100
2010-08-19,81.43651580810547,82.65187401624448,81.09682184701795,82.44805879144833,265847600
2010-08-20,81.1723403930664,81.48184431942146,80.58353422606166,81.19498589806135,209714200
2010-08-23,80.86286163330078,81.95743687217379,80.82511527639393,81.55735082981724,163490300
2010-08-24,79.6625747680664,80.31177275646016,79.23984333721795,79.97962334120277,280677800
2010-08-25,79.97210693359375,80.27405477128731,78.7265519456074,79.22477048523044,272234800
2010-08-26,79.43614196777344,80.45523031734626,79.17192897108515,80.34954742238529,224439500
2010-08-27,80.6666030883789,80.7496404786468,78.7416537820397,79.93436742471822,272649000
2010-08-30,79.49652862548828,80.704343020682,79.48898396100057,80.45523086972686,167238600
2010-08-31,79.49652862548828,80.00230335117215,78.87752633963014,79.20212545046343,273933100
2010-09-01,81.87440490722656,81.98763822614764,80.51562235803121,80.56846380562294,256828100
2010-09-02,82.63683319091797,82.65192827851301,81.89704719447691,82.07067237789089,156112200
2010-09-03,83.70877075195312,83.78425771553705,82.9991806238347,83.44456349976632,212197300
2010-09-07,82.76517486572266,83.42192358749728,82.69723832172177,83.31624067952708,141973700
2010-09-08,83.346435546875,83.67857935652944,82.89350222221505,82.93124858569887,149924400
2010-09-09,83.7314453125,84.30515680148,83.50498434318631,84.28251128047745,147017900
2010-09-10,84.15413665771484,84.25226911465634,83.69365878563895,83.8823790361853,127819000
2010-09-13,85.0901870727539,85.26380647721004,84.6448042888089,84.98450419370627,178503500
2010-09-14,85.03736877441406,85.52049228418544,84.60708671854623,84.92413544196746,209823600
2010-09-15,85.36195373535156,85.46008620220955,84.53158570089425,84.78824250311618,168608400
2010-09-16,85.33932495117188,85.39216640665023,84.81090463710167,85.09776318908703,199962900
2010-09-17,85.37116241455078,85.87205387958907,85.135898369521,85.78857196874935,195836900
2010-09-20,86.67654418945312,86.86627482793546,85.39396322047432,85.66717580309843,214555200
2010-09-21,86.50199127197266,87.15465931146854,86.14529676158769,86.7448462464723,268389100
2010-09-22,86.07701873779297,86.85112320165011,85.83416368425608,86.36541309457634,191322400
2010-09-23,85.37875366210938,86.26669131056715,85.13589877218628,85.37116281832878,202354300
2010-09-24,87.13945007324219,87.20016524117014,86.25151245523512,86.3274035200865,209671800
2010-09-27,86.72205352783203,87.26847854083836,86.63857739706748,87.1698207207581,128761800
2010-09-28,87.02560424804688,87.30640753669172,85.89481183073298,86.83587370466658,209207500
2010-09-29,86.87386322021484,87.20779098734738,86.532344606524,86.80555718142891,179665800
2010-09-30,86.61582946777344,87.87564369342252,86.20601059160276,87.31404262168623,287106700
2010-10-01,86.9801025390625,87.36715461015777,86.46403504097506,87.26849098588946,174638700
2010-10-04,86.32740020751953,87.16221346908534,85.89481478533708,86.79793405573005,166153200
2010-10-05,88.06534576416016,88.2778430850648,87.02562011245645,87.12428371867485,229634100
2010-10-06,88.05775451660156,88.28543352516701,87.70106010523729,88.05016367228465,148626600
2010-10-07,87.95149230957031,88.43720204892011,87.42024909156798,88.41443530959384,164860000
2010-10-08,88.44480895996094,88.68766387375562,87.73901096203919,88.0729386398011,177760100
2010-10-11,88.52833557128906,88.77119060768462,88.22476532826443,88.58145992955932,103098300
2010-10-12,88.80149841308594,89.05952921138041,87.76936363967296,88.23989175188466,182210000
2010-10-13,89.49209594726562,89.97022059359682,89.08227730331731,89.29478036286247,194347200
2010-10-14,89.14302062988281,89.5604302482337,88.58141969892557,89.40864230059785,217764300
2010-10-15,89.32514953613281,89.81845017337395,88.6117665342364,89.76532584567828,243705000
2010-10-18,89.76532745361328,90.06130668323624,89.02917190656012,89.35550872256974,141204800
2010-10-19,88.58900451660156,89.43899380505987,88.05016457680247,88.9381080872352,280604700
2010-10-20,89.45417022705078,89.88675569020546,88.69524795554312,88.74837228294396,200051800
2010-10-21,89.6514892578125,90.3800539713499,88.95328213110386,89.85640152137725,221585500
2010-10-22,89.8184585571289,89.9550648111141,89.55283689385718,89.78810096845243,108212400
2010-10-25,90.08407592773438,90.8885375140322,90.01577569905542,90.41800359714546,151145700
2010-10-26,90.09925842285156,90.19032539523862,89.45417561126622,89.62872450175327,158982900
2010-10-27,89.84124755859375,89.939911193765,88.99125802554573,89.46937713788525,190024000
2010-10-28,89.85639953613281,90.39523366267393,89.42381406608615,90.35728523244698,168576000
2010-10-29,89.92472076416016,90.09927547780656,89.60597472023424,89.76534774219719,144305500
2010-11-01,89.955078125,90.88096445125646,89.43901062135471,90.36489694761117,174074800
2010-11-02,90.66844177246094,90.88093907519504,90.38763845663817,90.63049334406531,158345900
2010-11-03,91.03275299072266,91.08587733495344,89.89436922281807,90.8278464601523,226702800
2010-11-04,92.78585815429688,92.83139164737732,91.04792509026363,92.04211162331077,215039400
2010-11-05,93.13495635986328,93.28673852138023,92.72513757562551,92.84656214681542,180654100
2010-11-08,92.96038818359375,93.1121761132195,92.54298440488724,92.84654868390379,156107100
2010-11-09,92.29254913330078,93.30950232162834,91.92067879623812,93.21084449876791,186621600
2010-11-10,92.66442108154297,92.70996036144723,91.57157679585059,92.2697839931215,221387400
2010-11-11,92.31531524658203,92.45192150274909,91.58675047706375,91.86755383421772,158017600
2010-11-12,91.22245025634766,92.0952119839073,90.80504650150931,91.692984126105,239068800
2010-11-15,91.09344482421875,91.8675488303742,91.05550218242227,91.51085441480431,163940800
2010-11-16,89.67427825927734,90.68364070364518,89.24168691010993,90.53185853174408,299566200
2010-11-17,89.7198257446289,90.09169617686287,89.44661316050447,89.71223489781445,172308900
2010-11-18,91.0403060913086,91.36664286774516,90.57736308775634,90.5849539309619,197723700
2010-11-19,91.29077911376953,91.32872176091334,90.5014990976841,90.99479983150232,156852900
2010-11-22,91.21488952636719,91.2528321741337,90.13721526568553,90.83542830798991,181361000
2010-11-23,89.89439392089844,90.32697963994839,89.54529016430732,90.13724895983664,222309000
2010-11-24,91.22245025634766,91.24522278707744,90.44835212493228,90.46352802196833,140046100
2010-11-26,90.15998077392578,90.92648820640814,90.15998077392578,90.43319329306821,76007800
2010-11-29,90.43318176269531,90.6760366609555,89.35550772343056,89.93229027809258,223642300
2010-11-30,89.92472076416016,90.44078826913876,89.40865325918155,89.53767447801535,233930700
2010-12-01,91.83719635009766,92.0117452503275,91.21488024687328,91.22246530158372,221037200
2010-12-02,93.01353454589844,93.08184057794078,91.92827519998076,91.9813995404053,191213600
2010-12-03,93.26397705078125,93.37022572787576,92.67201848122079,92.6947852277241,151288900
2010-12-06,93.16532135009766,93.37781870914691,92.96799989235818,93.06665772616853,103050500
2010-12-07,93.21842956542969,94.1139581308897,93.16530523485655,94.06083380031654,206581000
2010-12-08,93.55996704101562,93.6358581347499,92.89970815639616,93.33229375981279,138019200
2010-12-09,93.92420959472656,94.12152519049275,93.46126660676099,94.08358255597618,123705100
2010-12-10,94.47065734863281,94.56172432560601,93.90146558207806,94.21262073693326,117571700
2010-12-13,94.5313949584961,95.01710494775323,94.50103736040255,94.90327119255217,133812700
2010-12-14,94.61487579345703,95.03987637165068,94.32648730013825,94.67559098893037,147249600
2010-12-15,94.18228149414062,94.81218856145897,94.02290846327439,94.44031815610442,160823100
2010-12-16,94.72870635986328,94.79701239582725,93.91665951525533,94.24299642234746,185035200
2010-12-17,94.83013153076172,94.95219463980631,94.46393056249411,94.66228966282937,141075300
2010-12-20,95.05900573730469,95.28788207893786,94.58600316809465,95.0895229708936,119085500
2010-12-21,95.66171264648438,95.72274711662392,95.26500023171215,95.35654611635404,94965500
2010-12-22,95.95927429199219,95.98979153529217,95.67699997746311,95.73040369809583,78878100
2010-12-23,95.82196044921875,95.95928514932179,95.58545906259616,95.85247769597161,70053700
2010-12-27,95.86009216308594,95.9516380672087,95.39471441523294,95.46337384332502,58126000
2010-12-28,95.9974136352539,96.08895953632069,95.74565076618327,96.05081735106569,55309100
2010-12-29,96.06610107421875,96.27971599975665,96.05084535978183,96.11187985866985,58033100
2010-12-30,95.91348266601562,96.2262741629541,95.76852724370119,95.97451714073412,76616900
2010-12-31,95.93637084960938,96.02792256331963,95.61594858247543,95.76852895142454,91218900
2011-01-03,96.92816925048828,97.34776821235612,95.89823129733887,96.66877561573624,138725200
2011-01-04,96.87477111816406,97.17230695537943,96.27206867800325,97.141789713028,137409700
2011-01-05,97.3782958984375,97.4393303861695,96.47805757638238,96.56960930798039,133975300
2011-01-06,97.18758392333984,97.52326784205819,96.89767878844589,97.41646038075146,122519000
2011-01-07,96.996826171875,97.47745960251757,96.24154340356,97.31724845897006,156034600
2011-01-10,96.87477111816406,97.01209579846106,96.27969362316449,96.56960451521863,122401700
2011-01-11,97.21807861328125,97.45457996264261,96.85187753051225,97.22570937890964,110287000
2011-01-12,98.09542083740234,98.20222826351039,97.24095560796978,97.81314656293172,107929200
2011-01-13,97.93519592285156,98.17933381477484,97.69106967206372,98.13356087032308,129048400
2011-01-14,98.64473724365234,98.6676237218544,97.72924319215451,97.79790262676069,117677900
2011-01-18,98.81256866455078,98.90411456761883,98.43873682512753,98.5531692039626,114401300
2011-01-19,97.84367370605469,98.82782717327792,97.58428586398199,98.7286563166844,151958400
2011-01-20,97.71398162841797,97.95810794287478,96.98921016902531,97.62242989506974,175745700
2011-01-21,97.93519592285156,98.54552901152434,97.82838850541899,98.32428923296236,151462900
2011-01-24,98.49215698242188,98.60658937359541,97.85130066843462,97.87418714666933,113715500
2011-01-25,98.54554748535156,98.6294684462905,97.7368609387424,98.23275011811214,167552200
2011-01-26,98.92699432373047,99.21690518526995,98.5913105137661,98.78967547845582,141281500
2011-01-27,99.171142578125,99.33898450060926,98.77442424851334,98.94989111615138,123302700
2011-01-28,97.43934631347656,99.44581322651446,97.27913512241898,99.28559621488682,295637300
2011-01-31,98.17171478271484,98.2480107978662,97.46221073458481,97.70634867015912,149249200
2011-02-01,99.74333953857422,99.91880642690587,98.70577645955127,98.7668109513925,167194300
2011-02-02,99.55259704589844,99.81960981368196,99.43052807946961,99.48392597657137,118323600
2011-02-03,99.77384948730469,99.92642989408013,98.85073045957304,99.37713111677748,145886700
2011-02-04,100.05613708496094,100.09428510199626,99.35425780784438,99.81201072998753,134634800
2011-02-07,100.68171691894531,101.0097642059028,100.26973702237238,100.27737360932213,112439100
2011-02-08,101.13946533203125,101.19286323264184,100.4986090367373,100.77325840868096,99072800
2011-02-09,100.91059112548828,101.18524050344763,100.4070653257064,100.86481816935145,146436700
2011-02-10,100.94873809814453,101.06317048731013,100.17056292840357,100.39943934787306,162708500
2011-02-11,101.55145263671875,101.68114658099657,100.52915097631222,100.55203745817653,137710300
2011-02-14,101.79556274414062,101.87948371129637,101.37596954950034,101.49040194055888,101690700
2011-02-15,101.47514343261719,101.63536042601305,100.94874277691947,101.48278001967434,119575400
2011-02-16,102.11601257324219,102.23806992893925,101.61248669214343,101.81847666916389,130183500
2011-02-17,102.42111206054688,102.55843086886173,101.72685815326633,101.81841566660954,109810500
2011-02-18,102.63475036621094,102.7568193178744,102.2761800964095,102.51268141454749,130002400
2011-02-22,100.57492065429688,102.65767192388785,100.30027123975762,101.55907426573087,233116400
2011-02-23,99.95694732666016,100.75800896850784,99.3389891473068,100.5138710185154,227584000
2011-02-24,99.88824462890625,100.27733790838143,98.94986441812313,99.85010827228942,260431400
2011-02-25,100.95633697509766,101.01737144727196,100.24682142206484,100.30785589423913,141686900
2011-02-28,101.58196258544922,101.71166816897755,100.99452737130395,101.3302112886099,141585500
2011-03-01,99.88824462890625,101.99389303698041,99.85773321538589,101.90234715528483,258565500
2011-03-02,100.1019058227539,100.5672836180801,99.44579961362416,99.75096041925443,200277400
2011-03-03,101.82603454589844,101.94046687934718,101.00208682166968,101.00971176352206,176480100
2011-03-04,101.06317138671875,101.94815400793622,100.39944024137482,101.74978901009948,277202300
2011-03-07,100.26972198486328,101.58957080398176,99.74332141551369,101.36069441144804,216790400
2011-03-08,101.14710235595703,101.46752472129806,99.99510683000665,100.42996159684823,174615000
2011-03-09,101.00215148925781,101.31494892246604,100.39945474532443,100.94875357983742,153806000
2011-03-10,99.13298797607422,100.07899332227372,99.03380548998419,99.94167447181387,301291800
2011-03-11,99.81961059570312,100.17818091168611,98.78968424137668,98.81257071761921,225621800
2011-03-14,99.21690368652344,99.5449509060373,98.46161512551282,99.17113073879,234974100
2011-03-15,98.08016967773438,98.66761640400807,96.50856953834804,96.57722896786198,359585400
2011-03-16,96.26443481445312,98.0878036077191,95.57781143506386,97.76736966305637,468670300
2011-03-17,97.53852844238281,97.9505025940191,96.96634309076082,97.6529666768213,254303700
2011-03-18,97.89328002929688,98.75145739835975,97.70172305060156,98.72080173441083,230435400
2011-03-21,99.4104232788086,99.61729641734229,98.99665361831875,99.11159483143759,153992600
2011-03-22,99.06558990478516,99.52533127440299,98.97364630754507,99.3950739477433,129538600
2011-03-23,99.3490982055664,99.60961284854493,98.32235577144522,98.78974350000233,148603100
2011-03-24,100.29923248291016,100.44481766191326,99.35677539214065,99.91611851362217,159129800
2011-03-25,100.60570526123047,101.0424489962116,100.29154907975695,100.55973346720167,155642800
2011-03-28,100.36051177978516,101.0807677667377,100.32986781280569,100.82025312643387,109762400
2011-03-29,101.03478240966797,101.06542637253443,99.94674050645678,100.27621279702416,129798800
2011-03-30,101.7320556640625,102.03088400133699,101.41789949901046,101.56348463363004,135835000
2011-03-31,101.5941390991211,101.87765132963119,101.48686767700347,101.60180885965616,132537100
2011-04-01,102.02323913574219,102.4983083791105,101.778052290009,102.22246587034205,153850100
2011-04-04,102.1075210571289,102.42167728771607,101.81636241885901,102.23777839114348,100768900
2011-04-05,102.09217834472656,102.54424986129337,101.86230770677021,101.90827949602021,120791500
2011-04-06,102.41401672363281,102.67453138531673,102.00024713934982,102.58258778512453,120411600
2011-04-07,102.15349578857422,102.65919725028455,101.64778263515552,102.23011155345961,170731500
2011-04-08,101.80101013183594,102.66685115242718,101.37958256908328,102.60555153496256,147945400
2011-04-11,101.49456024169922,102.25311843578504,101.24936168364793,101.90831819377233,121385400
2011-04-12,100.7359619140625,101.12673385245141,100.36817587253721,100.92751884906427,161187400
2011-04-13,100.72830200195312,101.27997520828954,100.34518813896209,101.20335945071568,162059000
2011-04-14,100.80493927001953,100.95818250957466,99.81651043693572,100.14598281739374,161220400
2011-04-15,101.17271423339844,101.42557081206732,100.6899986665837,100.98882704288177,170006700
2011-04-18,100.03868865966797,101.16504433672942,99.23414722009448,100.06167455579518,210759300
2011-04-19,100.61338806152344,100.64404372621648,99.9467735008297,100.19196035982206,124258800
2011-04-20,101.9849624633789,102.20716346296328,101.74742193675141,101.81639134988207,156133800
2011-04-21,102.50592803955078,102.55189982516804,101.98489888028125,102.51358610658518,135935400
2011-04-25,102.39867401123047,102.56724504822343,102.06153193724454,102.42931797627129,65757100
2011-04-26,103.27986145019531,103.48674627280623,102.60558879663255,102.71286024322508,146600000
2011-04-27,103.95408630371094,104.10732946947083,103.05760150772629,103.47902898234405,143031000
2011-04-28,104.29127502441406,104.42919042789731,103.75491785801916,103.77023399726662,124791100
2011-04-29,104.53645324707031,104.64373636321821,104.19165307506536,104.32958015889237,115094100
2011-05-02,104.37556457519531,105.11113680550825,104.16867977029676,105.02686296127492,126278700
2011-05-03,104.0000991821289,104.35256912519637,103.47140011338207,104.176339999517,138375000
2011-05-04,103.31049346923828,104.00009379781804,102.8507521223797,103.9541220014738,182678500
2011-05-05,102.37570190429688,103.40244440122126,101.92363028588063,102.73582992349868,226900000
2011-05-06,102.82778930664062,103.9235013628751,102.42934749603619,103.39480220281958,222787200
2011-05-09,103.2262191772461,103.52504757770677,102.65920634665254,102.82011934307415,114104500
2011-05-10,104.10738372802734,104.29128263780588,103.44076917910924,103.57102652247771,114806900
2011-05-11,103.01166534423828,103.96945007602909,102.53660785861665,103.95412224664216,193564200
2011-05-12,103.5020523071289,103.71659515512918,102.20712545845757,102.73582450949695,171550700
2011-05-13,102.70516967773438,103.70126816102318,102.33738360558611,103.5556830076268,157444900
2011-05-16,102.05388641357422,103.141928527732,101.88531535586017,102.33738696895293,141675400
2011-05-17,102.03858184814453,102.17650896849837,101.23404010592968,101.67079568005343,192686200
2011-05-18,102.95036315917969,103.0576345788053,101.86997920256673,102.09219180217482,135217900
2011-05-19,103.19554901123047,103.46373340367046,102.62854795203745,103.28750429270839,119489500
2011-05-20,102.37570190429688,103.19555961127982,102.18414494479417,102.9273868830014,182594900
2011-05-23,101.18804931640625,101.69376250999389,100.8279212868856,101.12674968460388,168700000
2011-05-24,101.10376739501953,101.70142421180115,100.9122104231867,101.47922326882735,147199600
2011-05-25,101.44091033935547,101.8623380190666,100.66702437603854,100.69766834742217,151050100
2011-05-26,101.90829467773438,102.09219355383692,100.9734958513689,101.16505279625184,164850000
2011-05-27,102.2990493774414,102.5748917992039,101.87763352316227,102.19177797407299,120921900
2011-05-31,103.36412811279297,103.37945594285235,102.55192849527626,103.26452644667872,164731200
2011-06-01,101.0424575805664,103.37945473980623,100.95817205378371,103.06529853164267,233094300
2011-06-02,100.93518829345703,101.32597196759708,100.34520128518587,101.11142911155143,200466800
2011-06-03,99.93142700195312,100.69765479220737,99.67091235927666,99.72454222490619,234690200
2011-06-06,98.87406158447266,99.8854882138693,98.74380422008892,99.67860336845415,179951200
2011-06-07,98.812744140625,99.66325748271846,98.72845861332894,99.37974524088158,161660500
2011-06-08,98.39897155761719,98.98897023060775,98.21507267868672,98.65948620065419,198696400
2011-06-09,99.14987182617188,99.55597162148833,98.4296275211428,98.66715626651187,160964400
2011-06-10,97.77066040039062,98.78973887202066,97.51014576961637,98.72845094030365,238629400
2011-06-13,97.84728240966797,98.2610519465617,97.34923904338939,97.9928675544377,207599800
2011-06-14,99.08858489990234,99.43338507222836,98.70547099916045,98.74377303586793,160570400
2011-06-15,97.32625579833984,99.07326015055784,97.06574114374551,98.26106052640566,300958000
2011-06-16,97.54080963134766,98.05418089830572,96.78990375086723,97.35691073458428,308032800
2011-06-17,97.83189392089844,98.51721720925978,97.50078220715235,98.50951529735757,233284900
2011-06-20,98.33236694335938,98.54027735706646,97.46994115267835,97.50074291303625,159479000
2011-06-21,99.67994689941406,99.87245356076855,98.37090395213845,98.84062067583034,193157300
2011-06-22,99.07929229736328,99.95712189519608,99.01768877738044,99.37190607986422,176703000
2011-06-23,98.79440307617188,99.05620926830764,97.16964667841911,97.91657332926155,334286500
2011-06-24,97.64705657958984,98.84829601497142,97.500755542483,98.77130041635591,226129300
2011-06-27,98.51718139648438,98.89448681997406,97.51614470723887,97.70865131095259,168904700
2011-06-28,99.80316162109375,99.8185654450898,98.77132865718363,98.90992782412302,165556300
2011-06-29,100.65786743164062,100.8195664206985,99.81854134645243,100.25745035213886,244295500
2011-06-30,101.62037658691406,101.78207553779446,100.65014763262332,100.981253317539,223322700
2011-07-01,103.12194061279297,103.26055148340525,101.47408448235649,101.71279080153585,202385700
2011-07-05,103.03726959228516,103.24518008866227,102.71385979218458,103.01416973154046,165936000
2011-07-06,103.16043853759766,103.29134161663919,102.49821535854197,102.79082915267627,143331600
2011-07-07,104.2308120727539,104.49261832452923,103.86120255556081,104.07680908639634,170464200
2011-07-08,103.49156188964844,104.23079253514375,102.71383931703491,103.05265287331724,194100500
2011-07-11,101.62037658691406,102.5521018744387,101.38167030250145,102.220996189523,195918600
2011-07-12,101.18147277832031,102.2441130596756,101.15067688958267,101.40478703293596,214675700
2011-07-13,101.5202865600586,102.58292684410675,101.27388420051885,101.71279317675302,204062600
2011-07-14,100.81958770751953,102.2441417672964,100.62708103726182,101.77442502188062,226111800
2011-07-15,101.4048080444336,101.5434071969784,100.69638495996567,101.38170818567613,220012800
2011-07-18,100.57318878173828,101.08910526603401,99.81856589795834,100.93510227439985,196872100
2011-07-19,102.20560455322266,102.32881160168958,101.11216843483805,101.13526828771674,166554900
2011-07-20,102.14402770996094,102.52904102473603,101.96692487507309,102.46744923408505,137145400
2011-07-21,103.56087493896484,103.81498511042454,102.1594209781276,102.72153706971699,245246300
2011-07-22,103.63018035888672,103.7379836119853,102.99875291239972,103.58398064322637,126019400
2011-07-25,103.05265808105469,103.56087844116097,102.53674168507035,102.64454493572867,136653800
2011-07-26,102.66766357421875,103.15278416576173,102.43665320921374,102.98337734806974,131278200
2011-07-27,100.56546783447266,102.12862072423276,100.43455298685237,102.09781308373192,249020100
2011-07-28,100.2728500366211,101.46639344092347,100.11113930456084,100.56546386145789,207939900
2011-07-29,99.5875244140625,100.52695764403083,98.5402879486718,99.26411470779541,307038400
2011-08-01,99.16405487060547,100.84271948072534,98.20152132686245,100.7503082707456,325790900
2011-08-02,96.63062286376953,98.94840425030665,96.63062286376953,98.41708409072716,346653800
2011-08-03,97.15425109863281,97.26205434863641,95.1213814202272,96.7615417771211,370830800
2011-08-04,92.6034164428711,95.96073346465352,92.44940757155581,95.80672459333825,520721800
2011-08-05,92.46479034423828,93.99714154721224,89.98530389153649,93.75843519456807,655619200
2011-08-08,86.44319915771484,92.49560950165781,86.25838851946678,90.02382449475553,702263900
2011-08-09,90.46271514892578,90.58591633311767,84.91081895433041,87.83692198304578,717828700
2011-08-10,86.46629333496094,89.53869802711245,86.20448121873837,88.75327342811897,662607400
2011-08-11,90.34719848632812,91.57153763650376,86.48936459597581,87.21319128843297,487979700
2011-08-12,90.95552062988281,91.79484658731788,90.30869539792353,91.1711270822575,313731600
2011-08-15,92.88059997558594,92.97299939711415,91.63315491143052,91.7794618286316,258810600
2011-08-16,92.08748626708984,92.9345203004801,91.10185307351271,91.99508682696526,294095200
2011-08-17,92.14907836914062,93.32721808314878,91.41755547640668,92.59569519041483,238201100
2011-08-18,88.17573547363281,92.17987089253198,87.31330368540465,89.70808655175159,512956300
2011-08-19,86.73582458496094,89.2307099533054,86.62802129511411,86.98223294387348,428281300
2011-08-22,86.80506896972656,88.73013475489465,86.55866078421843,88.68392918116312,275090600
2011-08-23,89.6618881225586,89.76198945326809,86.68958534325809,87.12850021611666,331136600
2011-08-24,90.92472076416016,91.047921936013,89.26146088288189,89.46937130545935,246869700
2011-08-25,89.53870391845703,91.94118934229348,89.22299602572929,91.42527286220333,312365400
2011-08-26,90.84004211425781,91.25585719775917,87.66753029652726,89.08438234492117,314495900
2011-08-29,93.45042419433594,93.50432581877479,90.90933418544988,92.06437403042783,190977200
2011-08-30,93.69686126708984,94.27438136713975,91.83339782089001,93.04233966200094,241315700
2011-08-31,94.11264038085938,95.10597527728743,93.40421740622163,94.29744509710487,301828400
2011-09-01,93.12700653076172,95.0212710105094,93.00379947118336,94.16654112790135,254585900
2011-09-02,90.74764251708984,93.07312636660852,90.42423272339646,91.18655748705581,255517200
2011-09-06,90.0854263305664,90.2163353407533,88.07565607669947,88.08335798902525,285130500
2011-09-07,92.62647247314453,92.66497026662753,91.14032134852974,91.44833307056852,209803200
2011-09-08,91.66395568847656,93.1270072202032,91.45604524260786,92.07206879538833,250568200
2011-09-09,89.261474609375,91.67935746151296,88.76865809650843,90.61672295717621,380195100
2011-09-12,89.83900451660156,89.90830996744877,87.82153852825346,88.14494829930877,305793500
2011-09-13,90.66294860839844,91.00176226099373,89.49251052418242,90.13163414163701,272514700
2011-09-14,91.91806030273438,93.01919837142592,89.87748901636863,91.12492811702693,319389500
2011-09-15,93.50430297851562,93.53510473850481,91.94115037678331,92.90368334581404,326777200
2011-09-16,94.0577392578125,94.40604747372284,93.12892915917945,93.87972017643595,284528300
2011-09-19,93.1211929321289,93.6010815245528,91.8905191830917,92.5174657416404,241517000
2011-09-20,93.0128173828125,94.42151590849164,92.88897880413533,93.51592526453291,218932200
2011-09-21,90.2728042602539,93.34562558880796,90.12574634308763,93.05924560443273,316251300
2011-09-22,87.35478973388672,88.39970229998765,86.1473357379682,87.65665323286635,513911300
2011-09-23,87.88114929199219,88.36103790829014,86.70465007307826,86.77431408595547,307242500
2011-09-26,89.97095489501953,90.094799376534,87.44768558907637,88.70932024204795,260673700
2011-09-27,90.97718048095703,92.54067884522243,90.43536967356287,91.74344910122574,311753900
2011-09-28,89.11953735351562,91.71247044133268,88.98795703175375,91.16292388700717,286696800
2011-09-29,89.82389068603516,91.04682237687875,88.18298685186507,90.59790092579338,298108900
2011-09-30,87.57927703857422,89.35949739709127,87.51735478995694,88.58548700506717,288392300
2011-10-03,85.08695983886719,88.19847891438262,84.99407646898969,87.06842448774346,365136800
2011-10-04,86.95231628417969,87.13808301225374,83.15192869375666,83.86401676901697,459177500
2011-10-05,88.5622787475586,88.79448425638637,86.36409179297621,87.16906341028609,284108000
2011-10-06,90.16447448730469,90.29606075005861,87.85792668341345,88.51583437625904,257800800
2011-10-07,89.56074523925781,90.75272199800861,89.05763728380903,90.69079974698057,312657900
2011-10-10,92.55615997314453,92.59485694788383,91.07779735571248,91.0855391127525,230666300
2011-10-11,92.64903259277344,92.9121991713014,91.91372515363638,92.0066085175692,209088000
2011-10-12,93.46173858642578,94.53761237185529,93.1366556955542,93.34563586676317,281544900
2011-10-13,93.27598571777344,93.5546299065901,92.20011184076533,92.91219992097226,212538800
2011-10-14,94.87045288085938,94.89367224762819,93.83328179698162,94.35960909625364,211397600
2011-10-17,93.05927276611328,94.85497665357803,92.8270672845804,94.42152681506536,202311600
2011-10-18,94.87815856933594,95.59024643728193,92.26200067696944,92.98957205369551,318857900
2011-10-19,93.755859375,95.26518290432384,93.4307764875381,94.72337218665776,226601300
2011-10-20,94.16610717773438,94.50666773484741,92.74192498494035,93.98808218917362,262075600
2011-10-21,95.95406341552734,96.07016614832466,94.98655048426686,95.27293053257257,278999400
2011-10-24,97.13056182861328,97.3705090641832,96.02372673879523,96.10886835379898,203215600
2011-10-25,95.24198913574219,96.71260428047181,95.03300300533542,96.66616554270637,268596800
2011-10-26,96.20948791503906,96.57326781554575,94.59180322882729,96.24818488901794,289053800
2011-10-27,99.56097412109375,100.17243721781183,97.9974696084553,98.78695771798664,393220200
2011-10-28,99.53772735595703,99.73122992716965,98.9185167659847,99.07331646086287,225906500
2011-10-31,97.13832092285156,99.55322998238216,96.9989987920916,98.42318122933037,228146700
2011-11-01,94.42928314208984,95.59804067706744,94.05775549536004,94.45250251277953,416565800
2011-11-02,95.96952819824219,96.2868752317942,95.04071827045539,95.84568963031104,244717600
2011-11-03,97.71879577636719,97.91229834226098,95.66766739684701,96.96026311976244,291174800
2011-11-04,97.12284851074219,97.29312587502643,95.98505203282181,96.92934586906135,249401600
2011-11-07,97.72654724121094,97.82716645958915,96.1320819242861,97.05315611911912,196617200
2011-11-08,98.98043060302734,99.08879747298323,97.30082974454166,98.2373814569493,224426300
2011-11-09,95.32715606689453,97.37054374430939,95.09495050595673,96.66619120663539,337982000
2011-11-10,96.22496032714844,96.70484883936714,95.2187445743521,96.58874611323988,231866500
2011-11-11,98.03614044189453,98.29155933470673,97.36274940302891,97.39371052144878,189924400
2011-11-14,97.10734558105469,98.64762464747264,96.68937924994628,97.67237578011718,159258300
2011-11-15,97.58720397949219,98.10578937788364,96.53454967232892,96.88285188791029,184709400
2011-11-16,96.03923797607422,97.78849770418228,95.89991582996336,96.60426241485607,235782500
2011-11-17,94.51439666748047,96.10112011875329,93.83326974044654,95.86117291410135,331219600
2011-11-18,94.413818359375,95.00980394057778,94.01907128831567,94.81630128489432,215580400
2011-11-21,92.61808776855469,93.15215093170822,91.83633560712263,93.03604819007285,229611600
2011-11-22,92.2542953491211,92.95864169570224,91.73570392752889,92.41683681371674,216494900
2011-11-23,90.21867370605469,92.25432536475103,90.21867370605469,91.38743136629348,224329100
2011-11-25,90.04837036132812,91.10102501585371,89.94000937382381,90.07933148707663,99557000
2011-11-28,92.65679168701172,93.02057754894795,91.96792284832739,92.52521132574194,210686000
2011-11-29,92.9199447631836,93.65525223267029,92.57937831993655,92.9199447631836,199241500
2011-11-30,96.74354553222656,96.9215704991389,92.88123579712708,95.58253008476247,324439500
2011-12-01,96.72808837890625,97.24667397117967,96.31012202080746,96.63520499758502,176954800
2011-12-02,96.64295196533203,97.91232871899375,96.58102970777988,97.61820685346827,221109700
2011-12-05,97.69557189941406,98.43862100948718,97.0918448665565,98.1754544613114,225263900
2011-12-06,97.72654724121094,98.38445484956442,97.33954207097592,97.68784436209533,178842100
2011-12-07,98.09033966064453,98.5005642239197,96.72807971609083,97.40146497836113,237802500
2011-12-08,95.93855285644531,97.66459803754007,95.70635336153843,97.44787614686886,240862800
2011-12-09,97.56400299072266,97.811686056387,96.28688478439112,96.37202639182856,209111400
2011-12-12,96.13983154296875,96.72808110329443,95.3271241621544,96.71259758828992,215826100
2011-12-13,95.24198913574219,97.19249288989556,94.7775781371632,96.64294617382365,245159800
2011-12-14,94.2280044555664,95.22647836840497,94.01902429019529,94.86269261273168,238618800
2011-12-15,94.5685806274414,95.35806855131284,94.42151677775523,95.22648821487262,199109200
2011-12-16,94.70881652832031,95.76814749438311,94.48293510914111,95.20733046177693,220481400
2011-12-19,93.69622039794922,95.277425914492,93.49369967906341,95.07490519560619,183903000
2011-12-20,96.53145599365234,96.69502831134429,93.75850556342024,95.16834740353774,225418100
2011-12-21,96.71842193603516,96.86641852593445,95.61235779753379,96.53148294115633,194230900
2011-12-22,97.57522583007812,97.67648915042119,96.76515492343225,97.07671791398076,119465400
2011-12-23,98.44762420654297,98.47878169620805,97.68428650914058,97.88680127793839,92187200
2011-12-27,98.52548217773438,98.78252692493419,98.19054670362956,98.27622828602951,86075700
2011-12-28,97.23245239257812,98.55661220923179,97.15456168736553,98.54103644526123,119107100
2011-12-29,98.23729705810547,98.3385544203212,97.25585714805858,97.55184432100761,123507200
2011-12-30,97.75436401367188,98.40086840510561,97.75436401367188,98.15939940117946,95599000
2012-01-03,99.31222534179688,99.99767822982633,99.25770122049303,99.51474605350407,193697900
2012-01-04,99.46798706054688,99.55366865450601,98.69685865759705,99.07852743079896,127186500
2012-01-05,99.73279571533203,99.88079224507128,98.47874143938343,98.93051594082243,173895000
2012-01-06,99.47577667236328,99.87302715368646,99.14863201371232,99.8574454407894,148050000
2012-01-09,99.71723937988281,99.84185741909131,99.24209819214434,99.70165766797034,99530200
2012-01-10,100.58184051513672,100.98686994334926,100.4416288781679,100.78435522924299,115282000
2012-01-11,100.63636016845703,100.76877500872062,100.10670080740265,100.27026718669603,111540700
2012-01-12,100.8778305053711,101.0258270685149,100.12227786169518,100.92457564533612,118983700
2012-01-13,100.35594940185547,100.51952766753341,99.48356367921059,100.2001679350066,179836200
2012-01-17,100.74540710449219,101.50875648271989,100.40268075269425,101.32181159482178,132209200
2012-01-18,101.8592758178711,101.91379398614163,100.54290035570153,100.72204845911158,163395200
2012-01-19,102.39674377441406,102.48242537899297,101.88265414694062,102.20979885023296,126328900
2012-01-20,102.77837371826172,102.77837371826172,101.976087989453,102.22534780848913,138230200
2012-01-23,102.51355743408203,103.01206525175726,102.02283452975531,102.43566075914119,129295800
2012-01-24,102.39674377441406,102.4278953190945,101.72687265280611,101.88265414694062,103083300
2012-01-25,103.25352478027344,103.49498782483886,101.84368296365838,102.2409274674244,198613200
2012-01-26,102.72386169433594,103.90781024935825,102.31882040690039,103.7130804611208,184880500
2012-01-27,102.67711639404297,102.85626445029044,102.15523016370884,102.22534191212016,135259100
2012-01-30,102.32664489746094,102.38117496423276,101.30626231409259,101.65677369141771,147311800
2012-01-31,102.28767395019531,102.95753304505044,101.78915425760123,102.83291500726556,157212000
2012-02-01,103.18341064453125,103.70528499767019,102.9185810119584,103.0431990308762,166234500
2012-02-02,103.34698486328125,103.61182640138159,102.98090380529855,103.38593319700449,113090400
2012-02-03,104.79580688476562,104.85812186065391,104.19604752690289,104.37519565422771,160598500
2012-02-06,104.7256851196289,104.77241837044225,104.24275901407249,104.35959214110585,107694500
2012-02-07,104.99054718017578,105.169707210704,104.09479456900492,104.50762092566984,135528100
2012-02-08,105.3021011352539,105.32546776321756,104.61664835401291,105.04505634228853,139361400
2012-02-09,105.43450164794922,105.61364973309176,104.81136392115702,105.4734499843794,148602900
2012-02-10,104.65560150146484,104.74128310305443,104.25056012255361,104.49982001276537,167907500
2012-02-13,105.43450164794922,105.55913157038036,104.95157555523296,105.40335011002321,115841900
2012-02-14,105.3021011352539,105.36441610494538,104.5699150980856,105.15410456790731,165329500
2012-02-15,104.81141662597656,105.8006478189967,104.60110501178843,105.6448662803042,195195100
2012-02-16,105.97196960449219,106.06543611405517,104.63222750238656,104.81917240687741,186567800
2012-02-17,106.25240325927734,106.4237664862558,105.90189188968229,106.33808487276657,129869400
2012-02-21,106.29913330078125,106.75090798681113,105.97198857338729,106.50164806953933,134042300
2012-02-22,105.95640563964844,106.36144705787719,105.76946070384281,106.13555377477452,124455300
2012-02-23,106.42375946044922,106.50164426779116,105.54357675138236,105.90188489832843,137704300
2012-02-24,106.65741729736328,106.86772884268063,106.42375100852806,106.65741729736328,105539100
2012-02-27,106.8365707397461,107.12476706852532,105.77724004905977,105.94860324059468,145728900
2012-02-28,107.14813232421875,107.27276225926039,106.65740938334531,106.86772091305747,129355900
2012-02-29,106.7275161743164,107.63885024676125,106.35362638662296,107.30390879762307,185934700
2012-03-01,107.28054809570312,107.4830747132285,106.65741030050131,106.95340342742927,145023500
2012-03-02,106.95341491699219,107.35067139535846,106.71195181818626,107.21045973082738,120638300
2012-03-05,106.51722717285156,106.86773852322088,106.15113410669323,106.78985371500922,140765000
2012-03-06,104.9593505859375,105.48900987835452,104.65557260696599,105.42670680836866,202129900
2012-03-07,105.69158935546875,105.86295259710697,105.09960292603914,105.20086626483493,143692200
2012-03-08,106.74308776855469,106.96119609100204,106.1199618828117,106.33805831989463,116968900
2012-03-09,107.15592956542969,107.43632909238258,106.81320318533416,106.94561803485018,122836800
2012-03-12,107.1637191772461,107.30391894686863,106.78204443988693,107.14035254897567,104003500
2012-03-13,109.095458984375,109.14998905221051,107.56098667880127,107.74014671423122,184090500
2012-03-14,108.97855377197266,109.39916477782646,108.6436124411646,109.126550274979,145163600
2012-03-15,109.6095199584961,109.65625321275346,108.8617522342841,109.142163645193,165118500
2012-03-16,109.76131439208984,109.90212859198272,109.52661212148172,109.8082524587208,152893500
2012-03-19,110.19156646728516,110.52796380104866,109.61263596708896,109.69087401270593,125291100
2012-03-20,109.87078857421875,110.00378367927073,109.24492012769059,109.56567934793533,121729700
2012-03-21,109.69090270996094,110.0351191633599,109.46401948078457,109.93342400239213,122388400
2012-03-22,108.90074157714844,109.17456287790286,108.5408751139632,108.88509157604594,135216700
2012-03-23,109.25276184082031,109.37793794360664,108.39220299342735,108.99460254281757,120521000
2012-03-26,110.7861328125,110.78613281249999,109.99598109233933,110.03508817691649,120164000
2012-03-27,110.44192504882812,110.95826758568501,110.37151795856174,110.88786049541864,119868500
2012-03-28,109.89429473876953,110.55928242623125,109.24495705055857,110.38716824682825,148562100
2012-03-29,109.70650482177734,109.90991895195867,108.8146460729524,109.24493142051026,164963700
2012-03-30,110.16024017333984,110.3480042755221,109.56567175593307,110.24629722799251,135486800
2012-04-02,110.966064453125,111.2555356621564,109.80821542934737,110.02726762472558,151741100
2012-04-03,110.5123291015625,110.9973835641194,109.8629914328995,110.8096193911182,155806700
2012-04-04,109.41709899902344,109.79261551418183,109.01028247741989,109.69873936975594,146896000
2012-04-05,109.36233520507812,109.68309463053382,108.94769963069115,109.04158771707779,137439400
2012-04-09,108.134033203125,109.40140843278616,107.83674293939693,107.98538807126097,127555900
2012-04-10,106.31900787353516,108.22790154851882,106.20948177435329,107.92279227669434,235360300
2012-04-11,107.17961120605469,107.60206573497143,106.98402797392684,107.4064825028436,154133000
2012-04-12,108.57998657226562,108.66604367560657,107.20308485626417,107.28132292746635,154321500
2012-04-13,107.28913879394531,108.60346433914907,107.18743169187415,108.3296430354744,169246700
2012-04-16,107.21869659423828,107.99319831045221,106.85099927822685,107.83673416133976,147825300
2012-04-17,108.80683898925781,109.02589120161795,107.72721598730412,107.83674209348418,147877600
2012-04-18,108.43915557861328,108.80685296891369,108.25922236765302,108.32181042743306,123884200
2012-04-19,107.74292755126953,108.86165827955814,107.23441575431237,108.45485361697524,198666700
2012-04-20,107.92281341552734,108.61127013806109,107.86022535552866,108.22010371615816,143199600
2012-04-23,107.01529693603516,107.10918498816535,106.35032122797256,106.81971373881952,171844900
2012-04-24,107.422119140625,107.69594040652194,107.023133694201,107.10919078312989,137484200
2012-04-25,108.89289093017578,108.93982898240246,108.37654848078293,108.47042458523629,150252200
2012-04-26,109.65177154541016,109.77694766231681,108.59561745736896,108.65820551582229,136291600
2012-04-27,109.83172607421875,110.14465448978272,109.37015248315302,109.98037124972049,130725000
2012-04-30,109.42488098144531,109.6908831963436,109.12760264560129,109.61264514417633,115092200
2012-05-01,110.1054916381836,110.82523617949579,109.23710199663722,109.3622661370127,138832200
2012-05-02,109.77694702148438,109.88647313877544,109.10414031885307,109.46400673104453,121081000
2012-05-03,108.9398422241211,109.87863919511521,108.73643999393191,109.7925821097561,143759700
2012-05-04,107.17961120605469,108.97897932912142,107.1170231392794,108.36876059987881,193927300
2012-05-07,107.2578125,107.61767883875946,106.7571200749158,106.7962271579708,127765900
2012-05-08,106.82752227783203,106.99963641024186,105.55231627973605,106.61628912670206,213377700
2012-05-09,106.19385528564453,106.87448098061314,105.21593931588468,105.69316278662552,220752500
2012-05-10,106.41290283203125,107.06224043991362,106.17038159217945,106.92923336891398,150600000
2012-05-11,106.09211730957031,107.07785202254877,105.70095103557846,105.7478890784659,153032400
2012-05-14,104.91864013671875,106.0921392008365,104.76217598232634,105.07510429111116,163910000
2012-05-15,104.3162612915039,105.46629155735987,104.15197807492572,104.84825384685975,207629300
2012-05-16,103.91728210449219,105.2628956677534,103.89381307213496,104.78567211406828,207265500
2012-05-17,102.37609100341797,104.06593305177826,102.32132196657176,103.94075691394708,247992900
2012-05-18,101.49983978271484,102.95497895300248,101.35119467292198,102.77503385301712,319615900
2012-05-21,103.2444839477539,103.28360298410153,101.66416799145027,101.82846316912872,177861100
2012-05-22,103.42438507080078,104.23018683200779,102.75157844190996,103.51044214905833,197531200
2012-05-23,103.47916412353516,103.62780926743073,101.69544627169077,102.68118131483067,204958400
2012-05-24,103.68257141113281,103.9250926840689,102.81418147218146,103.76080947092919,167357600
2012-05-25,103.34613800048828,103.9328874321244,103.09578584634862,103.64341626171945,135465600
2012-05-29,104.5978775024414,104.77781067734288,102.61857676617687,104.1754231054011,152883500
2012-05-30,103.08015441894531,104.59006276912346,102.86893318047395,103.70602297957693,162370400
2012-05-31,102.8532943725586,103.61997717557475,101.96925448684176,103.04105854240898,196186000
2012-06-01,100.2637939453125,102.87678313875283,100.2637939453125,101.24171013484437,253240900
2012-06-04,100.21682739257812,100.7175198618035,99.46578272001504,100.44369863158411,202545800
2012-06-05,100.97569274902344,101.1243259425586,99.96647682678025,100.02123987997618,164149400
2012-06-06,103.2444839477539,103.2914220163895,101.64851798942045,101.6798179934801,184202800
2012-06-07,103.30704498291016,104.46489414357595,103.09581179187596,104.41795608722407,184772700
2012-06-08,104.12850952148438,104.15197855253173,102.71247700273096,103.04106731229847,143915400
2012-06-11,102.80634307861328,105.02816508392972,102.70463600752392,104.96557703537086,169756100
2012-06-12,103.9876937866211,104.05810088679718,102.6107920986571,103.10365373734318,181931800
2012-06-13,103.32271575927734,104.33191998614828,102.9706563909368,103.68258222197888,172223900
2012-06-14,104.41789245605469,104.83252761775631,103.25221303804923,103.53385314198275,230615500
2012-06-15,105.48588562011719,105.58024816122504,104.6680489321355,104.88823619425773,169444500
2012-06-18,105.69036102294922,105.94987005752007,104.80961181420552,105.04553020920702,131360900
2012-06-19,106.71263885498047,107.14515380230029,105.66674343666344,106.22508309580446,137382600
2012-06-20,106.53963470458984,107.02720247143893,105.58811380346027,106.7205122306766,206451800
2012-06-21,104.1490249633789,106.77555286703448,104.06252197257324,106.66545924230955,205272200
2012-06-22,104.95111846923828,105.14771503972672,104.29054487292733,104.69160955627727,130029200
2012-06-25,103.26825714111328,103.88163750981303,102.8986546113451,103.84231579401373,146375700
2012-06-26,103.7872543334961,104.10181603434503,102.9615463678078,103.56706714255282,141634000
2012-06-27,104.72307586669922,104.927532011767,103.77941458278791,104.13328606434162,108088000
2012-06-28,104.42424774169922,104.58153462560914,103.23680856372836,104.03105453053348,169242100
2012-06-29,107.02717590332031,107.16086012900001,106.0441930680558,106.31942106234855,212250900
2012-07-02,107.34959411621094,107.45968772297996,106.57107932523827,107.32600348613923,129524500
2012-07-03,108.05736541748047,108.13599686321996,107.21592615286332,107.32601977634262,80450000
2012-07-05,107.56979370117188,108.36405166927622,107.1766004890187,107.65629668781776,126177500
2012-07-06,106.54753112792969,106.76771842915775,106.04424415379296,106.53180003518254,151192100
2012-07-09,106.41380310058594,106.61039968154388,105.92623542028414,106.46098436012736,103780500
2012-07-10,105.48588562011719,107.12943054071012,105.12414254702736,106.95642454914183,167884800
2012-07-11,105.5015869140625,105.84759879947758,104.8882065714821,105.54090862818738,141733400
2012-07-12,104.99044036865234,105.55663951731395,104.27483788849439,104.88821829966051,143583200
2012-07-13,106.751953125,106.8620467403317,105.24995223066425,105.26568331836995,129642600
2012-07-16,106.50032806396484,106.81488989346444,106.08354413927138,106.50819960926913,97525200
2012-07-17,107.23163604736328,107.45182325080181,105.80827876824189,106.92494587119515,138860300
2012-07-18,108.02588653564453,108.23821420498835,106.91709092752271,106.97999127466598,113349700
2012-07-19,108.30899810791016,108.66286959653014,107.90008580960925,108.2460857544859,129847300
2012-07-20,107.31816864013672,107.86077725526515,107.20021546263312,107.69563080745417,142904500
2012-07-23,106.23296356201172,107.24740900181021,105.24998030601714,105.74540770681675,145210900
2012-07-24,105.3207015991211,106.35873717819597,104.61295879469846,106.31155592447466,173301200
2012-07-25,105.34434509277344,105.81616981232861,104.786005375431,105.54094172574798,129122300
2012-07-26,107.0822525024414,107.31031131607713,106.3666378792904,106.86206523367281,156526500
2012-07-27,109.05608367919922,109.36278596058419,107.0586670727194,107.64845699973952,236768900
2012-07-30,109.05608367919922,109.57510169481054,108.7336743052347,108.93027094757474,106782000
2012-07-31,108.29330444335938,109.20550378390944,108.29330444335938,108.90668503412031,120575900
2012-08-01,108.19893646240234,109.09541676482809,108.04952107878005,109.07182612523594,138293800
2012-08-02,107.45181274414062,108.18315816921668,106.61824526987225,107.38104086409176,199556600
2012-08-03,109.58291625976562,109.81096296660667,107.48325465195401,108.96166447339424,157825000
2012-08-06,109.7952880859375,110.22780309544748,109.74810681204673,109.87393154195993,86326200
2012-08-07,110.34574890136719,110.8175735567233,110.11769011853619,110.23564328254906,109545100
2012-08-08,110.47940826416016,110.60522094432847,109.94465937606279,109.97612154558128,89754700
2012-08-09,110.57379150390625,110.79397873460769,110.21204848243725,110.32214209778797,90291700
2012-08-10,110.7546615600586,110.79398328129125,109.9446844997453,110.12555001824998,99792700
2012-08-13,110.69961547851562,110.75465628617673,110.12554477432495,110.56593123213403,79426900
2012-08-14,110.71537017822266,111.17934741702454,110.38508922810959,111.10856349968695,102379400
2012-08-15,110.84115600585938,111.02989305364966,110.52660625884592,110.5973781520284,71085900
2012-08-16,111.65902709960938,111.7927113690565,110.7232252141733,110.99845329857406,112014200
2012-08-17,111.80840301513672,111.90277753457971,111.55676562832946,111.84772473162937,90813700
2012-08-20,111.81629180908203,111.83988244275656,111.34445513698141,111.65114537405532,78255700
2012-08-21,111.47811889648438,112.52401412786227,111.23434106046825,112.09149925784843,105581100
2012-08-22,111.52532196044922,111.70618746770224,110.9355321765641,111.19502912208614,133243500
2012-08-23,110.61310577392578,111.25793633489346,110.44009981869713,111.25007679122064,111466400
2012-08-24,111.28157043457031,111.53321992204101,110.26713693656055,110.33790885517118,99481200
2012-08-27,111.3051528930664,111.72980837213362,111.14787797461109,111.58039299984357,68785900
2012-08-28,111.19503784179688,111.54104979536505,110.85689743218559,111.02203186501279,75689600
2012-08-29,111.28157043457031,111.58040120111477,110.9748801212829,111.28944198062128,65421300
2012-08-30,110.47940826416016,110.83327967578091,110.24348998997903,110.80181750626244,96589900
2012-08-31,111.00631713867188,111.52533508942348,110.3772055619401,111.10853922038577,151970400
2012-09-04,110.90410614013672,111.24225863272319,110.1963629685766,110.9119656867335,120226200
2012-09-05,110.80973815917969,111.25011273319753,110.58955087217076,110.95128198683948,100660300
2012-09-06,113.05876922607422,113.0666287698477,111.47026543467807,111.47812497845155,158272500
2012-09-07,113.49919128417969,113.54637256522331,113.14531967704411,113.24754178620243,107272100
2012-09-10,112.85430908203125,113.58565468104274,112.81499936107829,113.38905807906069,86458500
2012-09-11,113.16886901855469,113.53060004075391,112.89362898049968,112.92509115591952,88760000
2012-09-12,113.54634094238281,113.67216565632906,113.16100725566187,113.54634094238281,87640900
2012-09-13,115.27641296386719,115.63028454674435,113.23181492985044,113.53063368907834,225470200
2012-09-14,115.78755187988281,116.47170429096968,115.4100777226643,115.50445226162175,169777000
2012-09-17,115.3943862915039,115.74825789932441,115.10341505899095,115.55166122838985,119427800
2012-09-18,115.29996490478516,115.44938023390486,115.00900578974382,115.19774283694298,98326600
2012-09-19,115.36286163330078,115.73246413445547,115.13481489820418,115.43363351667881,128318300
2012-09-20,115.3707504272461,115.43365077789761,114.52145170180475,114.83600145227761,154009800
2012-09-21,115.32250213623047,115.95497184716186,115.27506901899797,115.93125528854561,108737500
2012-09-24,115.14860534667969,115.40949962886417,114.66634841234348,114.75331317307163,95682000
2012-09-25,113.92317962646484,115.61502920690353,113.89154950532208,115.39366661233075,133165200
2012-09-26,113.28279113769531,113.93107589443585,113.01399543710558,113.89945783810133,146502200
2012-09-27,114.35008239746094,114.61097659499725,113.4567185146871,113.75714432942999,111830300
2012-09-28,113.8203353881836,114.28677687243118,113.41714204705684,113.91520157118993,150696100
2012-10-01,114.12081909179688,115.18019888531363,113.85201133098549,114.25521694052458,135911200
2012-10-02,114.23941802978516,114.75329293952417,113.70972805814962,114.57146194946604,113422200
2012-10-03,114.70585632324219,114.97465205050712,113.94690226233443,114.54774189916618,121283100
2012-10-04,115.528076171875,115.6940921029438,114.98257112879034,115.14068556045135,124311600
2012-10-05,115.53597259521484,116.3423718436221,115.18811362282908,116.14472579688994,124842100
2012-10-08,115.14070892333984,115.52018604899651,114.8798146296508,115.10909085593526,78415400
2012-10-09,114.00224304199219,115.14858775767887,113.96271141799791,115.05372151077894,148872900
2012-10-10,113.27491760253906,114.09713203048184,113.12470465531726,113.98643864759498,124247500
2012-10-11,113.33815002441406,114.23151401988879,113.31443346376938,114.06548603201855,123601500
2012-10-12,112.96660614013672,113.80462368665958,112.72152690257181,113.41724504535794,124181900
2012-10-15,113.90735626220703,114.02593904945627,112.87169304237774,113.2353549655126,107689100
2012-10-16,115.0616226196289,115.14068586734909,114.36591670579456,114.44496789015683,108815500
2012-10-17,115.58341217041016,115.67829048122255,114.96675743524074,115.14068693114577,128834100
2012-10-18,115.28299713134766,115.83640367450282,114.8956065194601,115.28299713134766,148108500
2012-10-19,113.36186981201172,115.07743610650492,113.09307407481542,115.06953460718424,185645200
2012-10-22,113.3776626586914,113.58321017097381,112.48429881283272,113.17210308305361,125578600
2012-10-23,111.80441284179688,112.31038623244329,111.33797107266413,112.15227180974576,192056300
2012-10-24,111.48823547363281,112.34206822646654,111.31430590935024,112.20765823858774,120179400
2012-10-25,111.81232452392578,112.48432596078848,111.13243365074189,112.27877839889743,134457400
2012-10-26,111.74906921386719,112.13644770874458,110.99010315740196,111.7095375955403,146023500
2012-10-31,111.74906921386719,112.28666062037306,111.219367242328,112.1443612704237,103438500
2012-11-01,112.91915130615234,113.06145068254375,111.88348785566448,111.98625560638324,100995600
2012-11-02,111.91510772705078,113.62277265149906,111.79652491147465,113.59114252510632,137702200
2012-11-05,112.14442443847656,112.39740522422501,111.41707602896257,111.74913215926213,98378500
2012-11-06,113.02196502685547,113.46469041514665,112.3657784465803,112.4843612958147,107068100
2012-11-07,110.46044921875,112.00998782955241,109.9386606389785,111.99418482776066,264304500
2012-11-08,109.13223266601562,111.00592533735487,109.045267925461,110.44460527316467,181517300
2012-11-09,109.22715759277344,110.23910478934955,108.74490056445497,108.80023520659662,201055300
2012-11-12,109.3141098022461,109.74102007597749,109.06903056516317,109.56709054062301,97677500
2012-11-13,108.93460845947266,110.08886687788373,108.59466299130357,108.73696237890195,123018300
2012-11-14,107.46411895751953,109.44057972313293,107.21903975272093,109.26666227404938,191505000
2012-11-15,107.28228759765625,107.90685595305011,106.87118038199844,107.50365023761988,178128400
2012-11-16,107.81197357177734,108.02543470347138,106.49169928196359,107.44039799797457,239483900
2012-11-19,109.99398040771484,110.00978340563788,107.8435904811783,109.02155318437502,151495800
2012-11-20,110.04141235351562,110.22324333454695,109.16386344386768,109.82004975138435,119807400
2012-11-21,110.2469711303711,110.34184944335193,109.91492719333387,110.13628981802535,81710800
2012-11-23,111.74906921386719,111.78858876883787,110.71339389246992,110.78455563080081,65409200
2012-11-26,111.51188659667969,111.75696573068346,110.83198380717455,111.19564572751702,100124400
2012-11-27,110.94271087646484,111.78072841468453,110.87156117530144,111.40125127845236,128646200
2012-11-28,111.8360366821289,111.89927279696998,109.891194408462,110.49203400630424,177086500
2012-11-29,112.35784149169922,112.66616889888668,111.76490324223411,112.25507373154309,151085900
2012-11-30,112.38153076171875,112.59499185742207,111.99415225337034,112.37362926312109,136568300
2012-12-03,111.8281021118164,112.99026153323679,111.74113739105181,112.8953953154406,124656300
2012-12-04,111.6700210571289,112.16017941317594,111.36959519330247,111.82023398904212,127512200
2012-12-05,111.86766052246094,112.38944897204703,110.97429654635357,111.76488071965719,147300500
2012-12-06,112.24718475341797,112.29461789362703,111.59891173162374,111.76492772235547,103220600
2012-12-07,112.5871353149414,112.80849799763266,112.00209847447941,112.6820015894201,108726400
2012-12-10,112.63456726074219,112.90336307782948,112.3815744469932,112.42901964709213,98840700
2012-12-11,113.40143585205078,113.93112598788078,113.04567526092454,113.1010098996786,152570400
2012-12-12,113.45674133300781,114.27895570818639,113.29862689573757,113.84413195817447,145880100
2012-12-13,112.76103210449219,113.70973076377643,112.47642130037111,113.38558833565227,135715000
2012-12-14,112.34203338623047,112.72151047090533,112.16810387588804,112.51596289657292,137701700
2012-12-17,113.66230010986328,113.72554829697083,112.60290805500975,112.63453818024263,143238200
2012-12-18,114.92723846435547,115.03001828598563,113.6781137941279,113.84414180881053,177762800
2012-12-19,114.07339477539062,115.09325520130864,114.03387521404471,115.05372357660454,150895400
2012-12-20,114.72959899902344,114.74541406403813,113.82833330694648,114.14457429044018,168487000
2012-12-21,113.68814849853516,114.7231996011753,113.01139319409286,113.19451378836374,245883800
2012-12-24,113.33787536621094,113.50506879327905,113.21048179868905,113.4413720095181,53874600
2012-12-26,112.86013793945312,113.62448707631276,112.54166621929676,113.56874784338083,106947700
2012-12-27,112.70885467529297,113.12287761246539,111.40310124167237,112.8919752989028,167920600
2012-12-28,111.49069213867188,112.59739781156479,111.3632985859417,111.97636942815254,148806700
2012-12-31,113.38566589355469,113.50508979212576,111.10058739321549,111.19613866099387,243935200
2013-01-02,116.29175567626953,116.36341001224565,115.2328192763565,115.5353760045948,192059000
2013-01-03,116.02896881103516,116.53853081884196,115.71845465235472,116.23598634943318,144761800
2013-01-04,116.53851318359375,116.72960346344817,115.98118172016174,116.2200415327511,116817700
2013-01-07,116.22004699707031,116.33151329499754,115.79009688441155,116.12450792710851,110002500
2013-01-08,115.88565063476562,116.17227999982768,115.43181574470258,116.01304416344111,121265100
2013-01-09,116.18025207519531,116.4987359367305,115.95731944657922,116.14044007388878,90745600
2013-01-10,117.10383605957031,117.11179360019747,116.22006309327718,116.82516420169924,130735400
2013-01-11,117.09586334228516,117.15954795688224,116.72960998931713,117.07196642566697,113917300
2013-01-14,117.01625061035156,117.09587460963273,116.58630045249984,116.95255384070995,89567200
2013-01-15,117.09586334228516,117.20732964120317,116.40316863215885,116.47482293526714,93172600
2013-01-16,117.07994079589844,117.26306140524726,116.72961465702878,116.8570081891479,104849500
2013-01-17,117.83634185791016,118.17074082963676,117.15957422415896,117.59748197841455,133833500
2013-01-18,118.09907531738281,118.22646886089557,117.38249574681127,117.8124459189376,169906000
2013-01-22,118.7359848022461,118.7359848022461,117.82035773115271,118.09902948081424,111797300
2013-01-23,118.92711639404297,119.03062517315155,118.521063116561,118.73603821589508,104596100
2013-01-24,118.95894622802734,119.54016248109293,118.64046241552101,118.75192871266943,146426400
2013-01-25,119.62773132324219,119.62773132324219,118.92707915895443,119.33314445821844,147211600
2013-01-28,119.48444366455078,119.69144904529962,119.03856629622733,119.6595945873899,113357700
2013-01-29,119.95419311523438,120.10547141733721,119.16595929586927,119.24558329137055,105694400
2013-01-30,119.48444366455078,120.17712626263611,119.37296521078287,119.93826642397755,137447700
2013-01-31,119.18987274169922,119.73128931375703,119.11026087595941,119.34115108019947,108975800
2013-02-01,120.41597747802734,120.55928608161017,119.73921000844568,119.9462153743704,131173000
2013-02-04,119.06246185302734,120.43988178289779,118.9748803092143,119.68350234937625,159073600
2013-02-05,120.26470947265625,120.60706593199696,119.659596253109,119.7073779406387,113912400
2013-02-06,120.3522720336914,120.43188386918929,119.75512859734273,119.84271012063044,138762800
2013-02-07,120.193115234375,120.5036295394664,119.3172994256955,120.39216317735467,162490000
2013-02-08,120.86186218261719,120.93351649597955,120.40006969275343,120.40006969275343,103133700
2013-02-11,120.83798217773438,120.9414788070343,120.53542553304776,120.81409740567149,73775000
2013-02-12,121.03704071044922,121.25997336862683,120.71059926493245,120.84595036818897,65392700
2013-02-13,121.14055633544922,121.50680984495527,120.79819975277496,121.28387715183702,82322600
2013-02-14,121.25200653076172,121.39532732805863,120.63894778080865,120.77429888724969,80834300
2013-02-15,121.10868835449219,121.49085686901957,120.66282306272392,121.36346331453775,215226500
2013-02-19,122.01632690429688,122.04021167337626,121.14848123063587,121.31567461419164,95105400
2013-02-20,120.49561309814453,121.96857216430391,120.43191632323258,121.92876016136925,160574800
2013-02-21,119.76306915283203,120.55926028839049,119.3809008094595,120.19301916942464,183257000
2013-02-22,120.93350982666016,120.93350982666017,119.81884673943853,120.3443238240336,106356600
2013-02-25,118.63248443603516,121.70578284093864,118.63248443603516,121.52266227337063,245824800
2013-02-26,119.44462585449219,119.58793446136433,118.41753224291323,119.20576602745646,186596200
2013-02-27,120.949462890625,121.28386188821815,119.23764374592498,119.34115253646063,150781900
2013-02-28,120.71051788330078,121.71371416875674,120.5512821132315,120.94140792756467,126866000
2013-03-01,121.10868835449219,121.291808995986,119.75516524764762,120.29656963081824,170634800
2013-03-04,121.75358581542969,121.7535858154297,120.63892272977904,120.83000088793833,99010200
2013-03-05,122.84436798095703,123.17080937659763,122.32684842116923,122.34277565115377,121431900
2013-03-06,123.01152801513672,123.34592682759965,122.7408259501304,123.28223008014305,94469900
2013-03-07,123.2344970703125,123.39373291167833,123.02749169142852,123.17080030398297,86101400
2013-03-08,123.75997924804688,123.92717261985948,123.1389509977696,123.77590647595316,123477800
2013-03-11,124.22974395751953,124.23770149795999,123.51317655254421,123.66445486332975,83746800
2013-03-12,123.95108795166016,124.2854990755764,123.5768891204553,124.14217828690968,105755800
2013-03-13,124.1262435913086,124.3014066841918,123.59279677167974,124.01477727301179,92550900
2013-03-14,124.78709411621094,124.84283335435458,124.13422338417058,124.45269513410463,126329900
2013-03-15,124.62236785888672,124.79030491885248,124.2065033721425,124.63836593224924,138601100
2013-03-18,123.93457794189453,124.4703973884713,123.31878034384849,123.43074243413389,126704300
2013-03-19,123.64665985107422,124.36641432198388,122.83092916854568,124.19847730681555,167567300
2013-03-20,124.5103530883789,124.71827914232938,124.16646177278655,124.37440002968637,113759300
2013-03-21,123.44670104980469,124.47035760608343,123.23877500657419,123.76658914753602,128605000
2013-03-22,124.43839263916016,124.43839263916017,123.74261700600312,123.83859321230615,111163600
2013-03-25,123.91857147216797,124.97422442584066,123.43873920473186,124.76628612729506,151322300
2013-03-26,124.91024780273438,124.94223174026692,124.29445022940159,124.43040331908117,86856600
2013-03-27,124.91024780273438,124.95023687686415,123.95856397202519,124.16649007336711,99950600
2013-03-28,125.29410552978516,125.43806374395409,124.558352998897,124.83025915538698,102932800
2013-04-01,124.79827880859375,125.48604935551657,124.49437650557277,125.23012905761439,99194100
2013-04-02,125.41407012939453,125.72596535015337,125.05418070294515,125.24612091685476,101504300
2013-04-03,124.14244842529297,125.58196908604482,123.81456743827358,125.48600510964374,154167400
2013-04-04,124.6463623046875,124.8942775353479,124.0305645942713,124.3024708341598,131885000
2013-04-05,124.0865707397461,124.23852195674674,122.97494239789954,123.11888847529592,159666000
2013-04-08,124.92621612548828,124.9342090572301,123.75860133487292,124.1744656414831,86571200
2013-04-09,125.3580551147461,125.81390844530574,124.74225774297099,125.15812201248973,101922200
2013-04-10,126.8935546875,127.05349874738509,125.66197200314018,125.69395593393737,135711100
2013-04-11,127.3094253540039,127.72528969280242,126.78959187976822,126.91755201523702,110142500
2013-04-12,126.99751281738281,127.18944079144055,126.29374437130845,126.90153662740543,116359900
2013-04-15,124.0545654296875,126.46176930518807,124.03857955757243,126.3578001216611,217259000
2013-04-16,125.88591003417969,125.94989010579151,124.68631114809743,124.99020123456498,147507800
2013-04-17,124.04656219482422,125.01424430750073,123.38278246848417,124.99024109540935,226834800
2013-04-18,123.2707748413086,124.28643859723141,122.79893556523943,124.25444246156046,167583200
2013-04-19,124.3424301147461,124.39841725816257,123.25479321292246,123.55869552757892,149687600
2013-04-22,124.89422607421875,125.19012320141461,123.75860736117134,124.58233087981101,106553500
2013-04-23,126.18177795410156,126.30173293373835,124.89420829322509,125.51799859323252,166141300
2013-04-24,126.26179504394531,126.5976812935408,125.98987666793309,126.22180597074188,96781200
2013-04-25,126.77361297607422,127.37341241569973,126.43772675423804,126.62965476502966,131060600
2013-04-26,126.5496597290039,126.8375638819407,126.14178839395709,126.6216327165011,95918800
2013-04-29,127.39739990234375,127.67729897800982,126.69363134098813,126.89356448201411,88572800
2013-04-30,127.70130920410156,127.73330534513501,126.84560157721803,127.3734280776989,116010700
2013-05-01,126.58171081542969,127.4854128144147,126.43776476406279,127.42143272393346,138874200
2013-05-02,127.75726318359375,127.86922524224074,126.78158858554883,126.90154357590306,96407600
2013-05-03,129.05282592773438,129.4606973009525,127.7812542178231,128.8688908748228,144202300
2013-05-06,129.38072204589844,129.5646571028956,129.09281785962264,129.14880499168018,66882100
2013-05-07,130.0365447998047,130.07652167333373,129.29278702669035,129.6606694461899,90359200
2013-05-08,130.62832641601562,130.66831548858366,129.82060084312886,129.8925738519803,97419200
2013-05-09,130.26046752929688,130.91624200505302,129.93257418994244,130.57236279764672,106738600
2013-05-10,130.68435668945312,130.79631880782475,129.96458975453078,130.34847033433832,103203000
2013-05-13,130.7882843017578,131.004215554045,130.21248796724694,130.51637810433127,81843200
2013-05-14,132.13980102539062,132.23577722591463,130.89222024512728,130.89222024512728,119000900
2013-05-15,132.8515625,133.1154756963166,131.88389298312228,131.9238820497672,120718500
2013-05-16,132.227783203125,133.0435138599081,132.02785005607674,132.57966749440206,109913600
2013-05-17,133.50735473632812,133.58732067008916,132.53967297510192,132.7156151135067,129801000
2013-05-20,133.49935913085938,134.01919265069148,133.24345104042536,133.37940412017957,85071200
2013-05-21,133.69129943847656,134.19513488956432,133.15548005217033,133.61932643202152,95804200
2013-05-22,132.69961547851562,135.21078738737438,132.09182313671778,133.82724129689802,244031800
2013-05-23,132.3157958984375,132.68367837402923,131.1082037034569,131.28414590444143,211064400
2013-05-24,132.2038116455078,132.25979879233202,131.14016568242192,131.53203910133337,151573900
2013-05-28,132.9955596923828,134.1791607538039,132.6036862490888,133.58735412161664,143679800
2013-05-29,132.13180541992188,132.59565173706204,131.42803691075065,132.2917494802927,160363400
2013-05-30,132.6196746826172,133.22746713961686,132.13183724905412,132.23580640466753,107793800
2013-05-31,130.71630859375,133.00354462520377,130.4604004728982,132.25179392771892,176850100
2013-06-03,131.43603515625,131.52400621528525,130.08448534150332,131.02017085872433,168390700
2013-06-04,130.80429077148438,132.03588607906175,130.1405111036518,131.50805951867144,157631500
2013-06-05,128.97288513183594,130.69230541148667,128.86092305134173,130.42839217826068,211737800
2013-06-06,130.14047241210938,130.14847754737255,128.15713913591162,128.91688260595572,200225500
2013-06-07,131.79588317871094,131.91583814043727,130.46832465519023,131.0361399475695,188337800
2013-06-10,131.79588317871094,132.27571522856255,131.451991950185,132.20374225152673,105667100
2013-06-11,130.4364013671875,131.58800614392953,130.14849712226402,130.59634545815567,159505400
2013-06-12,129.3567352294922,131.46802859612447,129.2367802325613,131.33207553195288,177361500
2013-06-13,131.32411193847656,131.55602905200467,128.99688685450147,129.28479111440512,163587800
2013-06-14,130.50033569335938,131.69194144020605,130.28441671738722,131.18011315891295,141197500
2013-06-17,131.50802612304688,132.13181655311737,130.53235140874162,131.3880589154483,136295600
2013-06-18,132.54771423339844,132.74764742671377,131.5720392737833,131.5800322084526,114695600
2013-06-19,130.71630859375,132.6676583524249,130.6603336497632,132.43574123656066,206149500
2013-06-20,127.47737884521484,130.73229657067702,127.14149259837026,129.44472652296363,321255900
2013-06-21,127.88658142089844,128.44130637183966,126.60023389207656,128.34483460080975,271956800
2013-06-24,126.2706298828125,127.37205703850252,125.20135590112969,126.55202229234223,222329000
2013-06-25,127.48463439941406,128.71469888828932,126.56006802529356,127.41226828372766,162262200
2013-06-26,128.74684143066406,129.0362690669356,128.0313137003707,128.52976763658,134848000
2013-06-27,129.5025177001953,130.0974554540279,129.397998458538,129.51860041449257,129483700
2013-06-28,128.97195434570312,129.7598359419742,128.52173629069108,129.1407922500936,160402900
2013-07-01,129.72767639160156,130.6281124573743,129.50256737515838,129.64727505679127,131954800
2013-07-02,129.6070556640625,130.48337357334313,129.03623576546045,129.53468957302957,154863700
2013-07-03,129.66336059570312,130.05730751680247,128.81116040528406,129.02018670580443,75216400
2013-07-05,131.062255859375,131.110491751715,129.67943636386408,130.6200730670568,122416900
2013-07-08,131.80990600585938,132.1636521572693,131.1104611949013,131.7375521842123,108092500
2013-07-09,132.75863647460938,132.91942689041878,132.0672266458588,132.63803446211054,119298000
2013-07-10,132.80685424804688,133.25707225787954,132.35663623821424,132.62998113453824,121410100
2013-07-11,134.6157684326172,134.75244087534912,132.7988014783119,134.35045877289508,135592200
2013-07-12,134.67210388183594,135.00976753709966,134.36660567994556,134.57563205676803,104212700
2013-07-15,135.1865997314453,135.37955559059148,134.80873550781888,135.04189203772745,69450600
2013-07-16,134.68011474609375,135.35544187293291,134.31833323296723,135.2750405288947,88702100
2013-07-17,135.0258331298828,135.45193332656478,134.84895996135168,135.19467106985329,92873900
2013-07-18,135.76544189453125,136.08703496196676,135.22678730753807,135.3152238676427,103620100
2013-07-19,136.00660705566406,136.0548429394749,135.31519743016472,135.48403529102146,103831700
2013-07-22,136.27198791503906,136.46494381866145,135.8780408787986,136.1996340515026,79428600
2013-07-23,135.98252868652344,136.5372660468219,135.91017483975122,136.5131480978978,80829700
2013-07-24,135.4840850830078,136.56139444243655,135.21072786175304,136.50511104562656,112914000
2013-07-25,135.81362915039062,135.93423110780958,135.01771266200265,135.24282159483124,111088600
2013-07-26,135.95840454101562,135.99860520989765,134.68010423621132,135.24287679799417,107814600
2013-07-29,135.54034423828125,135.91820845697924,135.15444479254452,135.61269808419647,79695000
2013-07-30,135.54034423828125,136.09508159200902,135.218763411421,135.9503739001786,85209600
2013-07-31,135.63685607910156,136.5533751176329,135.45998290784775,135.82176447903976,142388700
2013-08-01,137.20455932617188,137.32514907202412,136.59353856712735,136.66590468216114,110438400
2013-08-02,137.43771362304688,137.4537963461753,136.71415056007143,136.89905893971655,91116700
2013-08-05,137.2367401123047,137.44577873720027,136.9553598928663,137.13223306738183,54072700
2013-08-06,136.456787109375,137.26879848647727,136.15128917421703,136.9713235063686,87495000
2013-08-07,136.0146484375,136.2156394741561,135.5081593670398,136.02269593017863,84854700
2013-08-08,136.51312255859375,136.8186206103193,135.81366536808514,136.65783022506585,102181300
2013-08-09,136.11917114257812,136.7543097042753,135.64483522828556,136.33624490255866,91757700
2013-08-12,135.95840454101562,136.1191949490219,135.3715140314079,135.43583264811477,68593300
2013-08-13,136.36041259765625,136.5935568934249,135.3956576988331,136.1996221591064,80806000
2013-08-14,135.66090393066406,136.51310389677673,135.62873849749846,136.29603015922328,79829200
2013-08-15,133.76358032226562,134.60773299903167,133.53042381214217,134.5916625461083,152931800
2013-08-16,133.3214111328125,133.96458507355436,133.0561014222244,133.5063195004869,130868200
2013-08-19,132.46920776367188,133.6269183763111,132.461160269056,133.16865281400712,96437600
2013-08-20,133.1204071044922,133.61886103304695,132.54155184083828,132.68625952299107,89294400
2013-08-21,132.3003387451172,133.48216702866168,132.00287593480988,132.75055670693996,159530500
2013-08-22,133.50628662109375,133.69924243605269,132.56565002476805,132.57368525007152,101471400
2013-08-23,133.95654296875,134.12538088865324,133.27318059657745,133.90027184046428,90888900
2013-08-26,133.45809936523438,134.50325560894885,133.3696627845926,134.09322588618969,89702100
2013-08-27,131.31149291992188,133.4580761668891,131.21502112781786,132.13957518220624,158619400
2013-08-28,131.77777099609375,132.24407169014776,131.08636131422327,131.25518692132573,108113000
2013-08-29,131.98680114746094,132.68624607535403,131.36774527899823,131.48834726942403,119200500
2013-08-30,131.5687255859375,132.2762179492692,131.1828262366289,132.26013523168828,134928900
2013-09-03,132.16371154785156,133.1204311779458,131.60897413090458,132.83903872173326,142375100
2013-09-04,133.2571258544922,133.4822349499484,131.9547071925633,132.1958867466052,97389400
2013-09-05,133.42593383789062,133.77966786020008,133.2410131979637,133.33749726543255,63090500
2013-09-06,133.49020385742188,134.24593213135378,132.23602172941554,133.86806799438784,159756500
2013-09-09,134.76853942871094,134.84892849813477,133.8198551763451,133.8198551763451,87559300
2013-09-10,135.76544189453125,135.78955984114876,135.27502320077312,135.58053354795655,105847200
2013-09-11,136.1915283203125,136.1915283203125,135.34737573829133,135.58051995472616,94545900
2013-09-12,135.8297119140625,136.32013043237023,135.64480363363992,136.14325737543848,83209000
2013-09-13,136.13525390625,136.23977317359396,135.66091799179915,135.97446352631135,72727800
2013-09-16,136.92315673828125,137.6708499096654,136.70608294432822,137.6065312941415,106299200
2013-09-17,137.53416442871094,137.56631759966749,137.0437457658608,137.0437457658608,82523300
2013-09-18,139.1260223388672,139.50388653521327,137.1402295682898,137.48592832333924,203460600
2013-09-19,138.8928985595703,139.56823804322534,138.75622607065273,139.50391941299515,146616900
2013-09-20,137.9218292236328,139.22252174731543,137.80872606189172,139.22252174731543,132867100
2013-09-23,137.28355407714844,137.86523083097848,136.84730267543415,137.73597891804016,104616500
2013-09-24,136.96043395996094,137.7683171366621,136.70191775362244,137.2593467905983,106333100
2013-09-25,136.56454467773438,137.32395671337798,136.44336715175592,137.04927943628218,117306500
2013-09-26,137.0896759033203,137.477456313342,136.57263124751907,136.79076312135746,77146900
2013-09-27,136.45953369140625,136.64534334773532,136.10406316464287,136.4029759588223,99141800
2013-09-30,135.732421875,136.16059888980152,135.0376419840796,135.30424486019848,143937000
2013-10-01,136.80691528320312,136.93617953217313,135.70011942877605,135.8374580705627,127160000
2013-10-02,136.6776123046875,136.80687651702866,135.5869778722578,136.0070803987096,113350000
2013-10-03,135.4174041748047,136.48381612173537,134.78725614337174,136.36262622195414,176698000
2013-10-04,136.443359375,136.58069800572014,135.3446380019227,135.52237324810554,96878000
2013-10-07,135.2638702392578,136.08791450605065,135.11845718899247,135.2557958455715,96295000
2013-10-08,133.68853759765625,135.41740752905886,133.5915955372874,135.23967220016797,178015000
2013-10-09,133.7854461669922,134.27016863015245,132.92100533368043,133.94702032137894,168973000
2013-10-10,136.66957092285156,136.742277437111,135.10227586979204,135.15074687929834,195955000
2013-10-11,137.55018615722656,137.59866950310436,136.34644810528798,136.45955125769802,105040000
2013-10-14,138.0995330810547,138.21263621704364,136.59687008730592,136.7018988304804,112106000
2013-10-15,137.0977783203125,138.26920650976538,136.91196863359585,137.7521617482742,155485000
2013-10-16,139.01242065429688,139.0851271589036,137.85714166273556,137.92177377593546,161676000
2013-10-17,139.9415283203125,140.02232157091123,138.42270396575532,138.44693947547108,129389000
2013-10-18,140.88671875,140.98366076723573,140.17577775076063,140.45854173745352,138316000
2013-10-21,140.89480590820312,141.17756992051605,140.579731996323,140.93520252815037,104104000
2013-10-22,141.7107391357422,142.13082935825796,140.91900503657857,141.30679769518238,126663000
2013-10-23,141.03213500976562,141.29065114816459,140.53932590839827,141.22601903173592,105484000
2013-10-24,141.50071716308594,141.6784524276652,140.98367248266928,141.31490750550492,70350000
2013-10-25,142.14698791503906,142.18738452383255,141.5168402652663,141.7915174813592,93625000
2013-10-28,142.37327575683594,142.56717219382065,141.94509857823417,142.09859838326526,84979000
2013-10-29,143.13265991210938,143.18921765118665,142.49443763110517,142.69640842383444,87401000
2013-10-30,142.42172241210938,143.40734089197053,141.91276438401786,143.30232445964774,140002000
2013-10-31,142.01776123046875,142.90643754952896,141.80771606747157,142.30859963240505,133795000
2013-11-01,142.3571014404297,142.6802497834738,141.55729264951472,142.20360166292204,142805000
2013-11-04,142.85794067382812,142.91448606899442,142.1712352491206,142.74483755618027,85677000
2013-11-05,142.40554809570312,142.79332850647648,141.84003242846762,142.30051935488905,85825000
2013-11-06,143.13265991210938,143.3992628377903,142.62368956968956,143.01955676127375,87348000
2013-11-07,141.32296752929688,143.51233588728832,141.18562889832563,143.39923276017575,157000000
2013-11-08,143.22958374023438,143.24574485324757,141.2583594087306,141.27450819442646,136713000
2013-11-11,143.25384521484375,143.42349377202657,142.92261016677642,143.09225872395925,62614000
2013-11-12,142.96298217773438,143.28613044923483,142.48632183539408,142.94682106596443,83990000
2013-11-13,144.11016845703125,144.15055274376928,142.2601095482789,142.2601095482789,103844000
2013-11-14,144.82916259765625,144.95034009475486,144.00511863544367,144.23939923893897,103435000
2013-11-15,145.45941162109375,145.51595705004672,144.87773457496874,145.0635443091323,102818000
2013-11-18,144.95040893554688,145.8229243109796,144.62726057160285,145.70174675633058,104796000
2013-11-19,144.63531494140625,145.31393380812597,144.38487314492528,144.8776823444685,93891000
2013-11-20,144.18287658691406,145.36237883572704,143.78700948844065,144.92612745006159,124909000
2013-11-21,145.34620666503906,145.45930977107332,144.49792720612504,144.58679481281726,92841000
2013-11-22,146.07333374023438,146.08949485304268,145.23314078395907,145.40278932283638,81296000
2013-11-25,145.9279022216797,146.36415359370548,145.71784476373176,146.33184369949882,79486000
2013-11-26,145.96827697753906,146.40454064839741,145.7501574694247,146.00059919695107,86994000
2013-11-27,146.32379150390625,146.42074586403274,145.94408543898368,146.12182071734398,58800000
2013-11-29,146.2268524169922,146.8327647888858,146.06527824995098,146.48538094611314,55870900
2013-12-02,145.84716796875,146.57425799189832,145.6209616358896,146.2995806344708,99726000
2013-12-03,145.2169952392578,145.73403995869984,144.74842153611996,145.37049500910004,116563000
2013-12-04,145.20079040527344,145.80670258127464,144.08592038400533,144.6918325600065,123033000
2013-12-05,144.56260681152344,145.20891577006475,144.4252681610226,144.94231286239204,106934000
2013-12-06,146.1783905029297,146.31572916983347,145.54015586149026,145.9602585838145,127728000
2013-12-09,146.54998779296875,146.76811967921225,146.35610374059024,146.6065455264576,70124000
2013-12-10,146.02484130859375,146.51765039476103,145.93597369215982,146.21065093302278,80976000
2013-12-11,144.38485717773438,146.1056519891275,144.20712192363195,146.08141648423324,130591000
2013-12-12,143.90817260742188,144.49792362230835,143.60924757742706,144.3201884133321,115565000
2013-12-13,143.89210510253906,144.33644341402663,143.61742771991828,144.2071791184445,107808000
2013-12-16,144.78878784179688,145.26543583874164,144.53025937254935,144.57065598678378,96195000
2013-12-17,144.3282928466797,144.94229181542872,144.00514457799218,144.91805631164297,89886000
2013-12-18,146.79234313964844,146.81657864420694,143.25382387362504,144.5464293169058,234906000
2013-12-19,146.62269592285156,146.79234445628265,145.99254814404537,146.37224182797294,136531200
2013-12-20,147.4755859375,147.82486811948542,146.67144740560926,146.768915738143,197087000
2013-12-23,148.26348876953125,148.35283887289273,147.88985189674239,148.19850574942802,85598000
2013-12-24,148.58839416503906,148.65337718631838,148.2634914528864,148.2716096827048,45368800
2013-12-26,149.3437957763672,149.42502764327816,148.90517592007916,148.92141237806717,63365000
2013-12-27,149.335693359375,149.6037312812276,149.1813602324487,149.53876065391088,61814000
2013-12-30,149.31134033203125,149.47379170410463,149.11639124899608,149.35194387936568,56857000
2013-12-31,150.01800537109375,150.01800537109375,149.40067282686041,149.51440241700428,86119900
2014-01-02,148.58021545410156,149.51433206122562,148.2228151796707,149.44121844564555,119636900
2014-01-03,148.5558319091797,149.13254817792944,148.34464649508527,148.83200031089643,81390600
2014-01-06,148.1254119873047,149.1001325496372,147.89797760256857,149.04328015057538,108028200
2014-01-07,149.03517150878906,149.2869730151556,148.60466976030824,148.71838696944945,86144200
2014-01-08,149.06761169433594,149.3194131035275,148.55587825356508,149.01074691458743,96582300
2014-01-09,149.16510009765625,149.56311642677383,148.48279701423454,149.54686757405145,90683400
2014-01-10,149.57122802734375,149.63621104111016,148.65335999997663,149.41689491892882,102026400
2014-01-13,147.58119201660156,149.6037343797526,147.29689284066546,149.18948155224749,149892000
2014-01-14,149.18948364257812,149.27071552091067,147.79237961612046,148.06854817166,105016100
2014-01-15,149.99363708496094,150.22107147493819,149.2219838050921,149.53876830500644,98525800
2014-01-16,149.7987060546875,149.9936551528274,149.31947013195392,149.68498884600078,72290600
2014-01-17,149.16510009765625,149.823036099116,148.9051804253141,149.53874934481183,107848700
2014-01-21,149.60374450683594,150.08299278393366,148.68588868247738,150.02612798719937,88621200
2014-01-22,149.70123291015625,149.92054908926158,149.38444838222446,149.85556605862868,61270900
2014-01-23,148.47467041015625,148.97015508053516,147.68678074831777,148.94578799791353,132496900
2014-01-24,145.30679321289062,147.5567816940276,145.2580590585522,147.50804753968913,208677100
2014-01-27,144.59202575683594,145.81856009570387,143.86910671496904,145.4449108362672,180843100
2014-01-28,145.4530487060547,145.639867147958,144.68138306597643,144.6976319200423,110463200
2014-01-29,144.05592346191406,145.03064385989143,143.67415601028458,144.24274187625116,216597300
2014-01-30,145.5829620361328,146.054079519613,144.79506015444503,145.2580594102627,118938100
2014-01-31,144.73011779785156,145.6317370912376,143.70666308410694,143.77976433632207,194677900
2014-02-03,141.47288513183594,144.8844123297427,141.19671665643074,144.5595096991767,254837100
2014-02-04,142.4638671875,142.82938577859557,141.42416380230986,142.10646682492052,165012400
2014-02-05,142.28517150878906,142.60195595032872,141.0992656073298,141.9683870672494,164230500
2014-02-06,144.16152954101562,144.16152954101562,142.3258056695776,142.6182230680074,132877600
2014-02-07,145.94850158691406,146.10283469439105,144.36457936799155,144.83569691925305,170787200
2014-02-10,146.21658325195312,146.26532981812616,145.56677776725422,145.96478176749554,92218800
2014-02-11,147.8166961669922,148.19034532764107,146.24089246231512,146.33837316183758,117814100
2014-02-12,147.8898162841797,148.50713623514122,147.59739896125248,148.03601874852288,94717700
2014-02-13,148.6533660888672,148.80769920360365,146.8826253696118,146.89074359882417,100542200
2014-02-14,149.47378540039062,149.7499539606931,148.37721699521146,148.5153012753627,96498400
2014-02-18,149.65245056152344,149.85551781904024,149.17320241415996,149.6037040085563,80460900
2014-02-19,148.66148376464844,150.2291570688705,148.53963597161686,149.2625549243331,126524300
2014-02-20,149.5386962890625,149.87984770973415,148.32029304627568,148.8645116740785,104998100
2014-02-21,149.36817932128906,150.18044850295777,149.29507806955746,149.8230480799445,118116400
2014-02-24,150.1966552734375,151.20386084418195,149.61993886257525,149.6849218662105,114063900
2014-02-25,150.1397705078125,150.74897214226297,149.64428601602324,150.3184706454571,117085000
2014-02-26,150.14797973632812,150.7571816897172,149.72559624492297,150.359165284908,98677200
2014-02-27,150.9358367919922,150.97644032801486,149.75803678553217,149.92861873494613,93880800
2014-02-28,151.3176727294922,152.016224963076,150.31046652821905,150.91153799820506,150842000
2014-03-03,150.2535400390625,150.63530752130063,149.2544524806009,149.9854897391351,167748500
2014-03-04,152.3654022216797,152.69030482499105,151.69121754528075,151.72370284791597,167545900
2014-03-05,152.5035400390625,152.76347212844618,152.25985680382635,152.49542180911084,88376900
2014-03-06,152.852783203125,153.2020653380847,152.52788054226008,152.8771626772198,82516500
2014-03-07,152.9177703857422,153.48636864913018,152.2435855715258,153.48636864913018,114513500
2014-03-10,152.8365478515625,152.89340024021618,151.9592957877914,152.68221474855062,74939200
2014-03-11,152.08116149902344,153.283328859854,151.7318916861669,153.06401270163911,99009100
2014-03-12,152.12179565429688,152.17866045533555,151.0008600383557,151.3420240560956,104824400
2014-03-13,150.41598510742188,152.69847167621197,149.99361410175158,152.5766238753802,155014300
2014-03-14,149.99363708496094,150.9196234996525,149.8149368650867,150.14797021978364,153919600
2014-03-17,151.35008239746094,151.70748273614768,150.68401587640997,150.7489988829204,98359500
2014-03-18,152.43043518066406,152.63350247284944,151.49631820006488,151.65878194920833,101804600
2014-03-19,151.61814880371094,152.6578522301574,150.65154661953594,152.4466543379388,176267300
2014-03-20,152.5035400390625,152.61725722960682,151.01708593779057,151.2851362571259,117241000
2014-03-21,151.9120330810547,154.2127476511232,151.77333937596447,153.1439807568224,163128000
2014-03-24,151.28379821777344,152.62181070199017,150.6229584828259,152.43415532250484,121411000
2014-03-25,152.00177001953125,152.5157620680703,151.15328726298515,152.05071927197397,103852000
2014-03-26,150.90853881835938,152.84210911506207,150.86774362223335,152.59735038725194,119843000
2014-03-27,150.59031677246094,151.21036126479174,150.0355296381079,150.7290104438135,142383000
2014-03-28,151.33277893066406,152.0915172553353,150.93300594680622,151.02275039424595,101642000
2014-03-31,152.57289123535156,152.80949592751452,151.35727643053576,152.29550379187185,99745000
2014-04-01,153.58453369140625,153.67427813999385,152.5647160706134,153.07054162686407,89193000
2014-04-02,154.0985565185547,154.3025200834304,153.49481988490132,153.78037385530652,78774000
2014-04-03,153.8944854736328,154.3758361628162,153.42128883972836,154.33504098854283,77435000
2014-04-04,152.07518005371094,154.76750073346676,151.83043381377826,154.73487205112374,169381000
2014-04-07,150.39451599121094,151.96095410046019,150.08449995170784,151.70804136470366,140803000
2014-04-08,151.01461791992188,151.25936422160746,149.78267010635085,150.32929092836065,112660000
2014-04-09,152.63812255859375,152.6870718069828,150.98193992706223,151.42250806045195,100254000
2014-04-10,149.43185424804688,152.70342502059614,149.2441988238428,152.63000113231462,172959000
2014-04-11,148.0856170654297,149.6439007933819,147.92244879708107,148.59960893722166,167251000
2014-04-14,149.25234985351562,149.60316113821924,148.0285687132919,149.24418334525566,132382000
2014-04-15,150.2803192138672,150.38638422804803,148.08566974438753,149.56237608794905,157093000
2014-04-16,151.85488891601562,151.8630429733171,150.64741619250262,151.3164223594984,105197000
2014-04-17,152.0670623779297,152.49131004355579,151.38990190456687,151.65098122155126,105255000
2014-04-21,152.59738159179688,152.64634330652788,151.9202334832085,152.107876485024,68329000
2014-04-22,153.29078674316406,153.706867745035,152.67074226899402,152.75232018854823,85790000
2014-04-23,152.93185424804688,153.3153066852364,152.8094811080698,153.23372874156706,73869000
2014-04-24,153.24188232421875,153.6987586439723,152.50760613980395,153.6824380757108,88170000
2014-04-25,151.98548889160156,152.83398431727164,151.64283158664,152.74423984819015,100380000
2014-04-28,152.46678161621094,153.12762128684997,150.90034361385923,152.60547528606608,135121000
2014-04-29,153.17662048339844,153.41321271526368,152.62999968313687,152.9563363716986,84098000
2014-04-30,153.63343811035156,153.78845233530538,152.71151926653687,152.9236492370808,101508000
2014-05-01,153.64976501464844,154.0658460180586,153.1602476997427,153.56002058854713,93019000
2014-05-02,153.4295196533203,154.31064357289176,153.20108150183276,153.63348317778744,98122000
2014-05-05,153.72325134277344,153.82931637552252,152.25471125025618,152.67895893230505,75883000
2014-05-06,152.3852081298828,153.48661600227456,152.3525794476311,153.38055099930446,85454000
2014-05-07,153.28265380859375,153.35607768099322,151.7569983602767,152.8992014319154,106500000
2014-05-08,153.11952209472656,154.23725090025104,152.63001700632617,153.14400917564728,93618000
2014-05-09,153.3479461669922,153.413203541645,152.42602702596042,153.1439826366008,83679000
2014-05-12,154.84091186523438,154.91434818011592,153.38053880837046,154.03322444202448,86940000
2014-05-13,154.97967529296875,155.35496126804733,154.82466099715245,155.0449326764147,66454000
2014-05-14,154.24537658691406,154.91438293495946,154.02509249073498,154.84094660360256,72367000
2014-05-15,152.89109802246094,153.96803172454514,152.14051352507616,153.93539057960055,154956000
2014-05-16,153.42140197753906,153.4866718147206,152.3363142761741,152.98083368880066,97458000
2014-05-19,153.98428344726562,154.10665656371893,152.98894060363324,153.12763428526154,63839000
2014-05-20,153.0134735107422,153.9272263254976,152.6218669399825,153.91090575410598,111644000
2014-05-21,154.302490234375,154.37591411577924,153.42952037008365,153.4539949972184,89093000
2014-05-22,154.67774963378906,154.99593218094128,154.08217972736432,154.34324652169624,61549000
2014-05-23,155.29782104492188,155.4038736045331,154.67776400898862,154.81645770151457,61092800
2014-05-27,156.2523193359375,156.3012685708771,155.78727670612977,155.87702111983262,72010000
2014-05-28,156.1381378173828,156.49711555843962,155.8770585697256,156.2523568759969,66723000
2014-05-29,156.9458770751953,156.97035170662141,156.09739413821237,156.49716719975166,64377000
2014-05-30,157.19871520996094,157.29662613809307,156.66841518242464,156.79895478730623,76316000
2014-06-02,157.37823486328125,157.45167118599196,156.61949660314022,157.4190300539107,64656000
2014-06-03,157.29664611816406,157.3782240448708,156.84792394997493,156.9947716874131,65047000
2014-06-04,157.6148681640625,157.7046126201908,156.86428382596523,157.02745216921303,55529000
2014-06-05,158.6428680419922,158.80603641415334,157.21512299992165,157.7943850373849,92103000
2014-06-06,159.4015350341797,159.44231776901978,158.9120177266761,158.985441588119,78696000
2014-06-09,159.5647430419922,159.94819545690575,159.23023988022584,159.3771000886128,65119000
2014-06-10,159.58103942871094,159.61366810954985,159.02625226290138,159.36890943195576,57129000
2014-06-11,159.0262908935547,159.18945923527312,158.66731307240624,159.00997032469888,68772000
2014-06-12,157.90037536621094,158.92835935845557,157.54956412685019,158.83861492181427,106350000
2014-06-13,158.38177490234375,158.53678918735275,157.70461444353683,158.21044004813731,82017000
2014-06-16,158.51231384277344,158.84681706687545,157.99833414000085,158.18597712834807,87424000
2014-06-17,158.9528045654297,159.06702360465837,158.12063016593973,158.29196494925355,84834000
2014-06-18,160.11953735351562,160.209281811536,158.60204807631922,158.9528718481977,105267000
2014-06-19,160.299072265625,160.39698326088973,159.7442972379102,160.25827705501058,85929000
2014-06-20,160.6244659423828,160.75563110750946,160.42771819469283,160.69824165704208,100587000
2014-06-23,160.57528686523438,160.71464516656425,160.28017148930078,160.66546135534182,70611000
2014-06-24,159.60791015625,161.08348658084702,159.4275612316551,160.28831518838626,96237000
2014-06-25,160.32933044433594,160.49328062585948,159.2390435997385,159.2718286326044,82782000
2014-06-26,160.2145233154297,160.37028032626884,159.14063551470989,160.35388155970844,84312000
2014-06-27,160.52609252929688,160.57527633729464,159.76370597953726,159.8374816915339,71445100
2014-06-30,160.44410705566406,160.81299811476987,160.28834999527325,160.42770828388666,70201200
2014-07-01,161.51797485351562,162.00983787610107,160.7801928282337,160.8375697593308,90470000
2014-07-02,161.6819610595703,161.88690194655754,161.4606339078154,161.53440962506704,52475000
2014-07-03,162.47705078125,162.55082646130413,162.017985427234,162.14094489399088,52938800
2014-07-07,161.91146850585938,162.2967583137681,161.67374261795257,162.16560567316284,61696000
2014-07-08,160.87042236328125,161.673787233799,160.4769268070843,161.61639777446175,108143000
2014-07-09,161.59170532226562,161.73926919117432,160.9276991836584,161.271998199655,72992000
2014-07-10,160.9523468017578,161.37862728235584,159.90305062536046,160.0342157745594,99040000
2014-07-11,161.17372131347656,161.28848771671753,160.4933160269052,160.85401401097675,64243000
2014-07-14,161.9853057861328,162.19843983669793,161.85414059720003,161.9934989197158,58658000
2014-07-15,161.6819610595703,162.3951638521333,160.9687707756064,162.08364970116097,111307000
2014-07-16,162.28038024902344,162.52629928045386,161.83770097525323,162.40333976473866,79986400
2014-07-17,160.4358673095703,162.39510092968965,160.20632209717422,161.78027850695017,145398000
2014-07-18,162.07542419433594,162.239374369457,160.87037101887145,160.96054549147752,124330000
2014-07-21,161.77212524414062,161.90329040552007,161.02613746096807,161.5671843702096,67592000
2014-07-22,162.47705078125,162.77216601005924,162.20652744579212,162.32129378429613,67678000
2014-07-23,162.83779907226562,163.00995488771875,162.39513234603803,162.72303269816243,65612000
2014-07-24,162.8460235595703,163.18212961580392,162.682073351939,162.99358750245784,56888000
2014-07-25,162.08360290527344,162.526269589578,161.7638957142214,162.38691132769333,76837000
2014-07-28,162.14918518066406,162.38691103672483,161.18185797062742,162.11638764345852,69259000
2014-07-29,161.4524383544922,162.68208375324477,161.42784644720513,162.45255094616562,80466000
2014-07-30,161.47698974609375,162.23937620650426,160.80479026790707,162.0262297186965,104222000
2014-07-31,158.2881317138672,160.49329753722154,158.18976409630736,160.35393924281232,183479000
2014-08-01,157.80447387695312,158.83737138468868,157.042099825467,157.85365768561695,189261000
2014-08-04,158.94393920898438,159.2800452348285,157.43557742139825,158.10777696448858,91340000
2014-08-05,157.40277099609375,158.70620435057154,156.82893909934734,158.29632263738165,152690000
2014-08-06,157.4519805908203,158.12418015268486,156.64041022714898,156.66500213132704,94818000
2014-08-07,156.5994415283203,158.32095011397735,156.20595849765013,158.16519302659123,135733000
2014-08-08,158.41110229492188,158.5176630434372,156.53383688634324,156.9519242743437,117014000
2014-08-11,158.87022399902344,159.57522135430915,158.79644826045467,159.0095823414098,74544000
2014-08-12,158.6488494873047,159.15709891969223,158.16519196238104,158.7144320767418,73632000
2014-08-13,159.72271728515625,159.90306625578452,159.00133391124152,159.27184485858558,69047000
2014-08-14,160.4768829345703,160.4768829345703,159.83746846630947,159.9850323866912,57371000
2014-08-15,160.44410705566406,161.20648107724284,159.28823756301446,161.05892965703967,139951000
2014-08-18,161.7884979248047,161.86227362545847,161.23925797227733,161.32943244260846,75424000
2014-08-19,162.63290405273438,162.75586359228018,161.85413111554408,162.18203156006626,59135000
2014-08-20,163.06735229492188,163.26410003605778,162.37875396384348,162.4115389997337,72763000
2014-08-21,163.54278564453125,163.7559196089434,163.07551453856374,163.206679674477,67791000
2014-08-22,163.28872680664062,163.69860864007921,162.91983565826607,163.41168635323186,76107000
2014-08-25,164.11663818359375,164.43634542484463,163.25588406988837,164.06745437857015,63855000
2014-08-26,164.2232208251953,164.62490943685572,164.18223014913232,164.2232208251953,47298000
2014-08-27,164.15765380859375,164.41998415338935,163.9035291049476,164.3052052460918,47874000
2014-08-28,164.06744384765625,164.17401709076512,163.45262130712962,163.61657148288407,58330000
2014-08-29,164.53468322753906,164.55106948593433,163.80509445393463,164.3215367824584,65907000
2014-09-02,164.45272827148438,164.7724354817768,163.83790575102998,164.74784358164632,72426000
2014-09-03,164.36257934570312,165.1085671218544,164.13304656974861,165.083975217902,57462000
2014-09-04,164.12484741210938,165.24791934669594,163.6739750085389,164.64128988474678,85236000
2014-09-05,164.86268615722656,164.9282687574212,163.46909030174592,164.09210624069203,102177000
2014-09-08,164.43634033203125,164.94460215492762,163.95268291948207,164.70686375988004,64146000
2014-09-09,163.39527893066406,164.40358460796548,163.05917286869717,164.28881820980595,88591000
2014-09-10,164.01010131835938,164.11666207522418,162.9444061895165,163.48544063213586,67251000
2014-09-11,164.1986541748047,164.22324608250509,163.2313266070564,163.35429865415833,66774400
2014-09-12,163.23948669433594,164.05104443917145,162.7722155612275,164.0346581776774,117409300
2014-09-15,163.11651611328125,163.39524517288203,162.6246655836146,163.26408002819892,76401000
2014-09-16,164.34616088867188,164.64127620935088,162.7230328792357,162.81320735245973,116201000
2014-09-17,164.5675506591797,165.32992483992336,163.74778701953247,164.58394943438074,151266000
2014-09-18,165.4447021484375,165.46929405669965,164.85447133294468,165.06760537408363,94990000
2014-09-19,165.29562377929688,166.28393592234139,164.95794658890986,165.97097816007093,121649000
2014-09-22,164.01904296875,165.03207450779917,163.67313435800284,165.00736764753654,125553000
2014-09-23,163.08013916015625,164.10963352713458,163.03072544127247,163.42604775941257,111393000
2014-09-24,164.35675048828125,164.46382194723134,162.67662084492298,163.10488154657799,107276000
2014-09-25,161.70465087890625,163.9365990184551,161.64700575964525,163.92835502494404,150300000
2014-09-26,162.989501953125,163.39306816711328,161.77058444951697,162.00119012406265,103547000
2014-09-29,162.69302368164062,162.9812870876513,161.46587462461167,161.5894089031488,95112000
2014-09-30,162.26478576660156,163.31898698069193,161.92710860208533,162.81659323279968,131302000
2014-10-01,160.06578063964844,162.0588801194212,159.7033966311317,162.00122240576206,177798000
2014-10-02,160.09043884277344,160.6504775460409,158.41854159375413,159.92570974928026,157285000
2014-10-03,161.85296630859375,162.19887485739335,160.6669869600991,161.16113664392648,121569000
2014-10-06,161.66354370117188,162.74246428599938,161.07879797519814,162.52832142826045,104778000
2014-10-07,159.1680145263672,161.19406438405736,159.13507624566202,160.83168046096915,147913000
2014-10-08,161.95179748535156,162.1824031898958,158.42681021066826,159.25863703298376,186461000
2014-10-09,158.73974609375,161.9188241229382,158.60796784339496,161.69644989634725,210705000
2014-10-10,156.92788696289062,159.4892695672391,156.8867172399929,158.69862489495964,221909000
2014-10-13,154.3500213623047,157.43026020383087,154.25942536302045,156.86198991785034,230939000
2014-10-14,154.5888214111328,156.33485183590665,154.04524554586172,155.18181097923474,215847000
2014-10-15,153.54293823242188,154.58067684324755,149.8285262000406,152.49698075592724,380715000
2014-10-16,153.41111755371094,154.49002550908168,150.62736110062792,150.76737080955473,270391000
2014-10-17,155.2230682373047,156.27726963050043,154.5230069301812,155.1818859426965,214625000
2014-10-20,156.7301483154297,156.85368255224213,154.89353478145662,154.9429484761816,130011000
2014-10-21,159.83511352539062,159.9421723470982,157.7019925795261,157.86670909274608,154949000
2014-10-22,158.69854736328125,160.52692955439898,158.63265824493615,160.11513199004028,151822000
2014-10-23,160.54345703125,161.5894267845268,159.99164958094144,160.2881444493085,154944000
2014-10-24,161.7788543701172,161.82828065533695,160.18108969262954,160.80701773431326,117927000
2014-10-27,161.5564727783203,161.795309909042,160.6258059773351,161.2023202299979,82954000
2014-10-28,163.40956115722656,163.41779258682135,162.02591439415147,162.10004752877677,106736000
2014-10-29,163.16246032714844,163.99428703021516,162.08355252832857,163.52484425864415,142557000
2014-10-30,164.20848083496094,164.67792375230465,162.57775263685213,162.72600636716678,113330000
2014-10-31,166.0862274169922,166.2180056780755,165.35322811943288,166.18505482927137,146903000
2014-11-03,166.17686462402344,166.73690352195615,165.79800517119207,166.30039892001747,93600000
2014-11-04,165.60035705566406,166.03686167541625,164.76851753845796,165.73212278774506,93343000
2014-11-05,166.64630126953125,166.85220013318357,165.91330181761182,166.81101784703924,91709000
2014-11-06,167.3134002685547,167.40399626512124,166.06977574029457,166.68747228950224,107089000
2014-11-07,167.46983337402344,167.68397615414074,166.86861243836665,167.32982370775073,89540000
2014-11-10,167.99697875976562,168.0463924708541,167.2969302408988,167.5028290818128,66319000
2014-11-11,168.16165161132812,168.26872300223567,167.72514718741,168.0628242148379,54499400
2014-11-12,167.9805145263672,168.2111202209386,167.44517000413023,167.4781208559649,90120300
2014-11-13,168.1699676513672,168.69706827023788,167.362847577768,168.14526079165998,85357900
2014-11-14,168.21107482910156,168.41697361276903,167.78280184029524,168.09577201293038,80417500
2014-11-17,168.3181915283203,168.49115209558295,167.7252018220895,167.88993095931818,80441000
2014-11-18,169.2899627685547,169.5946889115042,168.37577177264325,168.37577177264325,76068100
2014-11-19,169.01821899414062,169.29000693594892,168.2605128686749,169.09233955088845,82373000
2014-11-20,169.31471252441406,169.42178392807256,168.16167163743387,168.22756076529555,72840300
2014-11-21,170.22068786621094,171.17606152737287,169.64417361105055,171.01134496405106,142327300
2014-11-24,170.69834899902344,170.80542040424424,170.41009819837205,170.62422844174733,65880800
2014-11-25,170.57485961914062,171.13489851089676,170.3195470321889,170.92899964179765,79108300
2014-11-26,171.01138305664062,171.11021050323376,170.50898925800718,170.72311958131596,62167800
2014-11-28,170.64891052246094,171.20071775830334,170.4100734613303,170.88776015065608,57890100
2014-12-01,169.46299743652344,170.10540089037895,169.15003970712553,169.99009802858615,103968400
2014-12-02,170.55838012695312,170.76427899114628,169.47947208931203,169.50417894764968,74507200
2014-12-03,171.21726989746094,171.43140020569837,170.5666349747321,170.7313515631509,68952000
2014-12-04,171.02781677246094,171.5302104485588,170.23715969134693,170.92897678290421,91316600
2014-12-05,171.30783081054688,171.6949216259169,170.93721542076452,171.20075939482868,91025500
2014-12-08,170.1630096435547,171.40663390699493,169.60295835665593,170.9124843130951,108588200
2014-12-09,170.0477752685547,170.15484671218144,167.93937265820907,168.31821957599914,125180100
2014-12-10,167.32164001464844,169.6441724457895,167.13220402941477,169.58652730420354,159856400
2014-12-11,168.1699676513672,169.81715865622184,167.77464532898168,167.9146550563459,159012800
2014-12-12,165.45208740234375,167.86522857588625,165.41914911426142,166.89337942202513,202330200
2014-12-15,164.31552124023438,166.80278298069896,163.71430008953348,166.3498029765809,189965800
2014-12-16,162.99777221679688,166.69570760124464,162.956589932477,163.54957963889098,259543800
2014-12-17,166.1933135986328,166.64629359121042,163.31072964031722,163.4342764930577,253910100
2014-12-18,170.3030548095703,175.40111231645395,167.9475714766781,168.622925732917,257633900
2014-12-19,171.02764892578125,171.6984409808654,170.27403773255713,170.95310664688475,245084600
2014-12-22,171.81439208984375,171.81439208984375,170.97797433698753,171.21812963594104,148318900
2014-12-23,172.04627990722656,172.44378401935393,171.75642552429184,172.39409758489148,122167900
2014-12-24,172.06289672851562,172.53493063077946,172.02148714217594,172.26993202378242,42963400
2014-12-26,172.61767578125,172.95721655262864,172.46032700249276,172.5100134302211,57326700
2014-12-29,172.84962463378906,173.0566599246367,172.36930124265078,172.43555405209378,79643900
2014-12-30,171.92208862304688,172.55974813920923,171.84754632417165,172.42725517367154,73540800
2014-12-31,170.21609497070312,172.4106761947052,170.09187887571926,172.2450505225838,130333800
2015-01-02,170.1250457763672,171.32586066169316,169.0898692451774,170.91179004921725,121465900
2015-01-05,167.05259704589844,169.2471655561333,166.7461889314505,169.0815398898487,169632600
2015-01-06,165.47914123535156,167.88074508876025,164.68412031268113,167.35901221336937,209151400
2015-01-07,167.54122924804688,167.8807701425897,166.35699350286723,166.80418415106138,125346700
2015-01-08,170.51422119140625,170.72954593158084,168.93248153754053,168.94903525876288,147217800
2015-01-09,169.14784240722656,170.94490731936722,168.5350133617519,170.92834095694033,158567300
2015-01-12,167.82276916503906,169.43765422966325,167.21822977118725,169.28030541730055,144396100
2015-01-13,167.35079956054688,170.16647499563192,166.05061162189284,169.04020229431114,214553300
2015-01-14,166.34039306640625,166.53915144512624,164.44395583561231,165.33833694878177,192991100
2015-01-15,164.81661987304688,167.29275329332586,164.70068064236253,166.9780683165703,176613900
2015-01-16,166.9780731201172,167.1354219312357,164.42739733525644,164.60958936534854,211879600
2015-01-20,167.3341522216797,167.88072826145347,165.7689663888203,167.61571710165006,130991100
2015-01-21,168.17886352539062,168.65918678671582,166.4066424201559,166.87039932448977,122942700
2015-01-22,170.67984008789062,170.8123330247463,167.55774543821306,168.93246232905992,174356000
2015-01-23,169.74403381347656,170.6798370329486,169.61152824256558,170.42310275064852,117516800
2015-01-26,170.1415252685547,170.23262126224506,168.81650756701595,169.52870916229736,92009700
2015-01-27,167.89732360839844,169.04014968220312,167.0691825456615,168.08779251462758,134044600
2015-01-28,165.74412536621094,169.18090517407325,165.55365649034815,169.08153230604532,168514300
2015-01-29,167.27622985839844,167.53295158450695,164.535072128723,165.9429221459114,173585400
2015-01-30,165.17276000976562,167.42530508736746,164.90776139639405,166.10028674764584,197729700
2015-02-02,167.21820068359375,167.30929668351396,163.8559508188736,165.669581321377,163107000
2015-02-03,169.63644409179688,169.64473359129488,167.74000626227811,168.11266728315633,124212900
2015-02-04,168.99046325683594,170.08361552524215,168.534983145,168.8745240134986,134306700
2015-02-05,170.69639587402344,170.84546780487813,169.57841325653533,169.6529429037491,97953200
2015-02-06,170.22433471679688,171.62389461456883,169.7026019974931,171.0607523302302,125672000
2015-02-09,169.46249389648438,170.29891174267553,169.0567002644991,169.57843312899038,87219000
2015-02-10,171.26783752441406,171.5245592115905,169.5038931575931,170.4976724628847,96164200
2015-02-11,171.3671875,171.7978242989837,170.4562401071207,171.10218898738265,91087800
2015-02-12,173.01522827148438,173.07320421101406,171.40035573613238,172.16224399290283,97545900
2015-02-13,173.72740173339844,173.77708816692638,172.88269445414045,173.13942875474757,93670400
2015-02-17,174.00070190429688,174.1746170702164,173.1642840631735,173.41271624816068,76968200
2015-02-18,174.0172882080078,174.09181787204656,173.36304968207656,173.62806089167654,80652900
2015-02-19,173.89300537109375,174.25738935272804,173.28018925327794,173.42097167592283,91462500
2015-02-20,174.93649291992188,175.01102257016245,172.85785111829873,173.47895680982546,140896400
2015-02-23,174.91165161132812,174.91165161132812,174.307099633419,174.68805002173943,74411100
2015-02-24,175.4084930419922,175.60725137428508,174.53894271329543,174.83707389352216,72472300
2015-02-25,175.25946044921875,175.76462689715748,174.9199196518574,175.284303664984,73061700
2015-02-26,175.0524444580078,175.32573249787598,174.44789244416535,175.1683836897917,72697900
2015-02-27,174.4562225341797,175.21811089695592,174.40653608562948,174.95309965611298,108076000
2015-03-02,175.55760192871094,175.6155652234063,174.50585939965265,174.55554583408522,87491400
2015-03-03,174.83712768554688,175.60730540326986,173.97586658681115,175.12698209643352,110325800
2015-03-04,174.1000518798828,174.31537659378927,173.13112857658436,174.24083431166872,114497200
2015-03-05,174.29054260253906,174.57210748101213,173.7853761387244,174.42303554530858,76873000
2015-03-06,171.83921813964844,173.8598837386368,171.50796687009418,173.42924697907551,188128000
2015-03-09,172.55145263671875,172.90754718755318,171.88066047431653,172.03800928010043,89818900
2015-03-10,169.75233459472656,171.2678341049669,169.71092501842804,171.18502758879842,157121300
2015-03-11,169.35482788085938,170.18296884849192,169.27200872952477,170.00905368526062,110145700
2015-03-12,171.5080108642578,171.57425102601943,169.93453533919217,169.98422177872797,93993500
2015-03-13,170.45623779296875,172.19532604836107,169.42106169936847,171.23469223718448,162410900
2015-03-16,172.733642578125,172.82473858898433,170.48109816090155,171.18502302994446,136099200
2015-03-17,172.2201690673828,172.60110676504362,171.40858197224705,171.99656750962697,94510400
2015-03-18,174.29054260253906,174.96133472213626,171.11047188394753,171.74814392695924,228808500
2015-03-19,173.49554443359375,174.29884223735098,173.1063171416112,173.8764948644553,117917300
2015-03-20,175.02696228027344,175.5343837524502,174.26167316848532,174.4446784661776,177715100
2015-03-23,174.6859130859375,175.60925341996233,174.6859130859375,175.0352833889691,71784500
2015-03-24,173.70436096191406,175.01865340630465,173.63781242033892,174.56115280883478,77805300
2015-03-25,171.15896606445312,174.1452738475566,171.11738432267245,173.91236024509163,159521700
2015-03-26,170.7513427734375,171.66635670565452,169.7947217212742,170.49347509533237,153067200
2015-03-27,171.14227294921875,171.31695173779872,170.4435197163953,170.63485150385748,118939000
2015-03-30,173.2301788330078,173.52964087435808,172.15711392232274,172.17374153535073,96180400
2015-03-31,171.71624755859375,173.10542766496235,171.65802552080422,172.40667436163744,126768700
2015-04-01,171.10899353027344,171.70791762382157,170.11910474530265,171.6829635109933,137303600
2015-04-02,171.7245635986328,172.17375033720432,170.85944534924582,171.04245064458402,86900900
2015-04-06,172.88084411621094,173.39657946848428,170.70143323496615,170.83451763072776,114368200
2015-04-07,172.4232940673828,173.6544101425023,172.39002614874036,172.9057613911213,81236300
2015-04-08,173.00563049316406,173.44650353315095,172.25698151393598,172.64794631435277,89351900
2015-04-09,173.77090454101562,174.0038181004718,172.3484690666825,172.83925030319102,85548900
2015-04-10,174.7191619873047,174.76075640541168,173.82078855893224,174.02042145731085,72722900
2015-04-13,173.92892456054688,175.2099616006904,173.87901633430343,174.57775688738096,74436600
2015-04-14,174.26170349121094,174.4447088207474,173.10544946886912,173.72932781242415,75099900
2015-04-15,175.0435791015625,175.55100054245278,174.6443006097776,174.72748944644854,99529300
2015-04-16,174.99365234375,175.5010737309011,174.51118506639048,174.7108306375564,68934900
2015-04-17,172.98057556152344,174.04532636128386,172.19864641639262,173.80409911300112,191113200
2015-04-20,174.5611572265625,174.89388725002235,173.82082213545306,173.90399829489962,92189500
2015-04-21,174.35317993164062,175.401290821746,174.05371786406258,175.24323963429708,72559800
2015-04-22,175.20997619628906,175.3929815029831,173.7708878579371,174.69422819886228,78264600
2015-04-23,175.6508026123047,176.29963482126482,174.6941819093684,174.81063864705786,102585900
2015-04-24,176.0584259033203,176.32462003232672,175.60923917666534,176.06675240287345,61327400
2015-04-27,175.32643127441406,176.7488665984701,175.13509946927405,176.6240960236707,79358100
2015-04-28,175.8837432861328,175.9336515110271,174.12856545128815,175.3014595076419,86863500
2015-04-29,175.1600799560547,175.75899145469907,174.35319632844374,174.99370225288143,125684900
2015-04-30,173.40484619140625,174.97701851659326,172.70609306356445,174.58605388663588,161304900
2015-05-01,175.28482055664062,175.32641497531887,174.08697237858064,174.1867888291408,103399700
2015-05-04,175.78392028808594,176.36620404488573,175.60091500840113,175.7090452606993,70927200
2015-05-05,173.77090454101562,175.90041988764432,173.62949364369132,175.54272304737,113326200
2015-05-06,173.05548095703125,174.62765344280064,171.99072989221568,174.31987760631245,135060200
2015-05-07,173.7459716796875,174.1702171164001,172.62299817196038,172.95572824250797,88244900
2015-05-08,176.03343200683594,176.2330775584709,175.33469161536124,175.41788043508376,155877300
2015-05-11,175.19329833984375,176.25804933631173,175.11843601028733,175.99186793361127,75708100
2015-05-12,174.66925048828125,175.20995252786722,173.53795087828436,174.36147464716103,119727600
2015-05-13,174.7025604248047,175.70076314404608,174.46964688007623,175.07688485791567,94667900
2015-05-14,176.5242462158203,176.61574885099893,175.44285489811853,175.71736280365437,95934000
2015-05-15,176.71556091308594,176.85697176525187,176.23309363890243,176.71556091308594,76510100
2015-05-18,177.26461791992188,177.51415907420704,176.48268845559923,176.54923699435392,74549700
2015-05-19,177.2063751220703,177.65557456500738,176.9235533648642,177.38106661495368,72114600
2015-05-20,177.0816192626953,177.8302681393417,176.76551686494682,177.30620630998737,76857500
2015-05-21,177.59735107421875,177.80531050170612,176.77382717194772,176.94020486820656,64764600
2015-05-22,177.1730499267578,177.63055033611803,177.1065014125453,177.2146316419133,57433500
2015-05-26,175.2681884765625,177.1065552486118,174.85226965592858,176.68230992815077,124308600
2015-05-27,176.93191528320312,177.16482887515778,175.31814775834687,175.7257528906869,93214000
2015-05-28,176.73226928710938,176.8403995728642,176.04184237155204,176.6241263085167,74974600
2015-05-29,175.6342010498047,176.70726603429128,175.3680196018721,176.66568430602715,124919600
2015-06-01,175.99188232421875,176.63238811990755,175.20162647150613,176.29965816611687,93338800
2015-06-02,175.8172149658203,176.50764177283756,174.9105149284553,175.5343931970188,91531000
2015-06-03,176.28302001953125,176.9068982101551,175.7922388891874,176.34956854967123,87820900
2015-06-04,174.7940216064453,176.23309695766497,174.47791928810233,175.57595090371493,151882800
2015-06-05,174.4945526123047,175.16833894364447,173.8373938918091,174.644277266899,121704700
2015-06-08,173.42152404785156,174.53619623751186,173.34666169944614,174.38645884786473,89063300
2015-06-09,173.39657592773438,173.93727807931117,172.76438380905586,173.39657592773438,105034700
2015-06-10,175.47618103027344,175.858832002378,174.1036537400769,174.1618757856882,134551300
2015-06-11,176.0417938232422,176.424432007937,175.68409705806988,175.9170105686235,73876400
2015-06-12,174.69418334960938,175.91698545184602,174.41967546004273,175.21824501994865,135382400
2015-06-15,173.94554138183594,174.22836308758698,172.84750978139104,173.55457673860172,124384200
2015-06-16,174.8938751220703,174.97706396858496,173.62116446597867,173.79584327368917,85308200
2015-06-17,175.17666625976562,175.78391680889797,174.1535096292943,175.17666625976562,126708600
2015-06-18,176.99839782714844,177.46422483733193,175.2099521217295,175.7755955789997,165867900
2015-06-19,176.21267700195312,176.8312356588325,175.83653181049735,176.7560091714565,130478700
2015-06-22,177.11541748046875,177.70053358826098,176.90644653093048,177.1321387277127,70696000
2015-06-23,177.24082946777344,177.57519070489957,176.84797574033792,177.32442296569923,68476800
2015-06-24,175.95361328125,177.34953827886994,175.92853777715825,176.97339296291392,92307300
2015-06-25,175.41859436035156,176.5804724618703,175.34336787105184,176.4550949797041,97107400
2015-06-26,175.3852081298828,176.020475454762,174.83352156232553,175.7780619229963,104174800
2015-06-29,171.70729064941406,175.39354216983332,171.63206415011842,173.9056696624012,202621300
2015-06-30,172.06668090820312,173.2954310829794,171.59022103225652,173.24526734242642,182925100
2015-07-01,173.44590759277344,173.88892503517445,172.66017469354873,173.63815731665525,135979900
2015-07-02,173.287109375,174.08956362412331,172.86916737650563,173.92238937564107,104373700
2015-07-06,172.79393005371094,173.57129600001744,171.79922611887224,171.99984285723042,117975400
2015-07-07,173.88052368164062,174.00590112964602,170.61221548819293,172.99448903687573,173820200
2015-07-08,170.96331787109375,172.82733523135315,170.72927142023497,172.54313779167816,164020100
2015-07-09,171.27264404296875,173.320570256416,171.16398778495102,173.06143547602557,144113100
2015-07-10,173.4291534423828,173.8470953091017,171.3143686171512,173.27033349229785,129456900
2015-07-13,175.34335327148438,175.45200949545605,174.64956816725388,174.6913649093545,106069400
2015-07-14,176.10400390625,176.41328960475772,175.24304455862048,175.30156255048627,81709600
2015-07-15,176.0454864501953,176.6055270618989,175.56902656518767,176.14578842406027,97914100
2015-07-16,177.45816040039062,177.45816040039062,176.8563229520847,177.09872367910233,106683300
2015-07-17,177.608642578125,177.66716058487873,177.04024753606447,177.44982256502612,89030000
2015-07-20,177.70053100585938,178.1936993785049,177.38290384028775,177.83427547271813,70446800
2015-07-21,176.99838256835938,177.82591206552033,176.69746391071664,177.5667773913658,77965000
2015-07-22,176.6807861328125,177.01514736499615,176.27956540876897,176.3129951546989,88667900
2015-07-23,175.68609619140625,176.91484671410856,175.32667218706996,176.81454471375014,90509100
2015-07-24,173.86387634277344,175.84491739079107,173.52952783625315,175.7864121417101,117755000
2015-07-27,172.8524627685547,173.48774283036434,172.4094452278605,172.97785303292287,132361100
2015-07-28,174.97555541992188,175.11765413377742,172.86077045003267,173.68828723981355,123544800
2015-07-29,176.17926025390625,176.4049397326802,174.9588640988521,175.1009628370131,105791300
2015-07-30,176.22108459472656,176.38825885670576,175.050839251715,175.66939805107447,91304400
2015-07-31,175.95361328125,176.7477006715083,175.66941573182365,176.72262516741657,103266900
2015-08-03,175.36009216308594,175.97865089150653,174.40718494905138,175.92014564608382,113965700
2015-08-04,175.0174102783203,175.74462533617725,174.5325959882228,175.28488654775904,81820800
2015-08-05,175.59413146972656,176.6306193101824,175.30992125919204,175.91175866861994,85786800
2015-08-06,174.15638732910156,175.8866600881819,173.57125849064948,175.77799111739955,116030800
2015-08-07,173.82203674316406,174.1480309207651,172.91928069259777,173.99757795629148,117858000
2015-08-10,176.01206970214844,176.09565043501362,174.9337723852112,174.9337723852112,80270700
2015-08-11,174.4239044189453,175.09261413792316,173.66324695417575,174.67467215788415,126081400
2015-08-12,174.6328582763672,174.8167537499092,171.65711371116103,173.119910497788,172123700
2015-08-13,174.41554260253906,175.1594787845437,173.87221039931902,174.47404784482575,89383300
2015-08-14,175.05079650878906,175.12602299512452,174.08116816965813,174.2232668953725,72786500
2015-08-17,176.02874755859375,176.02874755859375,173.9975562639797,174.45729485573594,79072600
2015-08-18,175.5188751220703,176.1039912257194,175.28482868061067,175.75292156352995,71692700
2015-08-19,174.13133239746094,175.543965411561,173.32052403028706,174.77495378843668,172946000
2015-08-20,170.49525451660156,174.10626663748775,170.43673651645807,172.6183941900729,194327900
2015-08-21,165.36288452148438,170.47013476666513,165.10376259857475,168.62282605901513,346588500
2015-08-24,158.4000244140625,165.07037543288203,152.46524267191543,156.71990209767756,507244300
2015-08-25,156.53594970703125,163.3734724970506,156.24338529966698,163.35675125116805,369833100
2015-08-26,162.5459747314453,162.82180517053467,157.4554325277485,160.55656714024025,339257000
2015-08-27,166.56658935546875,166.6919668394145,163.17290274119117,164.6858505688254,274143900
2015-08-28,166.57493591308594,167.04302883764254,165.43813334434464,165.92294751751413,160414400
2015-08-31,165.2291259765625,166.44952176493098,164.67743968505732,165.59691683756594,163298800
2015-09-01,160.29745483398438,162.8051064676503,159.42812845841777,161.42589041638857,256000400
2015-09-02,163.34005737304688,163.3818541142059,160.84076020480347,162.67970202462845,160269300
2015-09-03,163.45709228515625,165.54680194680597,162.96392386610506,164.05056268650245,152087800
2015-09-04,160.98287963867188,162.0444557787715,160.16371697574704,161.2002176188391,207081000
2015-09-08,165.02853393554688,165.17899965322377,163.13944112289605,163.78307522572973,116025700
2015-09-09,162.8218536376953,166.73379774781458,162.45407535790798,166.60842023818014,149347700
2015-09-10,163.70785522460938,164.8530120043565,162.3704359782991,162.6295579280601,158611100
2015-09-11,164.4517822265625,164.5186544606328,162.60447342977204,163.31497975651632,119691200
2015-09-14,163.8415985107422,164.67748241004523,163.35678431859728,164.62733141681923,79452000
2015-09-15,165.88951110839844,166.3325285195203,163.79980152590844,164.3431209155258,113806200
2015-09-16,167.3271942138672,167.51945664961912,165.8476892369299,166.19040461762876,99581600
2015-09-17,166.95111083984375,169.59250738984824,166.5749655837949,167.19352434689554,276046600
2015-09-18,164.22288513183594,166.93682335451308,163.81118080217664,164.4413530496671,223657500
2015-09-21,165.0714569091797,166.09652487853594,164.02117026515552,165.0546487330284,105726200
2015-09-22,162.92892456054688,163.39105340400803,161.79460947395006,162.90371869825682,153890900
2015-09-23,162.6684112548828,163.56745001444625,162.08865093790467,163.09692361831407,92790600
2015-09-24,162.08026123046875,162.54239000769567,160.11412732832267,161.45008912176417,159378800
2015-09-25,162.03831481933594,163.8448036802758,161.16446868667677,163.5423204529536,155054800
2015-09-28,157.9715118408203,161.24841392290182,157.66063109116044,161.13918000723447,178515900
2015-09-29,158.0639190673828,159.42509914181971,157.06404422966952,158.18996114474805,159045600
2015-09-30,161.01319885253906,161.18124220471094,159.17309401717506,159.95450137417293,163452000
2015-10-01,161.43328857421875,161.7357716895095,159.49236059313813,161.39127453747872,131079000
2015-10-02,163.84474182128906,163.86994767897548,158.90418858061045,159.45034541254506,211003300
2015-10-05,166.76034545898438,166.9872110078031,164.96225488960437,165.07148882438455,126320800
2015-10-06,166.18894958496094,167.18882451520955,165.52517407124392,166.6258724160111,110274500
2015-10-07,167.55020141601562,167.9030963385812,165.92855148756115,167.12167607934597,124307300
2015-10-08,169.0625762939453,169.3482512350333,166.8611663774427,167.16364949767825,153055200
2015-10-09,169.16339111328125,169.642315217085,168.53321904661914,169.20540514856876,107069200
2015-10-12,169.3230438232422,169.52469068762636,168.81050334145897,169.2390157491594,56395600
2015-10-13,168.2559356689453,169.86077688392322,168.08789235480089,168.59202229723417,88038700
2015-10-14,167.4493408203125,168.77690504339486,167.15526817132374,168.19714460448515,99106200
2015-10-15,170.02041625976562,170.02881393785458,167.74338905116375,168.1130920211994,134142200
2015-10-16,170.79344177246094,170.81023713021614,169.65912690067984,170.4237387677061,114580100
2015-10-19,170.87742614746094,170.87742614746094,169.83555003601248,170.14643076979868,76523900
2015-10-20,170.65899658203125,171.27236046365508,170.18847016210702,170.44054155017596,78448500
2015-10-21,169.60031127929688,171.23034556267947,169.43225514084543,171.07911042313316,102038000
2015-10-22,172.4654998779297,172.67555724966974,169.60032707126769,170.54977767333122,174911700
2015-10-23,174.35598754882812,174.7256905136304,173.33931721650427,174.13753253366423,144442300
2015-10-26,173.92747497558594,174.2383557315556,173.55777201125318,174.17954634407485,69033000
2015-10-27,173.59146118164062,173.92754793334998,172.91086435496442,173.25536160904352,77905800
2015-10-28,175.56593322753906,175.59113908425056,173.26371284200084,173.9274884368756,135906700
2015-10-29,175.46511840820312,175.83482141928536,174.9441802494331,175.0618118601516,90525500
2015-10-30,174.7089080810547,175.97766279002747,174.54927525080592,175.65837148776131,131076900
2015-11-02,176.77586364746094,176.96911282037263,174.91055334646418,175.0365954494891,86270800
2015-11-03,177.28843688964844,177.84299147541532,176.19613589913698,176.42300146983902,95246100
2015-11-04,176.750732421875,177.70859383324702,176.2129858895414,177.58256449789096,96224500
2015-11-05,176.57423400878906,177.27162607065398,175.68359274114252,176.8094972560585,78408700
2015-11-06,176.4818115234375,176.71708759596183,175.1542600981416,176.2297529116001,110471500
2015-11-09,174.8350067138672,176.0197337302175,173.8855430002248,175.8684857093976,131008700
2015-11-10,175.23829650878906,175.2719128750145,174.08718597286835,174.35605279823582,75874600
2015-11-11,174.5492706298828,175.55754340611824,174.48205073534925,175.50713169043908,67846000
2015-11-12,172.1125946044922,173.97790497820498,172.0957992468074,173.50737854535558,121315200
2015-11-13,170.18006896972656,171.9697618199223,170.09605371636437,171.7008950599256,153577100
2015-11-16,172.7679443359375,172.82676654088328,169.87755349640048,169.99519790629205,117645200
2015-11-17,172.6419677734375,173.96112150855294,172.1462354127648,173.07889073209276,121123700
2015-11-18,175.38111877441406,175.5239562662432,173.07889790260933,173.1208991254109,121342500
2015-11-19,175.22982788085938,175.64994254237146,174.93574248944813,175.26343141259227,88220500
2015-11-20,175.86842346191406,176.54900726249437,175.4903227750232,175.98605507163307,94011500
2015-11-23,175.6667938232422,176.43139295093874,175.2046650180068,175.92726292595165,64931200
2015-11-24,175.90206909179688,176.3053757035368,174.2720216423702,174.6585200725292,98874400
2015-11-25,175.8768768310547,176.22977174622852,175.6163948695075,176.02811201432047,51980100
2015-11-27,176.07847595214844,176.2801356293235,175.4903179198256,175.9692420244015,37317800
2015-11-30,175.3474578857422,176.35573050006636,175.23822397205575,176.23809890874324,112822700
2015-12-01,177.01954650878906,177.1371909479036,175.70039284870492,175.97767012472167,97858400
2015-12-02,175.21304321289062,177.28841094488294,174.96097181798655,176.9691196566122,108441300
2015-12-03,172.75958251953125,175.7339892138497,172.03698465965167,175.46512244925123,166224200
2015-12-04,176.12893676757812,176.42302227616668,172.7596204552769,172.7596204552769,192913900
2015-12-07,175.06182861328125,176.22133665250286,174.0955569562305,175.80122188532042,102027100
2015-12-08,173.88551330566406,175.0114178936216,172.90244621132328,173.4990148690273,103372400
2015-12-09,172.53268432617188,175.33904715900064,171.55801524454498,173.2468843716996,162401500
2015-12-10,172.9780731201172,174.28882931654118,172.36470906838275,172.59997234359287,116128900
2015-12-11,169.62551879882812,171.5244326656426,169.3146251963517,170.8606570674319,211173300
2015-12-14,170.48255920410156,170.60860132073222,168.00388476098058,169.78518000646062,182385200
2015-12-15,172.2722625732422,173.17971202028292,170.45736367916072,171.99498528490597,154069600
2015-12-16,174.79295349121094,175.09543664417558,172.07901561545526,173.39816935138043,197017000
2015-12-17,172.12940979003906,175.1710363696927,172.1126016107863,175.1038164735659,173092500
2015-12-18,169.0629425048828,171.52255250194227,168.90234670875685,171.38732547637363,251393500
2015-12-21,170.45755004882812,170.63505404180987,169.12208496408795,170.23779486925858,99094300
2015-12-22,172.00436401367188,172.30019977404586,170.35616752762274,171.34508541925223,111026200
2015-12-23,174.13427734375,174.17654142054963,172.91714415615968,173.01011996624464,110987200
2015-12-24,173.84693908691406,174.39634644809036,173.62718388075706,173.8807555169008,48539600
2015-12-28,173.44967651367188,173.49192770141318,172.37623066297084,173.15384081635503,65899900
2015-12-29,175.30068969726562,175.6303288679447,174.5146320199485,174.54843554380895,92640700
2015-12-30,174.05819702148438,175.1401032204624,173.91450947796972,175.05557506677826,63317700
2015-12-31,172.31704711914062,174.02441544079304,172.31704711914062,173.38204524222868,114877900
2016-01-04,169.9081573486328,169.91660500659725,167.85424151075537,169.460186429951,222353500
2016-01-05,170.1954803466797,170.65189878350319,169.08823132471886,170.22928386536952,110845800
2016-01-06,168.04864501953125,169.09672202912697,167.0174633249898,167.64292530886155,152112600
2016-01-07,164.01687622070312,166.8822052675258,163.62806476457075,165.0987695370902,213436100
2016-01-08,162.21658325195312,165.5383447431025,161.92920807074745,164.9804896992164,209817200
2016-01-11,162.37716674804688,163.4759685368012,160.44159535409074,163.13786873408287,187941300
2016-01-12,163.687255859375,164.43951009387482,161.55727250549293,163.8224957637583,172330500
2016-01-13,159.60479736328125,164.70153370781395,159.2244464071734,164.3549862801032,221168900
2016-01-14,162.2250213623047,163.34917904316922,158.61589779958007,160.2133823150846,240795600
2016-01-15,158.74264526367188,159.5456111894306,156.80707422590876,157.86361173274562,324846400
2016-01-19,158.9539337158203,160.6866575988184,157.38180557816526,160.55987827206593,195244400
2016-01-20,156.91696166992188,158.4806425014782,153.00355510783967,156.39292313915038,286547800
2016-01-21,157.79598999023438,159.6385851905549,156.06326591928874,157.3902832034348,195772900
2016-01-22,161.03321838378906,161.23606532350894,159.64704174123105,160.4077435595524,168319600
2016-01-25,158.59901428222656,160.7205377097093,158.40461492283907,160.5261383503218,130371700
2016-01-26,160.76278686523438,161.04171438827436,158.92019115793917,159.25827809042957,141036800
2016-01-27,159.01316833496094,161.91230185213396,158.10876579230634,160.23874959702297,185681700
2016-01-28,159.8414764404297,160.7627742216194,158.19328020408372,160.5599272369545,143798800
2016-01-29,163.73800659179688,163.87324652838623,160.4923254967938,160.61065721701192,210529300
2016-02-01,163.67880249023438,164.4648731839327,162.14893808414905,162.7321489123667,136061600
2016-02-02,160.7289581298828,162.25882253989477,160.20490670034297,162.25037488192345,182564900
2016-02-03,161.6925506591797,162.09825757111477,158.1425861610698,161.7855265032888,205054900
2016-02-04,161.9460906982422,162.91810014463994,160.5599138640015,161.1938364326577,139531800
2016-02-05,158.8610076904297,162.00526495100985,158.22708506365447,161.43051462671764,180788300
2016-02-08,156.7225799560547,157.31423850838584,154.5080809899628,157.01841568081485,191526700
2016-02-09,156.73098754882812,158.0072930610037,154.84612832210112,154.98136821297294,184513100
2016-02-10,156.59580993652344,159.19066006281625,156.4690176624034,157.55937189276221,148214100
2016-02-11,154.55882263183594,155.60691291096063,153.06276129807372,154.11929923772664,219058900
2016-02-12,157.7453155517578,157.76221086969568,155.48855247688485,156.3337826725911,127632400
2016-02-16,160.40777587890625,160.43313175148,158.5905362261157,159.55409807548358,120250700
2016-02-17,163.0279998779297,163.3999032175602,161.44741068450003,161.57420294874984,136009500
2016-02-18,162.3602294921875,163.35760761031935,162.04749851565145,163.29843531898203,102343000
2016-02-19,162.28427124023438,162.43640655386844,160.9741612627622,161.5827283116887,114793000
2016-02-22,164.63389587402344,164.77758342418423,163.79711354371364,163.86473349035154,103640300
2016-02-23,162.55462646484375,164.24508632626424,162.4362818932465,163.97460655778806,111455300
2016-02-24,163.2983856201172,163.57731298613237,160.01890295016887,161.1261518625069,150812200
2016-02-25,165.2762908935547,165.28475144889893,162.98572450597618,163.74642645005426,110728300
2016-02-26,164.89593505859375,166.23984780551964,164.7353392780452,166.14688487697853,129833700
2016-02-29,163.60269165039062,165.85945385668708,163.40829239141104,164.912800528942,125918100
2016-03-01,167.448486328125,167.53301447211405,164.354941977575,164.82826863067214,141799700
2016-03-02,168.20082092285156,168.25153267465475,166.72166797503755,167.13583544341392,102415000
2016-03-03,168.86004638671875,168.87695459773252,167.4485138509449,168.023264053551,95172200
2016-03-04,169.40945434570312,170.18707734864023,168.22613742329827,169.05445926898167,129293600
2016-03-07,169.5447235107422,169.95044329460436,168.4121181328031,168.48818575583124,100219000
2016-03-08,167.693603515625,168.9783565481332,167.53302067159788,168.47122635698474,123974900
2016-03-09,168.52195739746094,168.86849188710752,167.71897859938895,168.50504918666311,94801200
2016-03-10,168.6572265625,169.95044061956992,166.8315391526143,169.01223459208887,156838700
2016-03-11,171.37881469726562,171.42107877289033,168.64027799850288,170.1109698116354,137964500
2016-03-14,171.15911865234375,171.6155372939866,170.54210420619282,170.87174347437642,73612000
2016-03-15,170.88015747070312,171.18444080425203,169.9335039428563,170.19552319451483,93169100
2016-03-16,171.86912536621094,172.2748451944404,170.3561688104932,170.39843290474928,129303200
2016-03-17,172.95948791503906,173.466618378712,171.38735897298923,171.78461826298835,134278500
2016-03-18,173.63909912109375,173.97892972183823,173.14633567541978,173.4606796292937,138372400
2016-03-21,173.88548278808594,174.11487558474272,173.14634406561157,173.37573686226835,72926700
2016-03-22,173.79202270507812,174.36124610349137,172.9509374130184,173.1123485254018,97471900
2016-03-23,172.6450958251953,173.59663195994312,172.47516754652673,173.40972122437373,81052500
2016-03-24,172.56861877441406,172.60260961481538,171.396194054714,171.6170826624935,84360900
2016-03-28,172.67051696777344,173.19725813343368,172.22023572028272,172.98486082938322,62408200
2016-03-29,174.267822265625,174.3782730668679,171.95693741492593,172.26279020292168,92922900
2016-03-30,175.03248596191406,175.7546294795921,174.66715562403266,175.27037005758575,86365300
2016-03-31,174.60760498046875,175.36373897535995,174.44618093149683,174.9389443048884,94584100
2016-04-01,175.79702758789062,175.98393828288175,173.29923281274102,173.613589689065,114423500
2016-04-04,175.22784423828125,175.92451389007496,174.92199148251703,175.7206077316629,63497000
2016-04-05,173.47769165039062,175.23633527129175,173.2228121935869,173.88549100305198,99662200
2016-04-06,175.37229919433594,175.43177669417892,173.29929831271116,173.47771784853052,91839800
2016-04-07,173.2738037109375,174.6416435437733,172.54315610525424,174.28481745221296,113859000
2016-04-08,173.74102783203125,174.88797867801816,173.20578237541002,174.4546797983895,95040600
2016-04-11,173.33326721191406,175.07492841823893,173.23981184092958,174.37825875022577,83757500
2016-04-12,174.94744873046875,175.22781478977706,173.06135921418053,173.50314933463957,115350600
2016-04-13,176.7146453857422,176.7996095353536,175.72911829056997,175.8650557444646,96336400
2016-04-14,176.72311401367188,177.22438169033626,176.37479215771472,176.77410027514344,65212900
2016-04-15,176.52772521972656,176.85906464361813,176.20487702485997,176.72312719696814,75761600
2016-04-18,177.7681121826172,177.80209005868852,175.86502702994795,176.52770580484832,82531000
2016-04-19,178.32884216308594,178.583721621976,177.5132434510871,178.19291768689132,88316100
2016-04-20,178.498779296875,179.19543602443457,177.89556497971103,178.3713330792558,81100300
2016-04-21,177.5386962890625,178.62616967376115,177.2668214610352,178.5157189044119,85695000
2016-04-22,177.5386962890625,177.8105581533845,176.63813360770632,177.18187030005564,99251700
2016-04-25,177.2328643798828,177.27534644720865,176.32379740119583,176.93550287230877,66166500
2016-04-26,177.49618530273438,178.00594404036494,177.02041739492088,177.5981318647792,75864200
2016-04-27,177.86154174804688,178.25234560286344,176.75707296217792,177.11389894585156,77329400
2016-04-28,176.24732971191406,178.20987927726677,175.83103917605519,177.10542335757836,97216200
2016-04-29,175.29583740234375,175.97551172812186,174.19136824341803,175.62717685365052,142424100
2016-05-02,176.6891632080078,176.86756977751688,175.36380540824536,175.79709146933402,62188000
2016-05-03,175.15135192871094,175.69508862030605,174.40370911637817,175.45720462796479,106422100
2016-05-04,174.17433166503906,174.88799666851617,173.67307699165534,174.15734920959673,92243800
2016-05-05,174.14036560058594,174.9984463520497,173.71557083900257,174.64162030796456,67619200
2016-05-06,174.77755737304688,174.82003944185675,173.21431576501837,173.36723565628523,89315000
2016-05-09,174.92201232910156,175.35529838319349,174.47173085218958,174.650150382527,74374900
2016-05-10,177.096923828125,177.1139192474971,175.55916894946716,175.62713766324902,77472200
2016-05-11,175.4402618408203,177.1734190140535,175.4402618408203,176.63818635257326,81727000
2016-05-12,175.4911651611328,176.28128995768517,174.4801518117173,176.11136172533998,89586300
2016-05-13,173.96197509765625,175.74611857922153,173.63913984035443,175.19389048258486,96474600
2016-05-16,175.67808532714844,176.15385329050272,174.07236196897537,174.131839446247,77486800
2016-05-17,174.0384063720703,175.69510322923796,173.51165209062506,175.4062459236203,114924900
2016-05-18,174.0894317626953,175.27036094901953,173.00195796365043,173.6901235592027,120062100
2016-05-19,173.48619079589844,173.77504814372764,172.279775139928,173.36724877245652,115430500
2016-05-20,174.58213806152344,175.1003881365985,174.04689256787208,174.09786585989488,104990400
2016-05-23,174.34425354003906,174.87948606839956,174.1573428273716,174.59911999939837,58682600
2016-05-24,176.60421752929688,176.91857455273464,175.1344308887631,175.15991754421606,93537800
2016-05-25,177.80206298828125,178.21836644808795,176.60413886076603,177.28381295207498,76621400
2016-05-26,177.85305786132812,178.16741478288665,177.5387139034762,177.93802199444266,55280700
2016-05-27,178.61773681640625,178.62622804616743,177.96354914092882,178.01452244691492,64211200
2016-05-31,178.27792358398438,179.0000801118775,177.71719119505877,178.889629287592,109879400
2016-06-01,178.64317321777344,178.82157973853978,177.47073565505667,177.66613759427415,69936200
2016-06-02,179.18692016601562,179.20390262173052,177.76810729142292,178.24387532557296,63044700
2016-06-03,178.651611328125,178.99994600242348,177.44519625090538,178.626124689879,101757100
2016-06-06,179.56072998046875,179.9175559829688,178.84706501176282,179.00848907654503,64887000
2016-06-07,179.84109497070312,180.40182713900126,179.68817508682545,179.7136617341384,60974800
2016-06-08,180.4273223876953,180.55476859404234,179.84960773611868,179.97704097875845,66170900
2016-06-09,180.18096923828125,180.29991126724124,179.42483499052656,179.69669692941702,73786900
2016-06-10,178.4733123779297,179.14448252891103,177.92956253123813,178.80465183843867,113829200
2016-06-13,177.096923828125,178.72813406776956,177.01197265867765,177.8700533632236,117751200
2016-06-14,176.7485809326172,177.34330391003104,175.7970449106847,176.71460305913646,125059300
2016-06-15,176.50218200683594,177.87002133660437,176.31527131851695,176.74855720669046,109124500
2016-06-16,177.02894592285156,177.19887418033667,174.66708833731502,176.50220462302434,149533100
2016-06-17,176.36965942382812,176.95037835738,175.71206989991128,176.9247591709658,117055700
2016-06-20,177.50552368164062,179.00857269505818,177.42011769051902,178.33391227724638,82789600
2016-06-21,178.00941467285156,178.41933482975003,177.4457663126619,177.8898540841259,72461700
2016-06-22,177.71902465820312,178.91463034063102,177.57383186786404,178.188718513434,95560500
2016-06-23,180.03335571289062,180.08459408836288,178.7181896283184,179.17934803869173,102731400
2016-06-24,173.56849670410156,180.06749458914365,173.12440913565385,173.9015591226571,333444400
2016-06-27,170.45994567871094,172.16796111424463,169.64862792193355,172.15941269714784,230775800
2016-06-28,173.53436279296875,173.55998198159097,171.75802520546267,172.06546850005265,159382400
2016-06-29,176.4892120361328,176.71978470349455,174.8324352231808,174.93491196423045,137328600
2016-06-30,178.89752197265625,178.94876034756433,176.40382115518798,176.95893395597878,165021900
2016-07-01,179.27325439453125,179.76004492870024,178.73522549489613,178.8974890062858,106055300
2016-07-05,177.98377990722656,178.5559636054388,177.3859770158948,178.4449384145037,109803700
2016-07-06,179.05128479003906,179.1708453650106,176.8308592192818,177.48844889718785,96021500
2016-07-07,178.9402313232422,179.89671577185584,178.1716296100524,179.23059081212514,85593800
2016-07-08,181.6047821044922,181.85245170299035,180.00779143653753,180.23837722762588,133971000
2016-07-11,182.24525451660156,182.81745119494929,181.86095362292923,182.0659201807459,73633900
2016-07-12,183.5689697265625,183.8678776620478,182.27087425209353,183.21028802265488,101275600
2016-07-13,183.54335021972656,183.99597329991124,183.05657256209142,183.98743791332976,87324100
2016-07-14,184.56813049316406,185.03783731031177,184.17529426872974,184.80725159441695,91230900
2016-07-15,184.3204803466797,185.32820316074802,183.87639270145345,185.1317850417746,107155400
2016-07-18,184.81581115722656,184.97807470667493,184.18384076230222,184.4400456808458,58725900
2016-07-19,184.62791442871094,184.66206900073772,184.1496722336013,184.39732871638222,54345700
2016-07-20,185.39657592773438,185.6356971024604,184.62797401341882,184.62797401341882,58159500
2016-07-21,184.69622802734375,185.50753264431123,184.25214042488253,185.28549535864153,67777300
2016-07-22,185.52462768554688,185.57586605987336,184.55105947997558,184.81579976807757,62787500
2016-07-25,185.02076721191406,185.37091350436867,184.4400482176101,185.31967512617993,55873100
2016-07-26,185.10618591308594,185.4648676161722,184.26071352151683,184.9183031594039,70080500
2016-07-27,184.90972900390625,185.55023470322453,184.1411143460512,185.4819125315626,84083900
2016-07-28,185.12319946289062,185.41355886979855,184.25210821104727,184.71326650254105,65035700
2016-07-29,185.42218017578125,185.7808619089567,184.57672074441257,184.85854489857735,79519400
2016-08-01,185.26846313476562,185.87480140452143,184.8158400214689,185.48196509504243,73311400
2016-08-02,184.08135986328125,185.1744886620766,183.24443597726173,185.02076050196183,92295500
2016-08-03,184.61936950683594,184.67915629791753,183.72267188959395,184.0215667516337,53993600
2016-08-04,184.81581115722656,185.13178983912698,182.97115138106105,184.7304051740042,46585500
2016-08-05,186.32737731933594,186.37008030679934,184.81579320588517,184.81579320588517,71892200
2016-08-08,186.21641540527344,186.6178001396486,185.95167505518037,186.51531033587415,39906500
2016-08-09,186.32737731933594,186.82270330544242,186.00286328308303,186.28468736299476,51251700
2016-08-10,185.86622619628906,186.5152673252711,185.51607992898232,186.43840976350796,57941100
2016-08-11,186.7288055419922,186.97647510843117,186.13100267129929,186.39574301181148,72504300
2016-08-12,186.56654357910156,186.78004552207213,186.16515888382693,186.42135079049206,61313500
2016-08-15,187.1045684814453,187.45471481198098,186.92523413828076,186.93376952519927,49813500
2016-08-16,186.13951110839844,186.75438462109534,186.13951110839844,186.68607547722425,53213600
2016-08-17,186.48965454101562,186.62629889847904,185.33675198161646,186.17367586661427,75134300
2016-08-18,186.9081268310547,186.94228140555919,186.35302703527333,186.46403917575554,52989300
2016-08-19,186.63479614257812,186.81414345398696,185.9516005571285,186.43837806331737,75443000
2016-08-22,186.62632751464844,186.85691327433418,186.02852464798647,186.3957417549627,61368800
2016-08-23,187.0021209716797,187.54015014760185,186.94233416052072,187.2412421540613,53399200
2016-08-24,186.04556274414062,186.95080872426826,185.6270943247268,186.8568673660783,71728900
2016-08-25,185.91748046875,186.33594894822622,185.5075604065047,185.66127554317524,69224800
2016-08-26,185.56732177734375,187.13015738473075,184.67915952994585,186.10535078200306,122506300
2016-08-29,186.48114013671875,186.7458804646386,185.66128693081814,185.69545453958983,70502200
2016-08-30,186.1736602783203,186.6775216442648,185.618560540398,186.39569756726482,58114500
2016-08-31,185.64418029785156,185.96015894676873,184.86703023747037,185.8405984014118,85269500
2016-09-01,185.65272521972656,185.9430846974916,184.4912742775436,185.63564141776308,97844200
2016-09-02,186.48965454101562,186.9166583847464,185.91747095415118,186.50673834347933,79293900
2016-09-06,187.05331420898438,187.1301717780979,186.0541267171368,186.77149009111085,56702100
2016-09-07,187.03622436523438,187.21557171849793,186.42988618697717,186.89104461788935,76554900
2016-09-08,186.60919189453125,186.97642193066534,186.3017486440252,186.70313324971704,74102900
2016-09-09,182.14271545410156,185.34524352453582,182.1170962720277,185.29400516038808,221589100
2016-09-12,184.75607299804688,185.15745776883043,181.31442207240428,181.38274427074265,168110900
2016-09-13,182.10000610351562,183.73969885448503,181.47658430965947,183.47495862823595,182828800
2016-09-14,182.03170776367188,183.3554220992557,181.4766080573567,182.15126830185304,134185500
2016-09-15,183.85073852539062,184.23503930455087,181.69010053449708,181.8694478480362,134427900
2016-09-16,183.14007568359375,183.41474488225282,182.45342888084258,183.23449158351426,155236400
2016-09-19,183.17442321777344,184.43615706862911,182.8482568055404,183.7924158425578,80250500
2016-09-20,183.18301391601562,184.18724872391758,183.14868681099702,184.0327571059094,69665300
2016-09-21,185.2429962158203,185.42323643914656,183.20018637179064,183.88684635353547,110284400
2016-09-22,186.4102325439453,186.71065026817624,186.00683354124078,186.2557409808174,76678700
2016-09-23,185.3888702392578,186.15277586990874,185.29445434796625,186.01544128313066,73630900
2016-09-26,183.88682556152344,184.73655556931107,183.68940216236516,184.55631536636452,89827300
2016-09-27,185.02838134765625,185.12278414433544,183.35464386091715,183.72372893489282,78494800
2016-09-28,185.94677734375,186.10128203089897,184.29022306305555,185.25153899394778,87411000
2016-09-29,184.2644805908203,186.14420704939064,183.71515527343914,185.74079483696008,128070600
2016-09-30,185.65496826171875,186.35878517681044,184.84814384672578,185.09705135284455,117202900
2016-10-03,185.20863342285156,185.43179232349547,184.57347072524445,185.24297362107262,83512100
2016-10-04,184.2644805908203,185.54338452990322,183.6722496696497,185.3202256217932,119948100
2016-10-05,185.0799102783203,185.50907112348864,184.82241115182939,184.89107845869026,72816000
2016-10-06,185.20863342285156,185.43179232349547,184.31598472332772,184.85671842430108,62927400
2016-10-07,184.573486328125,185.654980015392,183.84392076610686,185.48331830062003,89788300
2016-10-10,185.5347900390625,185.99827791502386,185.38887694668674,185.5347900390625,51855000
2016-10-11,183.1915740966797,185.1743080081347,182.4620085896904,185.10564070801541,130367400
2016-10-12,183.4319305419922,183.95550728652148,182.83109489319347,183.32892303528274,73866100
2016-10-13,182.83108520507812,183.32891332078776,181.2861167527466,182.10151967968795,101357000
2016-10-14,182.92547607421875,184.27304713185137,182.8482302815632,183.80954618202418,93346200
2016-10-17,182.29031372070312,183.1572136702012,182.110060453568,182.89971461584213,58275700
2016-10-18,183.4319305419922,183.9469156877419,183.0542669102728,183.88683998103164,76869700
2016-10-19,183.921142578125,184.23013886318134,183.33749020465612,183.69798368773058,66519200
2016-10-20,183.57781982421875,184.13572360059572,182.91690855450392,183.56922822655446,73639800
2016-10-21,183.6636505126953,183.7494879106389,182.6164971231346,183.57782621169983,89089100
2016-10-24,184.44476318359375,184.81384835221098,184.09284811738794,184.53917910143065,60146600
2016-10-25,183.82675170898438,184.52199017077416,183.66366849509308,184.26449104867996,66542300
2016-10-26,183.4576873779297,184.0413398553633,182.76243578999856,183.0027779184741,75705500
2016-10-27,182.9683837890625,184.2129472848537,182.8911380010425,184.17862018916017,77220200
2016-10-28,182.42767333984375,183.62073988076526,181.71527791279635,182.9426715562345,140623200
2016-10-31,182.436279296875,182.9856046590172,182.2731960789508,182.76243263577368,61272500
2016-11-01,181.1144256591797,182.81391175900075,179.90420222663423,182.76240146453398,122781800
2016-11-02,180.02438354492188,181.19170148659722,179.58663113120068,180.80544627520825,103330800
2016-11-03,179.2003631591797,180.4535183218848,178.92570708738964,180.23893794516417,88939300
2016-11-04,179.0029754638672,180.15312328493232,178.85706236092147,179.31197176920767,109122100
2016-11-07,182.95123291015625,182.985573106403,179.0029616433653,179.0029616433653,109794900
2016-11-08,183.77523803710938,184.34173343556697,182.29034533837805,182.55642293848587,106772100
2016-11-09,185.72364807128906,186.34164072452515,182.25602117291444,182.28176977538683,258429000
2016-11-10,186.1871337890625,187.38020037818183,184.72798957960677,186.51330021241645,172113300
2016-11-11,185.7580108642578,185.99833993147277,184.81386469932812,185.4661845822042,100552700
2016-11-14,185.9038543701172,186.48751981254912,185.15711884076237,186.28151793340604,94580000
2016-11-15,187.3544158935547,187.3544158935547,186.0841037412333,186.29009251910088,91652600
2016-11-16,187.0025177001953,187.23426819301946,186.6162756101203,186.73644010696472,65617700
2016-11-17,187.9637908935547,188.0238665756435,187.04538079309785,187.15696675590505,69797200
2016-11-18,187.54324340820312,188.2041546150475,187.36299013471958,188.03249293841097,86265800
2016-11-21,188.95944213867188,188.9851907317127,187.9723778135884,188.11829087313455,72402600
2016-11-22,189.32859802246094,189.5088382412324,188.59901935461593,189.26850921823745,67429000
2016-11-23,189.43161010742188,189.4831073175899,188.61620705354298,188.81361739150404,56620200
2016-11-25,190.13540649414062,190.16973359584355,189.69765409150062,189.77491298999192,37872300
2016-11-28,189.24276733398438,190.1010890457094,189.13977291960137,189.82643290837134,76572500
2016-11-29,189.61184692382812,190.06675636995516,188.9766841608632,189.27710198994313,69886700
2016-11-30,189.1569061279297,190.39289124725988,189.09681733329265,190.2298080583278,113291800
2016-12-01,188.46173095703125,189.45737432856436,188.1012242622388,189.45737432856436,79040500
2016-12-02,188.5561065673828,189.0453562275838,188.1956130215794,188.54752806520293,74840300
2016-12-05,189.68907165527344,190.03239505297432,189.19124356074346,189.38865385957408,67837800
2016-12-06,190.2899169921875,190.32425719424867,189.39726819284246,189.8779262461013,59877400
2016-12-07,192.779052734375,192.83912844099024,190.0152559032895,190.13542041346935,110738100
2016-12-08,193.2510986328125,193.72317812153088,192.4871929499584,192.75328364138,99714400
2016-12-09,194.4184112548828,194.43558135317642,193.43992520330906,193.47426539989627,88005800
2016-12-12,194.1952362060547,194.80465022376663,193.77465396301707,194.32397919017512,102016100
2016-12-13,195.49130249023438,195.98913053789093,194.83898285724317,194.85615295459598,110477500
2016-12-14,193.87767028808594,195.89471801398045,193.43991792822192,195.1909011737838,142501800
2016-12-15,194.67591857910156,195.5342401728347,193.88626428450084,194.11801478195426,124972600
2016-12-16,194.29518127441406,195.1931045537914,193.97573464044092,195.1326615829621,156420200
2016-12-19,194.71823120117188,195.14129244989354,194.32971255495227,194.47648568022888,90341100
2016-12-20,195.46937561035156,195.6161619153892,195.0204271537842,195.25353044595224,89838800
2016-12-21,194.9254608154297,195.51255335726185,194.9254608154297,195.339879855202,67909000
2016-12-22,194.5887451171875,194.8995626941334,194.1915842011451,194.77868992388466,56219100
2016-12-23,194.87367248535156,194.88230155005348,194.44198211565433,194.6319137581081,36697800
2016-12-27,195.35716247558594,195.75431023591776,195.1240459885206,195.14131729197032,42672500
2016-12-28,193.7426300048828,195.63343590620065,193.63039946871237,195.61617777703253,64095000
2016-12-29,193.699462890625,194.16568266616719,193.25913030768334,193.8116934218026,48696100
2016-12-30,192.991455078125,194.11385243836685,192.30074799688836,194.0275091129091,108998300
2017-01-03,194.46780395507812,194.97719522382684,193.29360609669342,194.29511733761686,91366500
2017-01-04,195.62481689453125,195.77159004486924,194.78733649178588,194.79596555681337,78744400
2017-01-05,195.46937561035156,195.62479097927357,194.6750669862593,195.35714508328138,78379000
2017-01-06,196.1687469482422,196.63496675886233,195.03770709401715,195.58164118486133,71559900
2017-01-09,195.5211639404297,196.04782659963823,195.48662134112396,195.90968255069856,46939700
2017-01-10,195.5211639404297,196.3759022481929,195.13263215601918,195.53842206594092,63771900
2017-01-11,196.0737762451172,196.0737762451172,194.77006286354137,195.43486973878854,74650000
2017-01-12,195.5816192626953,195.7715640612507,194.2261184811609,195.55571889690535,72113200
2017-01-13,196.0305938720703,196.33276921767424,195.71977628786865,195.75430571982696,62717900
2017-01-17,195.33987426757812,195.79746496331217,194.95135560552103,195.39167499929997,61240800
2017-01-18,195.7715606689453,195.81473233589497,195.03768185323028,195.59024493741396,54793300
2017-01-19,195.0463409423828,195.98742276213324,194.6146505838759,195.8492786856164,66608800
2017-01-20,195.76287841796875,196.2549983998891,195.09807181516732,195.72833582413674,129168600
2017-01-23,195.25350952148438,195.82334385622627,194.4937435826371,195.76291406722498,75061600
2017-01-24,196.50540161132812,196.91982055105734,195.35710399732747,195.4693345007942,95555300
2017-01-25,198.20631408691406,198.20631408691406,197.29111947648914,197.45516391773648,84437700
2017-01-26,197.9990997314453,198.32718861684924,197.72281158075904,198.05952953056786,59970700
2017-01-27,197.68824768066406,198.22353941160668,197.50693196662186,198.07676629744958,59711100
2017-01-30,196.46229553222656,197.02348775930912,195.4780419879859,196.99758739031424,79737300
2017-01-31,196.4450225830078,196.50546555958636,195.40033924457632,195.97016053183677,75880800
2017-02-01,196.52267456054688,197.36015473939247,195.93558211615368,196.44497347363748,79117700
2017-02-02,196.6522674560547,196.9371847284095,195.83205825184058,196.5227524190861,69657600
2017-02-03,198.00767517089844,198.18899086744995,197.24790931056123,197.55872680883482,80563200
2017-02-06,197.65371704101562,197.99907719005563,197.3169991295408,197.6019163121953,57790100
2017-02-07,197.66236877441406,198.2840038984072,197.47242397685267,198.0422583695369,57931200
2017-02-08,197.92140197753906,198.0509038165239,197.11845105339995,197.662385125425,51566200
2017-02-09,199.09559631347656,199.39777165645472,197.9213980249341,197.9213980249341,65955200
2017-02-10,199.88125610351562,200.10574351134014,199.11284782674448,199.44093670024577,66015900
2017-02-13,200.96913146972656,201.2281483174449,200.34749630486021,200.37339667221764,55182100
2017-02-14,201.7720489501953,201.78069118787627,200.44244858746455,200.78779556699018,71109000
2017-02-15,202.82537841796875,203.0153232127471,201.50440709237412,201.55620782292402,86785800
2017-02-16,202.65272521972656,203.03261484732786,201.90158820324316,202.851299098102,84722400
2017-02-17,202.97213745117188,202.97213745117188,201.97061281627794,201.9878841166429,77204100
2017-02-21,204.18084716796875,204.35352062297562,203.3347248423968,203.34336707833825,88946100
2017-02-22,203.9995574951172,204.22403169784153,203.61103887826502,203.77508329239282,62115200
2017-02-23,204.1376495361328,204.5347971147014,203.37787062180894,204.51753899329475,74615900
2017-02-24,204.396728515625,204.4398870064227,203.24843073375635,203.29160239869657,82381600
2017-02-27,204.7161865234375,204.8888600186721,204.06002197188874,204.31039656385744,56515400
2017-02-28,204.1636199951172,204.57803901152806,203.77510134384804,204.33629348744313,96961900
2017-03-01,207.02139282226562,207.48762570939044,205.80402305205783,205.82129435228447,149158200
2017-03-02,205.7177276611328,206.8401252309685,205.66592692584172,206.83148299232383,70246000
2017-03-03,205.84719848632812,206.01124290613103,205.25146377194582,205.63135333903844,81974300
2017-03-06,205.2342071533203,205.58818318512778,204.62983019715523,205.0528914316423,55391500
2017-03-07,204.62118530273438,205.28599199859568,204.41396923315463,204.9320028200333,65103700
2017-03-08,204.24131774902344,205.17377040129966,204.1031736877656,204.91475357997692,78168800
2017-03-09,204.5003204345703,204.82840926384335,203.5333384208922,204.3621763828615,90683900
2017-03-10,205.21694946289062,205.50186665919932,204.267225475195,205.45869499173256,81991700
2017-03-13,205.32057189941406,205.3637435712909,204.82845172762308,205.15652745076886,57256800
2017-03-14,204.5348358154297,204.8283951986883,203.92184303604526,204.77658130224904,59880800
2017-03-15,206.3048553466797,206.72791671381663,204.87163994697156,205.10475646960998,96081800
2017-03-16,205.8989715576172,206.5206065522453,205.5708959362205,206.44290547145192,78344000
2017-03-17,205.5373992919922,206.35250986082218,205.5373992919922,206.1617387391192,89002100
2017-03-20,205.31198120117188,205.82358873104448,204.9217722924802,205.53743200294863,52537000
2017-03-21,202.67584228515625,206.04033666785944,202.54577708230124,205.91893806804308,131809300
2017-03-22,203.15280151367188,203.43895823568278,202.08622699087275,202.71056652408615,97569200
2017-03-23,202.93601989746094,204.07196696408943,202.56315743254936,203.1528040928162,100410300
2017-03-24,202.78860473632812,203.81181976966536,202.00818693908641,203.23951955970136,112504900
2017-03-27,202.58042907714844,202.84057267880831,200.83748943949763,201.11496624486915,87454500
2017-03-28,204.05465698242188,204.47954558555017,202.164291703388,202.2770237318712,93483900
2017-03-29,204.245361328125,204.47949192913052,203.54298275656367,203.76844675436723,61950400
2017-03-30,204.89572143554688,205.09517239970486,204.01125154367315,204.18467623434705,56737900
2017-03-31,204.41879272460938,205.08647839915892,204.36675341269142,204.55752452869268,73733100
2017-04-03,204.06326293945312,204.67025592884897,202.8319305234059,204.47081821050207,85546500
2017-04-04,204.1933135986328,204.28003254728003,203.3955495506031,203.7770917543247,56466200
2017-04-05,203.58639526367188,205.84962304568137,203.37827764951905,204.86975413896752,108800600
2017-04-06,204.15863037109375,204.67890435947453,203.2828139920876,203.72506209838295,69135800
2017-04-07,203.95054626464844,204.64425826097678,203.4649518366553,203.90718678397994,74412300
2017-04-10,204.07196044921875,204.86972467488317,203.54300650018013,204.08930688910144,67615300
2017-04-11,203.8291778564453,203.93323004030114,202.33770147437562,203.69043279033238,88045300
2017-04-12,202.93601989746094,203.74246398454034,202.71056909761606,203.5516928341111,81864400
2017-04-13,201.61795043945312,203.33489064134773,201.61795043945312,202.59781914979595,92880400
2017-04-17,203.40423583984375,203.40423583984375,201.93877288879145,202.13821059926502,68405400
2017-04-18,202.79727172851562,203.33490552214707,202.11223950353397,202.66720650587894,83225800
2017-04-19,202.4243927001953,203.7337643495707,202.198928690804,203.3609019208942,68699900
2017-04-20,204.07196044921875,204.51420866175764,202.71922923042013,203.0400655952371,92572200
2017-04-21,203.42160034179688,204.0459398398568,203.0227248594819,203.99391375359454,110389800
2017-04-24,205.6588592529297,205.86697687454975,203.39563138971576,205.66752585869997,119209900
2017-04-25,206.85545349121094,207.20230286363807,206.21376759761978,206.30048655645427,76698300
2017-04-26,206.72540283203125,207.70527162641977,206.6820565782447,206.82078840698463,84702500
2017-04-27,206.89886474609375,207.20235471505057,206.36123088339932,207.04627642783714,57410300
2017-04-28,206.44789123535156,207.1849494347533,206.31781280148894,207.15893639427176,63532800
2017-05-01,206.96820068359375,207.3931024699073,206.55197873322894,206.96820068359375,66882500
2017-05-02,207.0462646484375,207.22835597316018,206.6387092797332,207.1069573461924,57375700
2017-05-03,206.79476928710938,207.1416319274124,206.11840367783955,207.04624635526116,73137700
2017-05-04,207.0375518798828,207.1762969261933,206.1877616262789,207.0982577994396,61462700
2017-05-05,207.8526611328125,207.87000757135223,206.96817800766829,207.41042618596828,62001300
2017-05-08,207.81797790527344,208.0434286765807,207.39307617283666,207.89601703017337,48385700
2017-05-09,207.62725830078125,208.27761096590743,207.28039560717198,208.07817318674387,51363200
2017-05-10,208.0000762939453,208.0000762939453,207.37573681053132,207.58385438215467,54293800
2017-05-11,207.5751953125,207.73995340874978,206.49127439660043,207.54918226903493,62358300
2017-05-12,207.2283172607422,207.61852611513942,206.9595070106342,207.323702823502,53912700
2017-05-15,208.37295532226562,208.4943539331432,207.63588382171568,207.65323026082854,61918900
2017-05-16,208.18218994140625,208.69379744200063,207.7919810550454,208.66778439834033,51241800
2017-05-17,204.4882354736328,208.1822340012157,204.4275295379399,208.1822340012157,172174100
2017-05-18,205.31198120117188,206.16177154943827,204.15000784820333,204.41015153115023,107047700
2017-05-19,206.64736938476562,207.31506842781548,205.74555293157917,205.79757902272064,115011400
2017-05-22,207.69662475585938,207.86138287656547,207.08963159914614,207.15899090437756,61010600
2017-05-23,208.15614318847656,208.32090125928147,207.68788201550953,208.0694242360147,48341700
2017-05-24,208.64178466796875,208.7458368492494,208.05212476731114,208.39032081938808,46927700
2017-05-25,209.63897705078125,209.91646716338164,208.94527823219389,209.15338258518736,64071700
2017-05-26,209.59561157226562,209.76035642612135,209.37014756859512,209.44818669380922,46629900
2017-05-30,209.4134979248047,209.6649617278017,209.11867464364815,209.2747528872763,35201900
2017-05-31,209.3614501953125,209.74299239333598,208.6677383108565,209.70829952181367,91796000
2017-06-01,211.0264129638672,211.04375940473994,209.53493660379107,209.82109333663263,68962000
2017-06-02,211.72877502441406,211.88486651709152,210.78359915869203,211.0784224730804,88666100
2017-06-05,211.57269287109375,211.84150313700025,211.3732418990385,211.5553464319028,44698800
2017-06-06,210.89634704589844,211.5640328555531,210.81829467795515,211.00906583255866,50375400
2017-06-07,211.28652954101562,211.5119803176038,210.56680449890564,211.23450345653035,54144300
2017-06-08,211.390625,211.86755292454336,210.86167098031711,211.3819583946296,65950700
2017-06-09,211.0697479248047,212.45715870988985,209.80372251735164,211.65939453138827,132256400
2017-06-12,211.0264129638672,211.07843905502793,210.17662260150766,210.82697520393188,86108100
2017-06-13,212.0583038330078,212.11032992317647,211.21718009139528,211.5640295134911,60067000
2017-06-14,211.7894744873047,212.33576161637254,210.96568402890944,212.32709501261013,78602300
2017-06-15,211.3819122314453,211.50331083741182,210.15924633684702,210.43672319414657,66464900
2017-06-16,211.4280548095703,211.59361632744304,210.54798073074642,211.54133654200493,84553100
2017-06-19,213.18824768066406,213.24923634067045,212.16002966360008,212.25588038302146,65123800
2017-06-20,211.75050354003906,212.83971030275762,211.73308580494188,212.83100143520903,56906400
2017-06-21,211.69821166992188,212.25588496879118,211.22768022549286,212.14261651319507,55977600
2017-06-22,211.60235595703125,212.2036001689382,211.42808554824168,211.70692883908893,44148100
2017-06-23,211.85507202148438,212.18618182919283,211.27996767170237,211.66337057155704,66986800
2017-06-26,211.99449157714844,212.9442900095876,211.7853723814404,212.5260250262087,56700500
2017-06-27,210.28668212890625,212.0729844404194,210.26925109234926,211.7767100028914,82247700
2017-06-28,212.16879272460938,212.36920306894754,211.07086367305584,211.3061360835291,70042600
2017-06-29,210.30404663085938,212.36917839400562,209.09284924505067,212.31689859685977,106949700
2017-06-30,210.69622802734375,211.4891740020238,210.50452651047635,211.1144798386974,86820700
2017-07-03,211.0533905029297,212.07288628590052,211.0533905029297,211.6372036455209,39153800
2017-07-05,211.54139709472656,211.75051629633847,210.6090296676008,211.41940646179233,54427600
2017-07-06,209.60693359375,210.89655056421648,209.4239410235178,210.7745599493883,65400800
2017-07-07,210.96627807617188,211.1144085990406,209.61565904345244,210.18205453251846,57972300
2017-07-10,211.1927947998047,211.56748877726707,210.66126145687815,210.96624461769684,36663300
2017-07-11,211.03598022460938,211.34967228836572,209.86835382461976,211.1928196084974,50354600
2017-07-12,212.6219024658203,212.78746404720798,212.00324037282576,212.00324037282576,59610400
2017-07-13,212.97914123535156,213.092422998322,212.40403684855306,212.63060037449395,39471600
2017-07-14,213.9724578857422,214.32972084467653,212.88325127629287,212.97910198976356,60262700
2017-07-17,213.9463348388672,214.27745792892873,213.77206442682748,213.89405504485327,33531900
2017-07-18,214.05960083007812,214.111880620243,213.19694440442012,213.536776336471,42742500
2017-07-19,215.21852111816406,215.2272299846473,214.36457354754899,214.3732957100116,51034300
2017-07-20,215.314453125,215.59328321350864,214.76548852176956,215.47129255678905,47135200
2017-07-21,215.12265014648438,215.14879003945208,214.5126838546296,214.7392473216539,82340800
2017-07-24,215.07040405273438,215.20981240507535,214.59985931364557,215.04425085969152,46622300
2017-07-25,215.59329223632812,215.92441544527537,215.36674194893442,215.8198425237218,54915600
2017-07-26,215.6019287109375,215.9156207782958,215.34052973478933,215.8807720134695,47575400
2017-07-27,215.40151977539062,216.09861474020028,214.0770406718503,216.06376597515103,70766600
2017-07-28,215.14883422851562,215.2795337201983,214.46917027980402,214.92227071495785,50088400
2017-07-31,215.02687072753906,215.64553279418223,214.8177382184862,215.54968205619747,65838700
2017-08-01,215.50611877441406,215.66295818011,214.98329416346337,215.62810941083828,55050400
2017-08-02,215.6106414794922,215.7500631246833,214.67827418525408,215.636781375968,47211200
2017-08-03,215.1923828125,215.52349258904115,214.91353953122382,215.49735269341895,40856000
2017-08-04,215.58450317382812,215.9156129636254,215.2011002947134,215.68035389360682,60191800
2017-08-07,215.98538208007812,215.98538208007812,215.54969929003738,215.654272200916,31995000
2017-08-08,215.4538116455078,216.8915725839997,215.07913089231317,215.6716530032204,61719400
2017-08-09,215.4451141357422,215.49739393699232,214.4081870910078,214.7654501275264,62632600
2017-08-10,212.404052734375,214.73931922391805,212.35177293093446,214.6086064193342,120479500
2017-08-11,212.7176513671875,213.3101865697358,212.39525052366926,212.6305228317382,74869900
2017-08-14,214.82640075683594,215.04424208745883,213.96375759699626,213.99860635966488,73291900
2017-08-15,214.80027770996094,215.22725153802665,214.49530780075457,215.20982050733522,55242700
2017-08-16,215.17498779296875,215.72395228486332,214.7480139330528,215.3231183249441,56715500
2017-08-17,211.82022094726562,214.87872214140077,211.82022094726562,214.56503005215566,128490400
2017-08-18,211.48910522460938,212.7787223128841,211.04470035458272,211.65465348444366,136748000
2017-08-21,211.65467834472656,211.91609065850906,210.7223241572808,211.42812809730577,65469700
2017-08-22,213.867919921875,214.0247593074177,212.22103989377436,212.23847092416148,63140100
2017-08-23,213.10113525390625,213.52810911682874,212.75259438750788,212.90072492052627,50203800
2017-08-24,212.60447692871094,213.64139072360524,212.39534441842216,213.4845513128756,50741700
2017-08-25,213.10113525390625,214.01607164817918,212.95300472088786,213.39739631994303,64445900
2017-08-28,213.10986328125,213.65881449613164,212.6915982748861,213.63267459523166,40565600
2017-08-29,213.3538360595703,213.61523505816322,211.68080269268597,211.79408445606398,51135700
2017-08-30,214.36459350585938,214.63472794374306,213.15339615295224,213.3363887339727,62030800
2017-08-31,215.65423583984375,215.89821709745064,214.3994674887333,214.98328073343416,103803900
2017-09-01,215.95919799804688,216.38617183149577,215.81106747525382,216.02890882571083,62007000
2017-09-05,214.40818786621094,215.68038731715265,213.44097165164035,215.45382378294025,91398800
2017-09-06,215.14007568359375,215.47119873450276,214.55626255950273,215.0877958957615,57916900
2017-09-07,215.11399841308594,215.46255259340205,214.70445556120356,215.44512156039062,58034700
2017-09-08,214.86126708984375,215.3230896562732,214.61728585837085,214.82640503050195,63832800
2017-09-11,217.15293884277344,217.2313585238919,216.11601207250075,216.1334298043192,71364800
2017-09-12,217.88491821289062,217.91976697822463,217.33595376302054,217.5189463449708,56896000
2017-09-13,217.98951721191406,218.0243792795309,217.48412359933445,217.5974053751146,59228000
2017-09-14,217.91976928710938,218.12019290184045,217.49280875133618,217.66707917181387,95446300
2017-09-15,218.213134765625,218.3006957249808,217.67021138693656,217.7752898829497,95432400
2017-09-18,218.67726135253906,219.02753193324287,218.29195569658518,218.5809349385506,46235200
2017-09-19,218.8961944580078,218.98376878842842,218.57219348699178,218.92246408474065,47108100
2017-09-20,218.97499084472656,219.08883479538468,217.97670499993538,218.9837562944486,59574100
2017-09-21,218.3882598876953,218.90491361834765,218.21312461516493,218.81735266306487,48211400
2017-09-22,218.43203735351562,218.598420531724,218.06424928893276,218.09051891054838,51214000
2017-09-25,217.98545837402344,218.528395143318,217.24113005139031,218.17811120152052,57064400
2017-09-26,218.11679077148438,218.6597141064001,217.88035081255217,218.41452206082755,54082000
2017-09-27,218.9662322998047,219.35153794116275,217.93291141052939,218.81736664054645,81001400
2017-09-28,219.2289581298828,219.30776700909294,218.59846037226853,218.68602133962423,44778800
2017-09-29,219.99952697753906,220.07834920827898,219.03627629237042,219.22016365284554,85578000
2017-10-02,220.95404052734375,220.95404052734375,220.05206780655772,220.2272164432711,59023000
2017-10-03,221.4269256591797,221.45319528449488,220.87523680362833,220.95405904154,66810200
2017-10-04,221.68960571289062,221.93479775778118,221.16418655271696,221.27803048854625,55953600
2017-10-05,223.0031280517578,223.0206322240322,221.72461529165847,222.02234656388586,63522800
2017-10-06,222.7492218017578,223.0382010543097,222.29387270255486,222.55656896672323,80646000
2017-10-09,222.3813934326172,223.038160698137,222.1186838540164,222.9768693682432,35803100
2017-10-10,222.96812438964844,223.3446779380046,222.4076834727646,222.95062021490847,43057400
2017-10-11,223.3184356689453,223.3184356689453,222.70545542882473,222.8718252810262,47674300
2017-10-12,222.9856414794922,223.3534295777759,222.74920150132218,223.0031590161625,47065100
2017-10-13,223.25711059570312,223.53733774388797,222.98564889712773,223.42349379469215,54800400
2017-10-16,223.5548095703125,223.74746236632083,223.14324771916444,223.4847661553676,38221700
2017-10-17,223.71243286132812,223.75622001561544,223.283340128454,223.5022625379271,31561000
2017-10-18,223.93138122558594,224.13278612429528,223.7387284139631,224.0889989649328,40888300
2017-10-19,223.99267578125,224.02771085402995,222.73169376244084,223.1520211020439,61903800
2017-10-20,225.1486358642578,225.1749322183964,223.97522787066666,224.78962649281712,89176400
2017-10-23,224.2728729248047,225.4988598658279,224.19406405984094,225.47259024417332,63915300
2017-10-24,224.6669921875,224.90341883312888,224.30795613188522,224.70202726520085,66935900
2017-10-25,223.5548095703125,224.44801677344535,222.42517577732173,224.33417284072297,103715300
2017-10-26,223.84385681152344,224.43931955331985,223.72126075515547,224.1678711734708,69798000
2017-10-27,225.6739959716797,225.831640435457,223.85257306649734,224.58814924304772,85562500
2017-10-30,224.8333740234375,225.57771575739636,224.53564267464077,224.5881819289029,54285700
2017-10-31,225.1836395263672,225.437597065505,224.8859081843137,225.2099091529033,60304800
2017-11-01,225.48138427734375,226.30453492300356,225.11360948396765,225.96302975772576,54202700
2017-11-02,225.56890869140625,225.70902225156678,224.34294844491293,225.41129095769904,56449500
2017-11-03,226.32199096679688,226.3657647578372,225.31492653360755,225.72650172030612,59589700
2017-11-06,226.6723175048828,226.80366563440188,226.12062863696988,226.1906720647358,49652600
2017-11-07,226.5147247314453,227.11018746689305,226.00680960937726,226.77742101945586,57502200
2017-11-08,226.89991760253906,226.9962573542052,226.05926307600345,226.3394901594905,50469600
2017-11-09,226.0768280029297,226.2694808113367,224.49180501507703,225.69152238611562,95085500
2017-11-10,226.00674438476562,226.18189300884933,225.37624675156357,225.6915089301286,59984700
2017-11-13,226.2169647216797,226.44465265198207,225.28873554666524,225.32377062608148,50228600
2017-11-14,225.6915283203125,225.79660681421927,224.63192448424843,225.4113011872742,61315200
2017-11-15,224.56190490722656,225.2449419140767,223.8525982741104,224.7195226648228,80811500
2017-11-16,226.47093200683594,226.83873354666386,225.46389390283716,225.5076677110358,67777000
2017-11-17,225.8053741455078,226.44463736299932,225.72656526509385,226.12063639109735,75756800
2017-11-20,226.19068908691406,226.38334193268457,225.80538339537304,226.05060222083983,48075500
2017-11-21,227.67056274414062,227.85447682737197,226.15563662524804,226.9612562057613,69176800
2017-11-22,227.4691925048828,227.81069763269807,227.30280930386726,227.67934950661527,45033400
2017-11-24,227.9945526123047,228.09965782216804,227.81943071038896,227.9595442662785,27856500
2017-11-27,227.88079833984375,228.33614747930068,227.67938003688658,228.03841611227858,52274900
2017-11-28,230.19259643554688,230.2188660632127,228.24856381647248,228.34490360053687,98971700
2017-11-29,230.05245971679688,230.85810609077183,229.60587609137826,230.3239214166953,77512100
2017-11-30,232.06654357910156,232.97724165581693,230.89312254939045,230.97193141811024,127894400
2017-12-01,231.58485412597656,232.32919559859695,228.34481878034154,231.84757702897915,164390900
2017-12-04,231.30471801757812,233.63402938279867,231.2521520432385,233.20494992982626,94040600
2017-12-05,230.4727325439453,232.18907656242757,230.34138445751728,230.4727325439453,77994500
2017-12-06,230.51658630371094,230.9456925001427,230.05247175470237,230.5691255565094,75898600
2017-12-07,231.24339294433594,231.55862841900824,230.25385927562056,231.24339294433594,77218600
2017-12-08,232.50436401367188,232.51310273776943,231.2083337306207,232.19786729601276,76563900
2017-12-11,233.20497131347656,233.26627601921737,232.47816046690596,233.20497131347656,83077500
2017-12-12,233.6165771484375,234.08945723117534,233.24003686215457,233.9931174347204,85195800
2017-12-13,233.59024047851562,234.29954703708705,233.5026661588548,233.86170216271307,102905400
2017-12-14,232.63572692871094,234.0018007111688,232.58318768507246,233.88795677530922,100666700
2017-12-15,234.572998046875,235.03948485061713,233.58721663976172,233.64002443939074,144610300
2017-12-18,236.06053161621094,236.4125926436148,235.8668940220586,235.9725096442263,83653600
2017-12-19,235.1538848876953,236.3508973619144,235.08345658890252,236.3068998205633,82382900
2017-12-20,235.0306854248047,236.1748902835174,234.73143225961104,236.12208248145558,76751500
2017-12-21,235.51475524902344,236.22771426568343,235.26830989703402,235.65558500166438,67032300
2017-12-22,235.4531707763672,235.56759663243676,234.91625565031677,235.5323824781393,78720900
2017-12-26,235.1715545654297,235.39159606437855,234.90751551090486,235.04831843296174,45244400
2017-12-27,235.2859649658203,235.64683622362304,235.0131156739141,235.33877277325166,57751000
2017-12-28,235.77000427246094,235.81402867797968,235.4003496850609,235.78762477887966,45116100
2017-12-29,234.88116455078125,236.36864773792232,234.68755375203602,236.35105408182105,96007400
2018-01-02,236.56219482421875,236.5974089834825,235.356371759636,235.74364692993703,86655700
2018-01-03,238.05844116210938,238.20808116432923,236.72938223016916,236.72938223016916,90070400
2018-01-04,239.06182861328125,239.54593593694952,238.12007158752897,238.70098425961316,80636400
2018-01-05,240.65493774414062,240.7781469850254,239.36109298194796,239.85398366654252,83524000
2018-01-08,241.09503173828125,241.25345513837206,240.2676737237684,240.55811662393486,57319200
2018-01-09,241.64071655273438,242.26562672470052,241.23582096140757,241.51748045262772,57254000
2018-01-10,241.2710723876953,241.5351382742084,240.2148894232378,240.88379724256805,69574300
2018-01-11,243.0314178466797,243.0314178466797,241.65836111335076,241.82559479271433,62361500
2018-01-12,244.61573791503906,244.78294473745254,242.99620889486286,243.29548896158266,90816100
2018-01-16,243.77947998046875,246.525592497555,243.08414159937195,245.8742785150605,106555100
2018-01-17,246.1032257080078,246.49050093358076,243.7796012151073,244.7125751147502,113258800
2018-01-18,245.68951416015625,246.41122976047913,245.19659656063544,245.98876733307662,100728000
2018-01-19,246.80731201171875,246.80731201171878,245.68951103937377,246.27039686967373,140920100
2018-01-22,248.8141632080078,248.8141632080078,246.54331957106353,246.59615425008542,91322400
2018-01-23,249.34214782714844,249.63259068853083,248.53238356726726,248.85804057747723,97084700
2018-01-24,249.245361328125,250.58323062359455,248.06594230116605,249.98469742589643,134816100
2018-01-25,249.35093688964844,250.20469870958607,248.558793116429,250.10789337376553,84587300
2018-01-26,252.23789978027344,252.28192418600324,249.93186971272266,250.1871253122653,107743100
2018-01-29,250.5655975341797,252.10588770899435,250.40717413415427,251.66580480190444,90118300
2018-01-30,247.99557495117188,250.6184523790427,247.52027780134623,248.73491115060395,131796400
2018-01-31,248.11874389648438,249.350970695276,247.0449405017096,248.84929658255598,108364800
2018-02-01,247.83706665039062,249.1397216647866,247.044922826452,247.38820037112447,90102500
2018-02-02,242.4417266845703,246.6489189381392,242.40651252489292,246.5168725544824,173174800
2018-02-05,232.3021697998047,242.79375870651555,231.75647126237143,240.68136600719666,294681800
2018-02-06,236.87904357910156,237.38074456875086,227.69892005236255,228.79031712974927,355026800
2018-02-07,235.5940399169922,239.7219936555616,235.51480134144427,236.32456586247582,167376100
2018-02-08,226.75711059570312,236.0340652904315,226.7218964441149,235.89323554460609,246449500
2018-02-09,230.16336059570312,232.02049757208297,222.6115362922506,229.54723378106326,283565300
2018-02-12,233.54324340820312,235.01313244804345,230.30423897207598,232.21418415174242,143736000
2018-02-13,234.12411499023438,234.6698135169629,231.7564667161148,232.33737939762483,81223600
2018-02-14,237.2838897705078,237.64476096412412,232.62780526622583,232.63661551940828,120735700
2018-02-15,240.31166076660156,240.32047101973117,236.5621459651646,239.02662625448377,111200300
2018-02-16,240.38204956054688,242.32723516288615,239.6427135708152,239.68673797361885,160420100
2018-02-20,238.8769989013672,240.8749925095738,238.08485503306727,239.4315076673359,86369700
2018-02-21,237.68881225585938,241.79919920284223,237.59200689107456,239.31712469165862,98883700
2018-02-22,237.996826171875,240.32926016216408,237.3279184312155,238.61295297407747,110511300
2018-02-23,241.79037475585938,241.79037475585938,238.74500816346074,239.22030528591498,92766400
2018-02-26,244.59803771972656,244.6948699122449,242.27441428611127,242.86411025131167,86491400
2018-02-27,241.54388427734375,245.49584682465152,241.48226622730925,244.7828878438035,99099200
2018-02-28,239.09703063964844,243.09299083312848,238.78018384941745,242.64409768643978,121907800
2018-03-01,235.62042236328125,240.43493091456583,234.12412958786794,238.88583033395267,176855100
2018-03-02,236.8350067138672,237.39832573097647,233.08551859078392,233.94806390250494,139083200
2018-03-05,239.57232666015625,240.18845345256145,235.54115233150563,235.6467947883253,97307400
2018-03-06,240.1796112060547,240.62850429102699,238.68331882982997,240.54926574383524,79213200
2018-03-07,240.0915985107422,240.44365941854787,237.82078282394883,238.01442035232077,87063500
2018-03-08,241.25338745117188,241.37659666316466,239.7747157441296,240.76928027267917,66901200
2018-03-09,245.4518585205078,245.4518585205078,242.3448739896355,242.66174767889817,113625300
2018-03-12,245.1437225341797,246.36716565760406,244.75644750665856,245.74225557886365,71924800
2018-03-13,243.5594940185547,246.80730813965732,242.95217743587503,246.30560716082977,91968900
2018-03-14,242.3096923828125,244.70374501010537,241.75521035804832,244.5189176685173,105895100
2018-03-15,242.04562377929688,243.46267799273133,241.5439227671176,242.8201740730757,83433000
2018-03-16,242.3080596923828,243.35965403873402,242.2550403949287,242.5731561796535,100343700
2018-03-19,239.02957153320312,242.4848066021143,237.3770736672259,241.5569418332519,109208400
2018-03-20,239.43606567382812,240.07232421525157,238.75560640551987,239.42722013482984,59757300
2018-03-21,238.97654724121094,241.4862264091591,238.76447003403774,239.39188308399758,78709600
2018-03-22,233.00282287597656,237.5979999945079,232.72885384939002,236.74966416722836,148785900
2018-03-23,228.0364532470703,233.77162621271538,227.8420401470805,233.4446648554846,183534800
2018-03-26,234.27529907226562,234.55808665375656,229.23827674648547,231.64191725294216,141956100
2018-03-27,230.28988647460938,235.74224499591256,228.73458164104392,235.21205195547876,129941400
2018-03-28,229.60946655273438,232.09266356967524,228.50485258197128,230.42247430118644,146452300
2018-03-29,232.54327392578125,234.40787590041907,229.61825896543695,230.74938233105553,111601600
2018-04-02,227.52392578125,232.52562014188928,225.0495882525477,232.0130642531419,186286300
2018-04-03,230.4401092529297,230.91730997897946,226.9672098407095,228.76110162347888,119956900
2018-04-04,232.90557861328125,233.6125205677921,226.7550973110947,226.88764555655212,123715300
2018-04-05,234.74365234375,235.62734320129803,233.57717393944145,234.66409643463845,82652600
2018-04-06,229.51220703125,234.2752870709953,227.99225756873417,232.78187422548618,179521200
2018-04-09,230.64337158203125,234.03674208867398,229.70666119589032,230.970332966311,105442900
2018-04-10,234.3106689453125,235.0971668991006,232.3930745308955,233.53301653153406,103529000
2018-04-11,233.08236694335938,234.7437104819056,232.75540555998597,232.82608898012964,91140200
2018-04-12,234.99996948242188,235.9455254387368,234.23116253465432,234.4079115432017,68890500
2018-04-13,234.3106689453125,236.42270343128394,233.30327520427028,236.30781928359713,85079200
2018-04-16,236.2371063232422,237.0059401567355,235.1236739866664,235.94550015531053,63405300
2018-04-17,238.76446533203125,239.36536871926083,237.4919481778344,238.00447707444593,64682000
2018-04-18,238.9412078857422,239.74534291484298,238.48167133413318,239.20630438235702,57303900
2018-04-19,237.61566162109375,238.49050699178184,236.5817313909208,238.28724837406062,77655900
2018-04-20,235.60079956054688,237.76585288421933,234.7171087293506,237.54493017642025,99953100
2018-04-23,235.5655059814453,236.73198452248616,234.4874019301393,236.1752549020754,65558000
2018-04-24,232.39303588867188,236.81149026125064,230.89075061475296,236.5905675426217,112885500
2018-04-25,232.96749877929688,233.4093443478293,230.5108384969812,232.33124008188568,103840900
2018-04-26,235.33572387695312,236.16639548906852,233.55067794884684,233.9925234034569,67731900
2018-04-27,235.55667114257812,236.24594904484874,234.6199608386747,235.94549734058813,57053600
2018-04-30,233.74508666992188,236.7319662022988,233.67437629636294,236.17523662497214,82182300
2018-05-01,234.1604461669922,234.2664847699566,231.62423039491986,233.17953515335418,74203400
2018-05-02,232.58743286132812,234.77896881885337,232.19860674600523,233.965988372708,86368900
2018-05-03,232.07492065429688,232.7288433491431,228.9201373860479,231.75680484646094,136311500
2018-05-04,235.0794219970703,235.75988118738852,230.77585202279235,231.10281331097474,91222100
2018-05-07,235.8748321533203,236.84687075534896,235.15901757631318,235.84832249995793,55304900
2018-05-08,235.8748321533203,236.23712175990264,234.3106817006053,235.50367003813554,67499200
2018-05-09,238.1547088623047,238.4816701959383,236.02501045597168,236.54638487556414,59666100
2018-05-10,240.381591796875,240.7085800870118,238.79095894501123,238.89699753938797,72063900
2018-05-11,241.11508178710938,241.38017828562056,239.99277701782748,240.505332872426,59871500
2018-05-14,241.22994995117188,242.20198836008126,240.68203894368625,241.5480657283191,54790600
2018-05-15,239.56861877441406,240.01928281464853,238.62306299805707,240.00161870440058,87036100
2018-05-16,240.5759735107422,241.03550998393763,239.57739859704026,239.60393521028112,53942600
2018-05-17,240.3728485107422,241.45095283807808,239.5951959509439,240.3109836552776,56536400
2018-05-18,239.77188110351562,240.39047562672215,239.4184100765879,240.02815905948526,64368000
2018-05-21,241.5745391845703,242.11360457256123,240.8675973625285,241.25642345508206,58025900
2018-05-22,240.9029998779297,242.35226611864655,240.57603851018774,242.09598816766902,52966400
2018-05-23,241.5657196044922,241.59225621956955,239.47137658934227,239.63046143928264,64694200
2018-05-24,241.07090759277344,241.44206969964975,239.2858613807374,241.16812763166678,76043800
2018-05-25,240.49649047851562,241.12390351193636,239.9927801566488,240.49649047851562,56374800
2018-05-29,237.7305145263672,239.6304715224005,236.61708233856234,238.870483330366,115908600
2018-05-30,240.9029998779297,241.34484539501017,238.9677413237785,239.03842474054292,69678400
2018-05-31,239.42721557617188,240.79692568949417,238.82631223407603,240.49647401844624,93519900
2018-06-01,241.77789306640625,242.0783448076039,240.65558809722202,240.72629848815825,71258400
2018-06-04,242.92665100097656,243.1829289425689,242.36110278324185,242.59968964520834,45385200
2018-06-05,243.10333251953125,243.48331307250177,242.2903251575438,243.0591318008429,51135000
2018-06-06,245.13584899902344,245.24188759157823,243.09452518802559,243.71311960206987,62732200
2018-06-07,245.10940551757812,245.91356768567496,244.19920472830162,245.62196147743086,72969400
2018-06-08,245.83401489257812,245.8870341980291,244.4819686673565,244.6498721239882,72139700
2018-06-11,246.1609344482422,246.8767219183447,245.94001172368942,246.05489585535383,58892500
2018-06-12,246.4791259765625,246.84141558459777,245.83402178467537,246.57631904991064,72329000
2018-06-13,245.69259643554688,246.97395911429703,245.48933780630622,246.71768118492542,79070600
2018-06-14,246.3112030029297,246.84139603030306,245.7191181648838,246.55863540507366,77097600
2018-06-15,245.9969024658203,246.33421716450584,244.41687078976585,245.52644435691641,120041600
2018-06-18,245.49102783203125,245.6153131236855,244.06190951326263,244.54122598024824,52917600
2018-06-19,244.5500946044922,244.77200939088465,242.8014050041513,243.21860588613742,97531500
2018-06-20,244.96725463867188,245.63299888683773,244.62993988532875,245.2335415022571,53785500
2018-06-21,243.4315948486328,244.97613992521215,242.9345079770817,244.95836940816923,71061400
2018-06-22,243.87542724609375,244.80748545823238,243.65351249404213,244.69208545289305,54898500
2018-06-25,240.5556182861328,242.88128081499514,238.86907139864692,242.72150867695257,137854200
2018-06-26,241.0881805419922,241.94032556422917,240.36917894679195,241.1236944856026,68547400
2018-06-27,239.09088134765625,243.10308900487533,238.93996744620148,241.67397147029487,105110700
2018-06-28,240.45802307128906,241.2213970102486,238.32761923681304,239.03776287804172,76650500
2018-06-29,240.80416870117188,242.91680177360362,240.68876867952034,241.54979912275832,97592500
2018-07-02,241.3188934326172,241.47869259451855,238.99323185479827,239.23291705305272,63554800
2018-07-03,240.46690368652344,242.31325023683345,240.04084455123078,242.2155936255205,42187100
2018-07-05,242.42855834960938,242.49070098662213,240.52009674534315,241.59418373643135,56925900
2018-07-06,244.4790496826172,244.8518512865387,242.07347432791317,242.45518827943604,66493700
2018-07-09,246.680419921875,246.73367729241565,245.4377027939233,245.48207490630662,50550400
2018-07-10,247.5680694580078,247.66572602641563,246.84018263606114,247.1331252520839,51966800
2018-07-11,245.75732421875,246.80478270989968,245.45552332781205,246.01475298336572,77054700
2018-07-12,247.9853515625,248.03860894847847,246.41420449771564,247.01780626494482,60124700
2018-07-13,248.1806182861328,248.48241914617054,247.35510177874667,247.80781661340694,48216000
2018-07-16,247.9586181640625,248.36693364721475,247.51478874218458,248.22493207070815,48201000
2018-07-17,248.96168518066406,249.35225725189926,247.13311006951704,247.1863674347583,52315500
2018-07-18,249.48545837402344,249.59197312914412,248.59779929574424,249.04162883488385,44593500
2018-07-19,248.5445556640625,249.20141474977135,248.0652121503039,248.81972782641117,61412100
2018-07-20,248.26046752929688,248.97061099686556,248.1006954075452,248.3403535901727,82337700
2018-07-23,248.72213745117188,248.92628174548852,247.7101928839621,248.05639300091627,47047600
2018-07-24,249.9735870361328,250.81687374993044,249.10369873052827,250.1333862113558,68026900
2018-07-25,252.10403442382812,252.4235786523477,249.68071566741298,249.72508778052887,78882900
2018-07-26,251.50930786132812,252.19279556653194,251.2873931024589,251.38504968274742,57919500
2018-07-27,249.80496215820312,251.93533795198138,248.88178938152663,251.8376813933993,76768700
2018-07-30,248.50025939941406,250.0447780839672,247.9765165158875,249.8850058936786,63742500
2018-07-31,249.72518920898438,250.3376763182836,248.8819290928687,249.2636161061383,68570500
2018-08-01,249.30789184570312,250.4352361042399,248.65991811770908,249.92926397666997,53853300
2018-08-02,250.6660919189453,250.8347222431429,247.79894298024752,248.00311434626792,63426400
2018-08-03,251.7401123046875,251.79336968061608,250.61276797272257,250.79031061862074,53935400
2018-08-06,252.66329956054688,252.97395857459247,251.38506828772208,251.77564045937442,39400900
2018-08-07,253.4976806640625,253.8793946751064,253.19587981266517,253.32905035260498,43196600
2018-08-08,253.39111328125,253.79057063969998,252.92954038482864,253.32899774327862,42114600
2018-08-09,253.044921875,253.84380944427295,252.91177846165436,253.45323737232636,35717000
2018-08-10,251.34959411621094,252.14848201585352,250.63945046936507,251.6070228812682,77076000
2018-08-13,250.40866088867188,252.23723663812476,250.1157181883877,251.62474963484885,65732900
2018-08-14,252.00637817382812,252.24606343472783,250.74591759633446,251.13648971338375,43842000
2018-08-15,250.1245880126953,250.79921761854422,248.68658455955998,250.65718890735462,102925400
2018-08-16,252.1483612060547,253.01827659819148,251.52698919892876,251.56250313655812,69967900
2018-08-17,253.03607177734375,253.4799012762992,251.5359259037381,251.94424145780033,65618500
2018-08-20,253.5775909423828,253.84387784082335,253.0361047966119,253.48881961316718,39807500
2018-08-21,254.17227172851562,255.03330203164734,253.6130422310215,254.09238567018824,67272000
2018-08-22,254.02137756347656,254.5450931013599,253.49763493639148,253.76394887902484,44993300
2018-08-23,253.68406677246094,254.7048691787767,253.36449545416602,253.84383888700728,49204900
2018-08-24,255.21084594726562,255.35287463696199,254.20778695011208,254.26104432259785,57487400
2018-08-27,257.225830078125,257.33234482639574,256.24939973697053,256.40917185937667,57072400
2018-08-28,257.3501281738281,257.7939577065519,256.8885281227042,257.68741586376615,46943500
2018-08-29,258.7348327636719,258.9656056631164,257.3234583260667,257.56311648329,61485500
2018-08-30,257.68743896484375,258.62835549143284,257.0927225076336,258.2555538204787,61229500
2018-08-31,257.69635009765625,258.140179714729,256.7909474309434,257.27914917403945,66140800
2018-09-04,257.2525634765625,257.60762181172146,256.2495040400578,257.2791921744691,57594400
2018-09-05,256.56005859375,257.1015446256181,255.54814150332868,256.8973733202907,72452400
2018-09-06,255.78781127929688,256.96838578660976,254.75812362647866,256.6665849884185,65909900
2018-09-07,255.290771484375,256.26720194628166,254.50074185499375,254.74042715744764,73524800
2018-09-10,255.73458862304688,256.56899033274806,255.539302540155,256.30267635287424,50210900
2018-09-11,256.5778503417969,257.0216798888951,254.74041660460662,255.08658956495626,50530500
2018-09-12,256.63995361328125,257.2435552033378,255.84995122701346,256.5866962429352,59810800
2018-09-13,258.1578674316406,258.3442953348075,257.4211223455566,257.70517974058833,51034200
2018-09-14,258.2022399902344,258.548412894725,257.4210957791152,258.3620120999993,55079900
2018-09-17,256.8353271484375,258.1845594721034,256.5601549448557,258.14907260591986,68244000
2018-09-18,258.2288818359375,258.8235981934395,257.02165151471684,257.0482802010348,61930400
2018-09-19,258.5040283203125,258.9212290907196,258.1578283433109,258.2821135932705,49080600
2018-09-20,260.5989990234375,260.91857045003917,258.5218795627664,259.76462422384793,100360600
2018-09-21,260.3608703613281,261.45764333870767,260.2003749632241,261.34172092502115,105479700
2018-09-24,259.495849609375,259.92386439674823,258.91626495960304,259.7811928009572,53409600
2018-09-25,259.25518798828125,260.05769215619654,259.0144449014566,259.95069522871887,44370000
2018-09-26,258.47943115234375,260.58377660882445,258.0603417149148,259.3978577222201,79739700
2018-09-27,259.2016906738281,260.2895381277292,258.67560430350846,258.9520221046623,59249500
2018-09-28,259.228515625,259.72785290918523,258.5419336622055,258.57758117404654,70091400
2018-10-01,260.1290283203125,261.1990247523705,259.4602703458394,260.46784283610697,62078900
2018-10-02,259.9774475097656,260.6907785092049,259.60295825920167,259.9774475097656,47258200
2018-10-03,260.1200866699219,261.448677055501,259.7634212147403,261.0295876624094,64694600
2018-10-04,258.0871276855469,259.69213623805473,256.49994288608053,259.6386377670936,111545900
2018-10-05,256.64251708984375,258.8271097227561,255.21582824502414,258.30994896257005,105951700
2018-10-08,256.64251708984375,256.99918249809207,254.57381962544665,255.95590828684374,87742200
2018-10-09,256.2680358886719,257.5698770527391,255.70627486797824,256.2591376202274,74339000
2018-10-10,248.1537628173828,255.8311179361839,247.7792736185123,255.7597685189888,214731000
2018-10-11,242.6878662109375,248.6888380999141,241.0739049737835,247.06597859221083,274840500
2018-10-12,246.0584259033203,247.0749241399052,242.8662050993109,246.78958079875062,183186500
2018-10-15,244.67628479003906,247.03032630002048,244.58711160341807,245.70170840659046,102263700
2018-10-16,250.02621459960938,250.40073089669676,246.16526532893863,246.63785303013142,118255800
2018-10-17,250.07093811035156,250.69509596423816,247.4939773585941,250.06201262855035,110626000
2018-10-18,246.45962524414062,249.73209323984952,245.18453310681264,249.13465741512297,134557500
2018-10-19,246.32583618164062,249.04544086380105,245.63032902677742,247.11051650237442,139901600
2018-10-22,245.22027587890625,247.31569655826044,244.68526385385843,246.99470567033694,82415800
2018-10-23,243.97181701660156,245.09533914092466,239.51343044304284,241.5999793058806,146352700
2018-10-24,236.57984924316406,244.1056085152865,236.02701362087163,243.7221665604862,177806700
2018-10-25,240.8241729736328,242.36678436926206,237.3912374265778,238.41666079304213,138061500
2018-10-26,236.58868408203125,241.64450544969924,233.87800516322892,237.11479754214855,201574600
2018-10-29,235.2779998779297,240.97583186890742,231.70239179254523,239.6828886762731,160749100
2018-10-30,238.76437377929688,239.0764662151694,234.61808059363685,235.1085193391012,157116000
2018-10-31,241.3146514892578,243.6330180983539,240.8598873218433,241.332475240434,128296300
2018-11-01,243.88270568847656,244.07887581404464,241.09175094319107,242.17959851009834,99495000
2018-11-02,242.4381561279297,245.41635506870088,240.38728199417207,244.98834016496485,122634100
2018-11-05,243.77566528320312,244.3285008443668,241.95663600789746,242.92856098023867,65622500
2018-11-06,245.3182373046875,245.47873267664912,243.65080522392796,243.71322916141185,60085900
2018-11-07,250.57020568847656,250.65045336689656,247.0658937931748,247.49390862324185,102752100
2018-11-08,250.1155242919922,250.75753314335418,248.97417824644157,249.76775702541286,65584900
2018-11-09,247.6722412109375,248.99190590980118,246.26337614744838,248.80466133719972,98812600
2018-11-12,243.0443878173828,247.4046738634838,242.52719995834954,247.1639308881672,99673600
2018-11-13,242.5897216796875,245.5054966258056,241.86746525072402,243.50814820119857,98176600
2018-11-14,240.9312286376953,244.86350176859753,239.37079328955437,244.46226329188963,125335900
2018-11-15,243.44573974609375,243.90942938261057,238.08677738884973,239.665036498494,135101400
2018-11-16,244.07879638671875,244.98829728465697,241.83175255019458,242.34894053649785,126668000
2018-11-19,239.9503936767578,243.76677185860473,239.03196704363543,243.4725030781068,103061700
2018-11-20,235.5098419189453,238.0778773089809,234.6449137106602,236.61551324060773,136021300
2018-11-21,236.31228637695312,238.21156320405137,236.30338810882228,237.06129197420626,75563700
2018-11-23,234.7340545654297,236.13399448911932,234.57355917861787,234.67163062216989,42807900
2018-11-26,238.52365112304688,238.74657042316187,236.59762510463386,236.98996524978256,79981400
2018-11-27,239.32618713378906,239.32618713378906,236.88299998591717,237.48933403239405,75502400
2018-11-28,244.83676147460938,244.83676147460938,239.26377788494935,240.396225565942,127629600
2018-11-29,244.3017578125,245.70167050031392,242.91964166269426,244.0609875245852,82346400
2018-11-30,245.79080200195312,246.35256296273798,243.82912859069464,244.15011930438473,98204200
2018-12-03,249.04539489746094,250.02624511734257,247.4493125338339,249.91924822277815,103176300
2018-12-04,240.97579956054688,248.64423007681054,240.6637070512194,248.21621516014721,177986000
2018-12-06,240.6102294921875,240.72615190959465,234.01182208840015,237.1148692771766,204185400
2018-12-07,235.01939392089844,241.84071986500985,234.18121507685527,240.27135909968106,161018900
2018-12-10,235.46522521972656,236.43715018686217,230.6055731722175,234.8410402406926,151445900
2018-12-11,235.5187530517578,238.85361777799955,234.04749080264142,238.66637314566984,121504400
2018-12-12,236.70468139648438,239.86122709730182,236.6244336937308,238.49696172682033,97976700
2018-12-13,236.6244659423828,238.51481798532356,235.5098690102867,237.6498896775434,96662700
2018-12-14,232.2552032470703,235.42957247444892,231.70236763728906,234.47547116758975,116961100
2018-12-17,227.69871520996094,232.4156821266384,226.06694412299714,231.30108550488026,165492300
2018-12-18,227.44906616210938,230.0081894771695,225.84404416794135,229.33943144675922,134515100
2018-12-19,224.04286193847656,231.30111553755748,222.3397684197925,227.52932388944615,214992800
2018-12-20,220.3959197998047,224.3638818412325,218.14888875379222,222.79453438381344,252053400
2018-12-21,215.8800506591797,223.96098705013893,215.23429286121228,221.29723955486546,255345600
2018-12-24,210.1759033203125,216.00565237267747,210.11312852383378,214.391257590333,147311600
2018-12-26,220.7950439453125,220.7950439453125,209.65573887138413,211.637859856132,218485400
2018-12-27,222.49017333984375,222.68747536489116,214.31955393774032,217.55730795007574,186267300
2018-12-28,222.203125,225.47674780536732,221.03717246474218,223.844425204303,153100200
2018-12-31,224.1493377685547,224.3915003778305,221.95197382206396,223.82645885131,144299400
2019-01-02,224.38253784179688,225.30634138582334,220.5887205734624,220.6156260112586,126925200
2019-01-03,219.0281524658203,222.93856912435655,218.54382721026855,222.633618017562,144140700
2019-01-04,226.36465454101562,227.0104124077604,221.68291684980105,222.0596066578405,142628800
2019-01-07,228.14952087402344,229.5576226533626,225.73689898403046,226.63378363099446,103139100
2019-01-08,230.2930145263672,230.77733980190953,227.8086544085286,230.33787517212102,102512600
2019-01-09,231.36923217773438,232.2123055664393,229.77277929990194,231.00150634898134,95006600
2019-01-10,232.18544006347656,232.43656660303958,229.15396638327567,229.83560729240676,96823900
2019-01-11,232.2751007080078,232.3020061415807,230.52616541356173,231.10913472146507,73858100
2019-01-14,230.8580322265625,231.6652226884312,229.97012545558084,230.37370700114573,70908200
2019-01-15,233.5038299560547,233.81774493113787,231.2257361997421,231.2347138012616,85208300
2019-01-16,234.06890869140625,234.95681551959413,233.72808822825598,233.93435413014328,77636700
2019-01-17,235.84469604492188,236.70572470971874,233.1540430515914,233.1989036905895,96118400
2019-01-18,238.9838104248047,239.45020783176548,235.8805980533848,237.65643902527586,127900300
2019-01-22,235.7550048828125,237.72816138252549,234.14062401631128,237.51291789918878,115531200
2019-01-23,236.24835205078125,237.48605705383304,233.78191964841497,236.7864882309007,86030300
2019-01-24,236.3739013671875,236.95689819455436,235.0554800443033,236.06896391865726,59204100
2019-01-25,238.3739776611328,239.19912350084215,236.472586770068,238.22149524254982,96883400
2019-01-28,236.562255859375,236.62501697032374,234.79539236392185,236.2304129857847,85613700
2019-01-29,236.24835205078125,237.2707861593394,235.4142560255048,236.70577190949425,66136300
2019-01-30,239.98831176757812,240.8313852793916,237.00169880775235,237.7640560093802,92473700
2019-01-31,242.09600830078125,242.5803335581487,239.71029242579274,239.92556330170092,104012100
2019-02-01,242.2126007080078,243.23506206970345,241.42333805071436,242.2933170201301,85782500
2019-02-04,243.91664123535156,243.9794297039566,241.5847366321493,242.25739984245362,60744800
2019-02-05,244.9391632080078,245.24410065449456,243.84496301967644,244.34721615162434,79552800
2019-02-06,244.61627197265625,245.1544081516475,243.88084747780272,244.66113262050564,58347800
2019-02-07,242.28433227539062,243.5489150225766,240.62509088503603,243.001828750321,95482000
2019-02-08,242.58029174804688,242.6789358806665,240.21250411634384,241.03764969516837,75788900
2019-02-11,242.7148895263672,243.4951746958544,242.1857309329304,243.23509788652132,68021400
2019-02-12,245.8360137939453,246.21268990556644,244.2574885280383,244.3292546059827,72270200
2019-02-13,246.63421630859375,247.47728977925644,246.24856261072875,246.6700993460601,65277200
2019-02-14,246.087158203125,247.21724136156533,244.73285393361263,245.54902206240385,83234400
2019-02-15,248.76881408691406,248.80469712563044,247.65668622335585,247.8629521118126,97088700
2019-02-19,249.1993408203125,249.85404892766604,247.96163594512325,247.9706135479331,59120800
2019-02-20,249.7016143798828,250.15903422884998,248.66122508601669,249.16347821122895,76610800
2019-02-21,248.81370544433594,249.42358032410993,247.8540324780566,249.06483200487477,64214700
2019-02-22,250.35629272460938,250.55358099161674,248.79569545491475,249.4324756341498,78114600
2019-02-25,250.69715881347656,252.30258981698813,250.61644248870707,251.78240882266988,69030700
2019-02-26,250.51779174804688,251.39672106406434,250.1410882049369,250.34738149887136,56844100
2019-02-27,250.4100799560547,250.7598505617869,248.86743803495978,249.8001778974014,56921600
2019-02-28,249.94366455078125,250.63428285304386,249.62079939964423,250.19479101413174,69268300
2019-03-01,251.5042724609375,251.9168315177378,250.06925230642395,251.52220029097825,78880500
2019-03-04,250.58950805664062,252.80481372706458,248.29348607078518,252.56266478077004,106494600
2019-03-05,250.24862670898438,250.9123396478568,249.7015404694618,250.71502402344626,59114600
2019-03-06,248.73289489746094,250.37420838863676,248.41002970815518,250.36523078757773,75039800
2019-03-07,246.6521453857422,248.42795867652117,245.80907200438315,248.2844539125946,94885100
2019-03-08,246.1588134765625,246.32922365287365,244.32918953732477,244.79555943680523,85795800
2019-03-11,249.72850036621094,249.88993299300893,246.84950903868537,246.87641447648502,65098900
2019-03-12,250.6702117919922,251.19042007076519,250.09622000970506,250.28455806959337,79667500
2019-03-13,252.32937622070312,253.26214337368611,251.39660906772014,251.5580690118337,80639200
2019-03-14,252.16806030273438,252.77793522035563,251.7285956372049,252.3563983921407,67518400
2019-03-15,253.41384887695312,254.22459474184677,252.53102082909683,252.72021594090037,81309000
2019-03-18,254.33270263671875,254.62999354582587,253.4048437987981,253.63005252150992,62199800
2019-03-19,254.395751953125,256.16138053249057,253.50393426352406,255.39569291563592,90268100
2019-03-20,253.6300048828125,255.38664358653912,252.52199576961652,254.17952835848922,84609200
2019-03-21,256.4947204589844,256.9000796525872,252.76525093004852,252.81030916798105,79550400
2019-03-22,251.55819702148438,255.65698565413965,251.49513196773768,255.13451340197918,122659300
2019-03-25,251.3690185546875,252.40497335776593,250.10785499044835,251.2158645009245,85575200
2019-03-26,253.24270629882812,254.19758910713398,251.83740603410251,253.125593361551,68125900
2019-03-27,251.9185028076172,253.8192789572887,250.36906550454614,253.23371421295462,72224700
2019-03-28,252.873291015625,253.32370834794872,251.39593646107517,252.5490037321722,56238500
2019-03-29,254.4678497314453,254.79213709615857,253.26073427729185,254.38677789026698,82186800
2019-04-01,257.4855651855469,257.7828560258759,256.1973781875685,256.46764508707605,77617900
2019-04-02,257.6117248535156,257.84595069509163,256.81898584322386,257.674789886447,40070400
2019-04-03,258.01715087890625,259.22426637741154,257.4135793840035,258.82789681177695,68243200
2019-04-04,258.70172119140625,258.95395382593165,257.6477599115769,258.34139278369787,48997500
2019-04-05,259.9539489746094,260.0079968724831,259.08013797058265,259.3684117534433,58621700
2019-04-08,260.152099609375,260.2601953909309,258.872902047936,259.53052137413107,53566300
2019-04-09,258.8188171386719,259.51244996531125,258.2693211639238,259.1881626670259,66142300
2019-04-10,259.7016906738281,259.7917796584995,258.81886261012613,259.2332389500564,52601500
2019-04-11,259.6296081542969,260.19713851656536,259.0620777920284,260.18812137072035,55093100
2019-04-12,261.38623046875,261.6654870591576,259.6746498365206,261.2420936009112,69727800
2019-04-15,261.215087890625,261.5574095392261,260.4133316619226,261.4583034082265,49596700
2019-04-16,261.38623046875,262.15194555170166,260.791676198151,262.09789766267414,52153200
2019-04-17,260.7466125488281,262.53024764423844,260.33220879685194,262.50322370313506,58268300
2019-04-18,261.2601318359375,261.53039880489104,260.0350095488409,261.33221402417837,68708500
2019-04-22,261.4853820800781,261.6385361359312,260.4043965065369,260.4944855104914,40160100
2019-04-23,263.8365478515625,264.0707737387057,261.6205015444346,261.85469994027653,52246600
2019-04-24,263.2510070800781,264.0887769848535,263.1068701892618,263.75547245228483,50392900
2019-04-25,263.08880615234375,263.7464254877272,261.89972504731713,263.151871189565,57770900
2019-04-26,264.31390380859375,264.38595848602097,262.3590804786365,263.13381259026437,50916400
2019-04-29,264.7283630371094,265.2508627045785,264.3139866566105,264.4040756501018,57197700
2019-04-30,264.86346435546875,265.15173811806574,262.9717330802613,264.3860229636108,81111700
2019-05-01,262.87261962890625,265.7012542994581,262.86360248304516,265.4940523837412,71671900
2019-05-02,262.30517578125,263.6744628214465,260.8097861138976,262.75559336209204,65030200
2019-05-03,264.8725280761719,265.1517847417606,262.41323849814745,263.78252536560603,56543700
2019-05-06,263.7825012207031,264.2239015566236,260.25121605943474,260.56651379565,107198100
2019-05-07,259.3773193359375,261.9717275781503,257.4675542385565,261.3771733983688,144729900
2019-05-08,259.01702880859375,260.7286094294374,258.4224745419498,259.01702880859375,91568300
2019-05-09,258.2333068847656,258.8368508052138,255.206487663427,256.9451197195856,103471100
2019-05-10,259.53057861328125,260.28727674235887,254.30571892493052,257.2964978336447,112429300
2019-05-13,253.0084991455078,255.3776995401914,252.1707292124887,254.41382700551978,127290500
2019-05-14,255.2965850830078,256.82801528908266,253.90030209434335,254.02640467494984,77003200
2019-05-15,256.7919921875,257.4315772634387,253.4588920896291,253.66609401171596,73956400
2019-05-16,259.1701965332031,260.5304384583781,257.4225747303499,257.4946294219541,76749600
2019-05-17,257.49462890625,259.9809418767313,256.84602671792,256.8640610092583,100353000
2019-05-20,255.79212951660156,257.60278931600044,255.04442101222048,255.89120817862778,62877600
2019-05-21,258.0981750488281,258.4765102516774,257.2333538882968,257.485586520628,46847100
2019-05-22,257.3053894042969,258.2602718743422,256.8279481692742,257.14324577533597,49482500
2019-05-23,254.16152954101562,255.12540183005643,252.74721238571507,255.0803710890779,98733800
2019-05-24,254.738037109375,256.0172344882969,254.11645896281843,255.60283072973016,55268100
2019-05-28,252.3689727783203,255.97231353543734,252.3509659714057,255.017430434106,70029400
2019-05-29,250.67535400390625,251.65726088805204,249.27005355583492,251.25190161916805,104972900
2019-05-30,251.36004638671875,252.26989874183897,250.26102633593794,251.4321011070103,62523800
2019-05-31,247.97286987304688,249.63942031835765,247.9458459195037,248.81066741549662,86862800
2019-06-03,247.3422393798828,249.12587484626778,246.0089938617991,248.0088483932753,96428000
2019-06-04,252.71115112304688,252.84627082649013,249.18888423306493,249.63930157207093,77231900
2019-06-05,254.9002227783203,254.92724672430833,252.52203305748088,254.33269242127398,71169700
2019-06-06,256.5577392578125,257.2333653557435,254.54889525439398,255.19749740805958,69430400
2019-06-07,259.1251525878906,260.2061654606606,257.4045546359031,257.5757154656133,74272200
2019-06-10,260.31427001953125,261.9808201331554,260.2241810285488,260.6745984921607,60799100
2019-06-11,260.251220703125,262.50330815727335,259.6026184166782,262.1339625158368,58641300
2019-06-12,259.791748046875,260.5754698846852,259.2782656388976,260.0169567355007,47096300
2019-06-13,260.86383056640625,261.2241866193491,259.99903652021897,260.7016868373662,48945200
2019-06-14,260.5755920410156,261.1791362143453,259.80987664246635,260.5755920410156,52324700
2019-06-17,260.6745910644531,261.44030622903506,260.50343023385363,260.80971080142655,39205700
2019-06-18,263.404052734375,264.45804139734327,262.1338725472256,262.4942284092509,85434800
2019-06-19,263.9986572265625,264.5301464856538,262.5663331233237,263.539222658832,78674400
2019-06-20,266.52105712890625,266.92644391683694,264.0617949221299,266.6832283388617,116570000
2019-06-21,266.1335754394531,267.5094941837973,265.9163323811376,266.2512579710432,83309500
2019-06-24,265.8077697753906,266.65864781741556,265.653870824963,266.3418441621465,47582700
2019-06-25,263.20074462890625,265.8892385984447,263.0921230745837,265.86208320986407,82028700
2019-06-26,262.93817138671875,264.60376601063865,262.8295498541817,264.09684710879384,51584900
2019-06-27,263.8705749511719,264.377493914319,263.31840621899835,263.6985816288529,40355200
2019-06-28,265.2284240722656,265.7262820776857,264.3322686125038,264.84822100220697,59350900
2019-07-01,267.63623046875,268.7768117440282,266.4322774281771,268.5595410665901,78705600
2019-07-02,268.3332824707031,268.38759324301185,266.7491538200057,267.5909984158022,61504500
2019-07-03,270.4786071777344,270.496729182922,268.86732334148513,269.01216125794673,40898900
2019-07-05,270.1707458496094,270.3337057163004,267.952983337688,269.24743552168684,51677300
2019-07-08,268.6863708496094,269.9898848326591,268.14323541916946,268.8583641963323,45841800
2019-07-09,269.02117919921875,269.3198883619145,267.4732673788795,267.5275781357333,41101300
2019-07-10,270.3066711425781,271.2571649910291,269.555353643339,270.0894280343671,58448500
2019-07-11,270.940185546875,271.1845839099653,269.9354090958385,270.94924654643347,50826100
2019-07-12,272.1532897949219,272.225722572846,271.12135752209366,271.42912776574457,40326000
2019-07-15,272.2438049316406,272.587791549062,271.7368860086016,272.587791549062,33900000
2019-07-16,271.36578369140625,272.36152730192515,271.05801341633924,272.15331757540326,36650100
2019-07-17,269.5191345214844,271.50156073888,269.5191345214844,271.3386284093714,36036300
2019-07-18,270.5058288574219,270.8860319344416,268.57774095793843,269.0212881936159,51392600
2019-07-19,269.0031433105469,271.6282650875979,268.8311500014461,271.60110970326673,58678600
2019-07-22,269.6639404296875,270.2070757552025,268.88546764229045,269.40141995777003,43638100
2019-07-23,271.5920104980469,271.5920104980469,269.9535714155049,270.7863824595344,44564500
2019-07-24,272.868408203125,272.868408203125,270.7411443378768,270.83167149437855,47213200
2019-07-25,271.5649108886719,272.4701272583008,270.7592550596967,272.41581648612396,55394100
2019-07-26,273.3844909667969,273.5836397360071,272.1262265556458,272.25297014742506,45084100
2019-07-29,272.8864440917969,273.3843295333311,272.3342755180086,273.2666470176047,38126500
2019-07-30,272.2166442871094,272.62400266829127,271.10321830355207,271.48342130098905,45849000
2019-07-31,269.2385559082031,272.65124003332403,267.2199406511862,272.46112466493685,104245200
2019-08-01,266.8940124511719,272.35246649157233,266.09741756218915,269.3924186711607,142646600
2019-08-02,264.8843688964844,266.24219324196565,263.32739587533223,265.99779480478156,116749700
2019-08-05,256.9184875488281,260.892372596246,255.01752786298675,260.78375106419935,178745400
2019-08-06,260.5212097167969,260.73848038847234,257.334858657285,258.8103654742626,120711700
2019-08-07,260.67510986328125,261.4445491572325,255.30718443460782,257.4434814036897,140572300
2019-08-08,265.7896728515625,265.7896728515625,261.61663791246286,262.16880673520035,87713900
2019-08-09,263.9792175292969,265.4456637627405,262.19594001239,264.8482175889276,93730000
2019-08-12,260.76568603515625,263.97013209125237,259.8151922727457,262.47653060747723,65527600
2019-08-13,264.821044921875,266.26939667676976,260.1229696286607,260.46695627826205,94299800
2019-08-14,256.99090576171875,261.3721494020812,256.8641898428909,260.7656699423151,135622100
2019-08-15,257.6697692871094,258.5659520526638,255.62399959125736,257.8779789447643,99556600
2019-08-16,261.47174072265625,261.90622687818694,257.72413188114456,259.3263824546937,83018300
2019-08-19,264.6219177246094,265.3008300750685,263.81628943373863,264.4952017841978,53571800
2019-08-20,262.59417724609375,264.6490081776248,262.46746133677397,264.11493390797597,51596400
2019-08-21,264.73046875,265.1015830539715,264.06965102889666,264.7576241289492,49524700
2019-08-22,264.6490173339844,266.07021351807236,262.87480116707053,265.4365786995359,51666400
2019-08-23,257.8509521484375,265.0112187170516,256.6017488295744,263.34562350024015,149161500
2019-08-26,260.7021789550781,260.7021789550781,258.5115443241375,260.0413614037,72423800
2019-08-27,259.6794128417969,262.46749470133955,258.9190344141973,262.0963526786402,66668900
2019-08-28,261.5079345703125,261.67086686459277,258.21293417482644,259.0185898937804,59696700
2019-08-29,264.84820556640625,265.373246555172,263.0649281304495,264.06973271239076,57899400
2019-08-30,264.73046875,266.3507857356442,263.79809723940434,266.3326913580127,62901200
2019-09-03,263.18255615234375,263.94293446557975,261.85188719792905,263.02868486425206,69101400
2019-09-04,266.1697998046875,266.1878941850872,264.60376571235577,265.35511068657013,46887300
2019-09-05,269.5914001464844,270.5056494007443,266.13346885315514,268.65902889461773,83258100
2019-09-06,269.79974365234375,270.4424672022714,269.22948051122984,269.908392828045,49584300
2019-09-09,269.93548583984375,270.8768908116145,268.9940532430665,270.78639129029517,51260300
2019-09-10,269.8721008300781,269.9354725918967,267.91683059042794,269.175066700084,57947100
2019-09-11,271.7912292480469,271.87269541058845,269.5281882051822,270.1799451305277,68821100
2019-09-12,272.7325744628906,273.7916618607953,271.9359798516439,272.69635808283294,72908700
2019-09-13,272.5516052246094,273.52925441617066,272.18046318198077,273.1762067567145,62104800
2019-09-16,271.7096862792969,272.59680806233507,271.0669905398025,271.42001047769196,58191200
2019-09-17,272.39764404296875,272.4881435539882,271.33852903900765,271.5105223099501,41475500
2019-09-18,272.5605773925781,272.6691989062345,269.9716449420855,272.0083811981535,73375800
2019-09-19,272.54248046875,273.94558214926315,272.20755489582285,272.9498388074487,76560500
2019-09-20,271.2547607421875,273.4282314887525,270.46359030392364,273.14629306857836,89565000
2019-09-23,271.1910705566406,271.9095014247711,270.33623579014954,270.59086565128047,43476800
2019-09-24,269.0632019042969,272.673507976676,268.09924360560893,272.2824740494429,94869400
2019-09-25,270.6546936035156,271.100289191612,267.6627701128638,269.1450914601112,71854000
2019-09-26,270.0907897949219,270.87285754850967,268.6812361680686,270.6637140924757,56179700
2019-09-27,268.63568115234375,270.9546585387981,267.0806211361253,270.84550766263965,84746600
2019-09-30,269.8816223144531,270.5909505610847,269.1086573970001,269.1541161265272,51662400
2019-10-01,266.6714172363281,271.41846801336465,266.45317096005283,270.7637014319603,88242400
2019-10-02,261.9607849121094,265.09821431351884,260.6694572690525,265.0891114666045,122539500
2019-10-03,264.1069641113281,264.1342448983291,259.01433776802537,261.7334246319195,85278800
2019-10-04,267.680908203125,267.9355381538089,264.7071634101348,264.7617527412515,65091200
2019-10-07,266.52593994140625,268.5084455962607,266.2440292191831,266.88061793215365,59610500
2019-10-08,262.3882141113281,265.4074176476115,262.35183047463295,264.67080858188825,95708100
2019-10-09,264.87994384765625,265.81662125732413,263.7795817068035,264.4070675955947,62359400
2019-10-10,266.6714172363281,267.553532939712,264.63437798421626,264.79806269142273,55296300
2019-10-11,269.4360046386719,271.6731123470301,269.3087035549438,269.4269017924842,98720400
2019-10-14,269.1360168457031,269.7907837072383,268.7904415920332,269.11781114650563,40394800
2019-10-15,271.8004455566406,272.54615738895194,270.06349481421915,270.1817208062417,46754500
2019-10-16,271.3638916015625,272.0550417754018,270.9273990728866,271.3366108185202,48928200
2019-10-17,272.1640930175781,273.0371055969074,271.4729430263007,272.5278459462512,45736600
2019-10-18,270.972900390625,272.27333084102725,270.11806538415243,271.6276670391448,64304000
2019-10-21,272.8099365234375,273.01000492908065,271.8550809866698,272.291601440597,39048600
2019-10-22,271.91864013671875,273.6373849879232,271.82769494162426,273.34637146465167,48594700
2019-10-23,272.7098693847656,272.76443096306724,271.45489757866204,271.664068797207,34352200
2019-10-24,273.1553649902344,273.791953507788,272.3278110184438,273.6464467679879,35453100
2019-10-25,274.2740478515625,274.81969141726717,272.5279939918244,272.58255557313646,45205400
2019-10-28,275.82000732421875,276.3201921595279,275.4653570434433,275.4926378342722,42147000
2019-10-29,275.7381591796875,276.6657615536214,275.4198647916236,275.5471936478828,44284900
2019-10-30,276.5838317871094,276.9566598852974,274.6286073436417,275.93814036739496,49643900
2019-10-31,275.84722900390625,276.57476285774817,274.39221680138,276.57476285774817,69053800
2019-11-01,278.4027099609375,278.4481686934179,277.1295324204775,277.2932449130918,71141500
2019-11-04,279.5212097167969,280.09413397670744,279.1483538055443,279.9577300463906,60606900
2019-11-05,279.2120056152344,280.0213818195309,278.92099207531345,279.72126543380665,42933200
2019-11-06,279.2757263183594,279.54853422165763,278.3299459992849,279.2120618900617,46487100
2019-11-07,280.2579040527344,281.59471848215986,279.7850276994163,280.6125821321642,54272300
2019-11-08,280.9490051269531,281.0035667061069,279.2120541836701,279.9122796178653,49032100
2019-11-11,280.4124450683594,280.5852326412768,279.4302812062415,279.566712897289,35797300
2019-11-12,281.0035095214844,281.9038031468933,280.230516970667,280.7761604037485,46484600
2019-11-13,281.094482421875,281.4946191287311,279.7849491544516,280.01229829459345,53917700
2019-11-14,281.5037536621094,281.5856237921182,280.17604217405733,280.81263100190245,51219900
2019-11-15,283.540771484375,283.5862302129895,282.1493958072757,282.8405183461568,62023600
2019-11-18,283.7499084472656,283.9863604368472,282.8496147216759,283.3043130077444,49228000
2019-11-19,283.6679992675781,284.3591493804265,283.02233562417075,284.35004653602346,67804700
2019-11-20,282.6131591796875,283.59532300669514,281.0580988316027,283.0769603064734,79406200
2019-11-21,282.15850830078125,282.8314807405151,281.3582625050897,282.72235757531104,54664700
2019-11-22,282.78594970703125,283.04057963659153,281.7765328353182,282.9041757015737,44850200
2019-11-25,284.97760009765625,284.97760009765625,283.713553290501,283.713553290501,48647200
2019-11-26,285.623291015625,285.8051814488202,284.6957164125303,285.0140107943301,37569000
2019-11-27,286.8964538574219,286.8964538574219,285.88700918425144,286.1052554908473,44444600
2019-11-29,285.8324890136719,286.57820100600895,285.60513982717293,286.33264612293493,36592700
2019-12-02,283.4043273925781,286.15069472322455,282.9769099443492,286.08703031011913,75767800
2019-12-03,281.5037536621094,281.5856237921182,279.3030290622985,280.68530213529885,73941700
2019-12-04,283.24066162109375,283.8408667166338,282.2039639124934,282.5495390662209,49080000
2019-12-05,283.7499084472656,283.9590796497863,282.44037516318184,283.9409017092727,40709000
2019-12-06,286.3416442871094,286.74178092926775,285.65049413200387,285.6595969769635,48927000
2019-12-09,285.44140625,286.62361071654885,285.3686389813186,285.95066612044394,34838500
2019-12-10,285.12310791015625,286.05068242852656,284.4683412640769,285.3868406884249,52649800
2019-12-11,285.9325256347656,286.1871556033424,285.04130686845446,285.5778475967917,53429100
2019-12-12,288.39697265625,289.1790404773349,285.7051662626912,285.9415905269858,96389600
2019-12-13,288.56976318359375,289.7974542607273,287.3875308397455,288.1605235736877,81503900
2019-12-16,290.55224609375,291.1433483991358,288.506103515625,290.2976161274645,82749700
2019-12-17,290.6158447265625,291.2342276828815,290.5340023722772,290.93413905050215,61097700
2019-12-18,290.6340637207031,291.23426882282587,290.5795021434722,291.00691966683615,48133000
2019-12-19,291.8253173828125,291.89808464078646,290.5703458322475,290.8249757300014,85310500
2019-12-20,293.1047668457031,294.23795375085035,291.88018760229625,292.8580047434994,147142100
2019-12-23,293.5526123046875,293.94556876059863,293.4063901117604,293.89073892437995,52990000
2019-12-24,293.5617370605469,293.82673861863617,293.2601450957839,293.7810563883531,20270000
2019-12-26,295.1243896484375,295.13353724845075,293.9363729857451,293.9454926967339,30911200
2019-12-27,295.0513000488281,295.9103378824698,294.52126907589263,295.85550805385674,42528800
2019-12-30,293.4246520996094,295.27068284889134,292.9403032957844,295.13360826083357,49729100
2019-12-31,294.137451171875,294.3842133054212,292.5747451785438,292.922019374624,57077300
2020-01-02,296.8880920410156,296.90638723763493,294.7496457130046,295.67266069366184,59151200
2020-01-03,294.64007568359375,295.7641429457349,293.4429112798059,293.4977411082979,77709700
2020-01-06,295.7641296386719,295.8463743777095,292.76661707449347,292.8854243272233,55653900
2020-01-07,294.9325256347656,295.67275622250656,294.4847115081981,295.19752718117184,40496400
2020-01-08,296.50445556640625,297.7198876196762,294.87777179661947,295.1245060931083,68296000
2020-01-09,298.51483154296875,298.58795656529105,297.4821567426061,298.0670453650865,48473300
2020-01-10,297.6558532714844,299.2551218137174,297.1897996894312,299.0997799160431,53029300
2020-01-13,299.702880859375,299.7120005705417,297.8477308070792,298.2772496807154,47086800
2020-01-14,299.2459716796875,300.31518120708546,298.6884979136288,299.264238992548,62832800
2020-01-15,299.9222106933594,300.6807085322573,299.07232051640693,299.1545652539482,72056600
2020-01-16,302.4171142578125,302.4171142578125,301.0737276112458,301.30219453828755,54050300
2020-01-17,303.35833740234375,303.56850908503526,302.353077542655,303.12987052009737,95846000
2020-01-21,302.76434326171875,303.56855126120206,302.3257046358388,302.398801777143,77742400
2020-01-22,302.8008728027344,304.2722140708887,302.64553093599403,303.6233480257216,48914900
2020-01-23,303.148193359375,303.5594449783584,301.03716121185505,302.15208091700214,51963000
2020-01-24,300.4523010253906,303.88845281451574,299.1637441044687,303.80620806071624,87578400
2020-01-27,295.6361999511719,297.1166611579254,294.8685544324489,295.2066810180619,84062500
2020-01-28,298.73419189453125,299.61149697791484,295.72755969424713,297.0617985757093,63834000
2020-01-29,298.4874267578125,300.32430953188833,298.2863747731424,300.0958426351734,53888900
2020-01-30,299.4561767578125,299.6663763797536,295.6727787860852,296.42212914324796,75491800
2020-01-31,294.0187072753906,298.9901505066073,293.104839444491,298.8347807041798,113845600
2020-02-03,296.2027587890625,298.067056481467,295.3802835359217,295.499090784858,69083000
2020-02-04,300.7171936035156,301.5853787579164,299.49261467821583,299.81247383452234,62573200
2020-02-05,304.18994140625,304.4001409842499,302.1885971158361,303.6507628947107,65951100
2020-02-06,305.2134704589844,305.4053748205114,304.1350856388759,305.1494930421346,50359700
2020-02-07,303.5867614746094,305.2225640407253,303.038435456735,304.153354800439,64139400
2020-02-10,305.85321044921875,305.91718787642037,302.66382135820703,302.7003838721832,42070000
2020-02-11,306.3832702636719,307.99165832638704,305.8532114209266,307.2057455520756,54864500
2020-02-12,308.3572082519531,308.5673799444257,307.4524603916157,307.81800184241695,43992700
2020-02-13,308.0281982421875,308.99689562686603,306.6573968990736,306.9315460120865,54501900
2020-02-14,308.5217590332031,308.64056630335443,307.24234975663256,308.43951428210545,64582200
2020-02-18,307.7267150878906,308.58575305311757,306.3376181795073,307.52566305583684,57226200
2020-02-19,309.1980285644531,309.87428181296707,308.4121156420215,308.69541242931956,48814700
2020-02-20,307.927734375,309.4721730276708,304.9393691304808,308.6496697818951,74163400
2020-02-21,304.7565612792969,306.8858604042742,303.93405817128195,306.57514878327885,113788200
2020-02-24,294.64923095703125,304.82970245486194,293.5708458942109,295.307216805096,161088400
2020-02-25,285.72064208984375,296.6504885783915,284.8433371792398,296.0382130274045,218913200
2020-02-26,284.6697692871094,290.7104209886197,283.93868633219154,287.11892786401404,194773800
2020-02-27,271.8847961425781,284.7246265399028,271.8847961425781,279.1500278323521,284353500
2020-02-28,270.7424621582031,272.23207101783856,260.94579899354517,263.83362436216396,384975800
2020-03-02,282.46734619140625,282.53132361972916,269.0974581232793,272.5244617816566,238703600
2020-03-03,274.3796081542969,286.8082134931983,271.93959720140725,282.8420313278847,300139100
2020-03-04,285.91259765625,286.1319448399597,277.20344073550206,279.7531390923097,176613400
2020-03-05,276.4084167480469,281.9007705498337,274.1694576163429,278.7113812011502,186366800
2020-03-06,271.8390808105469,273.0453928793516,265.231835125878,267.9003132173233,228667200
2020-03-09,250.60984802246094,259.711958823115,249.89703262040402,251.58766487020608,309417300
2020-03-10,263.5777282714844,263.6690927281698,249.94281022843532,260.1233095601224,276444100
2020-03-11,250.7286834716797,257.65581500361225,247.54844229941548,256.5226281848996,255316300
2020-03-12,226.7397003173828,243.69194779831977,226.3467299817304,233.95011542645673,392220700
2020-03-13,246.12283325195312,248.09679065094042,227.1143840334552,240.4294279591931,329566100
2020-03-16,219.19110107421875,234.77252906063242,216.9155662322812,220.4065324428676,297240000
2020-03-17,231.02577209472656,234.1055159225691,216.65063616065999,223.93414936559594,262070500
2020-03-18,219.3282470703125,226.97731522464503,208.38011597518343,215.90124320983887,327597100
2020-03-19,219.79429626464844,226.07257629627384,212.21833983048688,218.6428280834812,289322000
2020-03-20,210.32241821289062,224.7269281094163,210.0466430097641,222.94359769257548,347158800
2020-03-23,204.94491577148438,211.131407928482,200.63367034211038,209.76174689567557,326025200
2020-03-24,223.5135498046875,224.3868403910806,214.91865078430803,215.48857598678674,235494500
2020-03-25,226.85960388183594,235.6475644145072,220.38814988584195,225.09466188292848,299430300
2020-03-26,240.1058807373047,241.57664463189138,228.93708857476466,229.36913318338085,257632800
2020-03-27,232.95419311523438,239.7473876435918,230.7755951190202,232.8163124926308,224341200
2020-03-30,240.51951599121094,241.2365231887897,233.05528002333395,235.05003225521446,171369500
2020-03-31,236.9344940185547,242.0638491887975,235.52805566114748,239.5175603608972,194881100
2020-04-01,226.27130126953125,236.85178045649488,224.20300778799435,227.95351498436278,189554600
2020-04-02,231.49256896972656,232.27391576246694,224.8372560253544,225.38880648912135,177660400
2020-04-03,228.14654541015625,232.8622586960982,225.4163970895069,230.50898872250409,135561200
2020-04-06,243.4702606201172,245.43745065637108,228.1281336328922,237.0171961738574,188061200
2020-04-07,243.7184600830078,252.8189437055567,243.49785113917028,252.06515907675276,201427200
2020-04-08,251.899658203125,253.710564441002,243.82872180426008,246.31985753505052,153774500
2020-04-09,255.73300170898438,258.49072626492733,253.2234622639874,255.16304840288197,189999200
2020-04-13,253.39808654785156,255.09868874078822,249.4913106154663,254.7585739128051,114839100
2020-04-14,260.8715515136719,261.89189610685975,253.26023306323893,258.2884851590157,134143400
2020-04-15,255.32858276367188,261.0094897190272,253.214310028522,255.15392459698032,121775000
2020-04-16,256.5602722167969,257.415159958969,253.4900094044969,256.6062230641316,131798300
2020-04-17,263.4913635253906,264.09803815159717,259.5937609848719,262.33311040568213,146684800
2020-04-20,258.8492431640625,263.6293107862759,258.62863415329286,259.7868595128614,100109300
2020-04-21,250.9896697998047,255.58587661831038,250.05202565489662,254.3816726761035,126385700
2020-04-22,256.5602722167969,258.30682521082116,254.5471313703784,255.8708411886541,92951600
2020-04-23,256.54193115234375,261.00945987704335,256.2385937703153,257.8380651634286,104709700
2020-04-24,260.1177673339844,260.78882372538203,256.00875672334155,258.0586753592096,85063200
2020-04-27,263.8682556152344,264.98973134296574,261.6345055515394,262.09412629154366,77896600
2020-04-28,262.6548767089844,267.86696016171067,262.35151131258954,267.51764391278255,105270000
2020-04-29,269.5308837890625,271.06602995813773,266.95701793717836,267.986564277932,118745600
2020-04-30,267.021240234375,269.6318823292637,265.28386059929,268.1518891527446,122901700
2020-05-01,259.95233154296875,267.1867582133852,258.78487679464763,262.26881020124006,125180000
2020-05-04,260.6693115234375,260.9726488665371,256.58787713450204,258.06784244223917,80873200
2020-05-05,263.0777282714844,265.8906050294555,260.7979992424974,263.4913981694902,79569900
2020-05-06,261.2943420410156,265.1643400964349,260.86229750373474,264.77827445640764,73632600
2020-05-07,264.44732666015625,266.3777389730855,263.9417551736114,264.511680282958,75250400
2020-05-08,268.82305908203125,269.2918813505733,266.45139966202873,267.58207711138175,76452400
2020-05-11,268.8782043457031,270.25706693209133,266.46979551663003,266.89263885494034,79514200
2020-05-12,263.5189514160156,270.47758767684087,263.3810427599695,270.0639458677684,95870800
2020-05-13,258.8584289550781,263.9969859100772,256.43161777077114,262.95823845859854,144721100
2020-05-14,261.95623779296875,262.08491700872327,250.94371509495167,256.4224143490226,121977900
2020-05-15,263.16046142578125,263.2064122806066,258.6194060692483,259.5662237134552,111146300
2020-05-18,271.17620849609375,272.78488091937567,269.0619645324173,269.383676574657,119703800
2020-05-19,268.3909606933594,272.28853594964113,268.3725859611599,270.5787601052246,95189300
2020-05-20,272.95037841796875,273.81446769296434,271.7002234133943,271.9300337939139,85861700
2020-05-21,271.06597900390625,273.63067103163144,269.9720792092253,272.82173390080567,78293900
2020-05-22,271.5806884765625,271.75534659131654,269.5399713937195,270.78095292638466,63958200
2020-05-26,274.92669677734375,277.7855520274972,271.59904750423533,277.54654029417327,88951400
2020-05-27,279.0172424316406,279.0540199294916,272.89509350448446,277.72110914925514,104817400
2020-05-28,278.5025329589844,282.0599922398802,277.83147672252164,280.0468515835098,90405200
2020-05-29,279.7435607910156,280.3318607230198,275.28523421175083,278.03375713092686,119090800
2020-06-01,280.8742980957031,281.4810010010921,278.5853951754415,279.10016829764464,55758300
2020-06-02,283.1999206542969,283.24589956300736,280.46059882527766,281.79348222342395,74267200
2020-06-03,286.96875,287.92476883249293,284.909658409725,285.18541958591584,92567600
2020-06-04,286.2150573730469,287.72262709548625,284.1191876013095,285.98524696801854,75794400
2020-06-05,293.550537109375,295.32466622909004,291.54659764607965,291.61095127500704,150524700
2020-06-08,297.0987548828125,297.29178767205565,293.81705720060916,294.3594061200159,73641200
2020-06-09,294.8834228515625,297.1723246989423,293.56888647953616,294.4329755410005,77479200
2020-06-10,293.23797607421875,296.3542175612713,292.52096897897934,295.4625523739719,95000800
2020-06-11,276.3330993652344,286.9411512707297,275.7815770563141,286.3068725624546,209243600
2020-06-12,279.64239501953125,284.11909577413104,274.4854646628665,283.34693642916073,194678900
2020-06-15,282.253173828125,283.3838513025975,272.7757934380778,273.95242177976746,135782700
2020-06-16,287.685791015625,290.14937937635153,282.82302403325144,290.0022973807095,137627500
2020-06-17,286.4908142089844,289.000353646456,285.75540416445665,288.7061896286449,83398900
2020-06-18,286.6011047363281,287.0791002022098,284.5144366960276,284.97405743157583,80828700
2020-06-19,284.96319580078125,290.26285198086515,283.01504638164135,290.0689696801593,135549600
2020-06-22,286.791259765625,287.1882662143913,283.21814537378975,284.3630116638021,74649400
2020-06-23,288.1115417480469,290.37360494908,287.70529343295135,289.44107656536517,68471200
2020-06-24,280.76226806640625,286.6897814759057,278.92493642655745,286.0711669477362,132813500
2020-06-25,283.7720947265625,284.0398556852311,278.16773923870545,280.18973880894407,89468000
2020-06-26,277.0320739746094,282.8857345654477,276.45042720889734,282.67336854921115,127961000
2020-06-29,281.1038513183594,281.24233868339707,275.9980771665016,278.2878382488589,79773300
2020-06-30,284.70465087890625,286.4035230684894,280.5129498778858,280.66989282570773,113394800
2020-07-01,286.698974609375,287.96390105074033,285.360225806475,285.8218691543317,72396500
2020-07-02,288.27777099609375,291.4815764666122,287.61300354993097,290.13355781025984,69344200
2020-07-06,292.7279968261719,293.30967187564966,291.35230884827496,292.1001687186121,61713800
2020-07-07,289.7088928222656,293.16197598302176,289.3303419029436,291.1861571430053,82910000
2020-07-08,291.9248046875,292.03559459185783,288.7117847552177,290.4752376937071,54638600
2020-07-09,290.26287841796875,292.7742193790963,286.8467063436829,292.53415581966215,83354200
2020-07-10,293.22662353515625,293.49438457109676,288.7671611130503,290.19824424631554,57550400
2020-07-13,290.6875305175781,297.95379107027304,290.03200496438967,295.57172419762725,102997500
2020-07-14,294.45465087890625,295.2302084419288,288.0654935599894,289.2657551792314,93657000
2020-07-15,297.1597900390625,298.25850331831754,294.77769489481517,297.6768282673625,87196500
2020-07-16,296.1811218261719,296.6335232521369,294.61152330631586,295.2578352089557,54622500
2020-07-17,297.03973388671875,297.8245330469586,295.21161647331553,297.1874631078848,62774900
2020-07-20,299.4403076171875,300.1881674859498,296.0241360322097,296.771995900972,56308800
2020-07-21,300.077392578125,301.8500871049481,299.0894691350206,301.4069275614781,57292200
2020-07-22,301.7854309082031,302.0993731333049,299.60648815541464,299.7172780341707,57792900
2020-07-23,298.1846008300781,302.12705222700146,296.8181548399038,301.42534546893273,75738000
2020-07-24,296.2641906738281,297.28902521270993,294.7592290992445,296.32882749424476,73766600
2020-07-27,298.4247131347656,298.60013985296814,296.16264956413676,296.95669073754914,48293000
2020-07-28,296.5319519042969,298.81247079634437,296.2364934476947,297.6952737904054,57495000
2020-07-29,300.17889404296875,300.7421134441049,297.3720952714355,297.40903461982157,48454200
2020-07-30,299.10797119140625,299.5234615044289,295.11939379817784,297.20600271794535,61861700
2020-07-31,301.4715576171875,301.573133804093,296.67969747786157,300.89912438191095,84986800
2020-08-03,303.5675048828125,304.3338206049476,302.58882303214364,303.1335589168382,53077900
2020-08-04,304.7399597167969,304.7399597167969,302.7087180143602,302.7087180143602,41917900
2020-08-05,306.6326599121094,306.89120717639355,305.77401024648213,306.04177121558547,42697700
2020-08-06,308.6824645996094,308.8024963922942,305.7279637344574,306.05111975096014,43679400
2020-08-07,308.9040222167969,309.1902388250722,306.8081434818142,307.71297454516787,57308300
2020-08-10,309.8272705078125,310.0119109096436,307.41747799040013,309.35638535667545,44282100
2020-08-11,307.269775390625,311.64617312266336,306.5403992490115,311.00910310173,69601100
2020-08-12,311.55389404296875,312.3294515588477,309.6796230021421,309.7073204785493,53774400
2020-08-13,310.9906005859375,312.30167990291056,310.06731402303166,310.7874764150394,41816100
2020-08-14,310.9998779296875,311.5353999760587,309.87346706744495,310.6028714247222,47260400
2020-08-17,311.98773193359375,312.38473835012826,311.00905053743276,312.0154294004109,35481000
2020-08-18,312.66180419921875,313.0865081681524,310.7875052531915,312.38480129876183,38733900
2020-08-19,311.3600158691406,313.5574147719256,310.79679627269803,313.04037642109654,68054200
2020-08-20,312.3293762207031,312.8094750881142,309.50412160274976,309.63336706931557,42207800
2020-08-21,313.4374084472656,313.6589882595692,311.65544353506925,311.99708331433936,55106600
2020-08-24,316.6134033203125,316.68725383901455,313.40959819669,315.87475725095965,48588700
2020-08-25,317.72137451171875,317.8044669230327,316.0132886974553,317.17663880879144,38463400
2020-08-26,320.90673828125,321.1744711148294,317.76756939870836,318.3123051250386,50790200
2020-08-27,321.6083679199219,323.0579344592056,319.94646352268916,321.77458090081905,58034100
2020-08-28,323.6858825683594,323.8151562485118,321.4423023469517,322.6333502400912,48588900
2020-08-31,322.51324462890625,324.3505759728523,322.28242297558756,323.473470596124,66099200
2020-09-01,325.5508728027344,325.65242080777375,322.4486150605475,323.3442042226388,54908700
2020-09-02,330.2596130371094,331.2290526523332,326.31716140186785,327.46205589368293,69540000
2020-09-03,318.8939208984375,329.0408299804579,316.3087019292482,328.56994487388585,148011100
2020-09-04,316.2901916503906,321.1466583838232,309.1808759350563,319.57708859410604,139156300
2020-09-08,307.64837646484375,316.35499211221384,307.343704228668,310.8798801569295,114465300
2020-09-09,313.72357177734375,316.1887312996784,310.78749888094603,311.65539056693245,91462300
2020-09-10,308.2762451171875,316.2534284676327,307.3160189497297,315.59790272492,90569500
2020-09-11,308.43316650390625,311.11993430191217,305.6079113300187,310.05816018485217,84680200
2020-09-14,312.49554443359375,314.26826693128163,308.58081864580447,311.5999553914097,65605700
2020-09-15,314.074462890625,315.7825208192452,312.5048641612994,314.95156838815086,52920900
2020-09-16,312.8280029296875,316.7427294770832,312.5510000169259,315.3116463788061,82096000
2020-09-17,310.0765686035156,311.79389633261354,307.44519615617884,307.9714762809404,91523300
2020-09-18,306.5066833496094,310.9932741626597,304.0223776438239,310.88204081602066,105877900
2020-09-21,303.095458984375,303.2437795741085,298.2380798999571,301.9182014330189,99450800
2020-09-22,306.182373046875,306.7385683220991,302.0665676151903,304.5787110885869,63612100
2020-09-23,299.0816345214844,307.01660211722344,298.58105607201094,306.7384904056228,93112200
2020-09-24,299.87890625,302.9379378728557,296.44905891226836,297.7653868058365,76681300
2020-09-25,304.7269287109375,305.51484110446944,298.1546270152853,299.02596442851154,71069400
2020-09-28,309.788330078125,310.50209652529975,307.8972775754779,308.88915578763124,64584600
2020-09-29,308.10113525390625,310.32588735238784,307.4058984550522,309.58431274931326,51304000
2020-09-30,310.4371032714844,313.58883730414396,308.57385987247454,308.76851822648564,104081100
2020-10-01,312.43017578125,314.0060289873834,310.5484025217798,313.03270872151455,88698700
2020-10-02,309.4638671875,312.4024144710618,307.0073689601297,307.4801391377748,89431100
2020-10-05,314.95159912109375,315.1369786568774,311.47541457094957,311.5217523825799,45713100
2020-10-06,310.4741516113281,317.1855221955296,309.9643227003537,315.0905333024478,90128900
2020-10-07,315.8785705566406,316.6850408176242,313.40351479672364,313.4313231405762,56999600
2020-10-08,318.67803955078125,318.7429351145588,316.8982207211978,317.81595262377294,45242500
2020-10-09,321.52386474609375,321.9873559657683,319.706987085962,320.32804947834086,59528600
2020-10-12,326.6964111328125,328.17030980233085,323.5724848688719,324.06378442537806,80388500
2020-10-13,324.5644226074219,326.7335584990035,323.60035278140873,326.55742954167613,73255500
2020-10-14,322.5249938964844,326.2329236603553,321.7926981363864,325.1390911694356,57727900
2020-10-15,322.12640380859375,322.60842450210197,318.07549499777156,318.61313237555913,60357700
2020-10-16,321.9317626953125,325.13911424772533,321.7556337558863,323.4798076396234,89501900
2020-10-19,317.0372619628906,323.8227516799886,316.1380878968359,323.1924104328647,68425600
2020-10-20,318.30731201171875,321.55175133899183,317.6213538922318,318.38145817763655,60051900
2020-10-21,317.7047424316406,320.43007341653833,317.39882234537475,318.2609093352829,63575000
2020-10-22,319.4473876953125,320.03139112703093,315.7765453535564,317.91787241035223,55399300
2020-10-23,320.53192138671875,320.72657973829666,318.07542408120116,320.67096306641724,49143900
2020-10-26,314.60858154296875,317.93644508302657,311.11383966511926,317.14850435705404,91473000
2020-10-27,313.52398681640625,315.285247709324,313.3107706813909,314.95154762591665,65994100
2020-10-28,302.80810546875,313.5518292002192,302.3168058775529,307.8508925089764,127094300
2020-10-29,305.8856506347656,309.05591447743296,301.3526932962897,303.0398079880695,90597700
2020-10-30,302.6968994140625,305.6168888814722,299.0445857878949,304.3098400497384,120287300
2020-11-02,306.0896301269531,308.09188741481535,303.34574158278815,306.0896301269531,86068300
2020-11-03,311.49395751953125,313.55185999385526,306.173086523715,309.3248216610703,93294200
2020-11-04,318.4555969238281,322.5343145343358,314.7940044922087,315.97126216053266,126959700
2020-11-05,324.6663513183594,326.4739785623512,323.3871109043666,323.7393687910326,82039700
2020-11-06,324.5921936035156,325.843625628691,322.2654584902254,324.3789774456897,74973000
2020-11-09,328.6708679199219,337.77384161254093,328.20737673340466,337.39377544488605,172304200
2020-11-10,328.1888732910156,329.2456185696468,324.9166263863297,327.6790159718678,85552000
2020-11-11,330.6268615722656,331.4518612889709,329.1344050330131,330.3765581914952,58649000
2020-11-12,327.4194030761719,330.67311993032445,325.6118046043959,329.61634655267505,67546200
2020-11-13,331.9524230957031,332.69399774467473,328.8099389915463,329.3290469036784,62892200
2020-11-16,336.09600830078125,336.2906666795862,333.33359062429173,334.6221097113151,74541100
2020-11-17,334.28839111328125,335.49348521603423,332.17487235671945,333.6858582065338,66111000
2020-11-18,330.2652893066406,335.10413858036725,330.22820208953993,334.55722235747817,70591300
2020-11-19,331.6558532714844,332.0266406757399,328.29090170656616,329.63503787241615,59940900
2020-11-20,329.38470458984375,331.6002065139429,329.31055843142065,331.39626921670055,70417300
2020-11-23,331.3591003417969,332.61981103843897,328.95821946861577,331.19225030951156,63230600
2020-11-24,336.6985778808594,337.2454941499389,333.05554351994675,333.9083515604822,62415900
2020-11-25,336.179443359375,336.6429345632087,335.0856109077494,336.615126222549,45330900
2020-11-27,337.11572265625,337.5884644727242,336.1052868833564,337.2732938319882,28514100
2020-11-30,335.623291015625,336.6058902297958,332.9443262265779,336.3370573763305,83872700
2020-12-01,339.2941589355469,340.8329534365879,338.28375130260855,338.8770337417267,74231400
2020-12-02,340.0079345703125,340.16550576049775,337.6070531807557,338.18177783063066,45927000
2020-12-03,339.91522216796875,341.30569594652076,338.81211070717654,339.90594329021474,62882000
2020-12-04,342.8445129394531,342.8445129394531,340.4065442272832,340.4992481431544,50749900
2020-12-07,342.1400146484375,342.6313143095269,340.8700529748252,342.07511907507774,48944300
2020-12-08,343.1411437988281,343.7065895768302,340.8236874183033,340.8700252302088,42458900
2020-12-09,340.0635070800781,343.95681627791015,339.2292285583469,343.79924510819586,74098300
2020-12-10,339.9523010253906,340.9997674831479,337.8202243105125,338.6915901201066,57735400
2020-12-11,339.5537414550781,339.9616160939201,336.7357345003271,338.2559713720657,57698600
2020-12-14,338.033447265625,342.7981226816186,337.8573183246596,341.7228478589244,69216200
2020-12-15,342.6034851074219,342.6034851074219,339.2014749129828,340.5733910132798,63865300
2020-12-16,343.1411437988281,344.058847472952,341.93604950739774,342.8166942477022,58420500
2020-12-17,345.0599670410156,345.2639043286698,343.95685556996756,344.78188359842443,64119500
2020-12-18,343.6822204589844,345.51616164558806,341.67139953282106,345.3486003375375,136542300
2020-12-21,342.45330810546875,352.3212124729903,337.0259763287473,339.76292408601836,96386700
2020-12-22,341.876220703125,342.8909354359635,340.7497984268332,342.7792278925102,47949000
2020-12-23,342.18341064453125,344.0918139440392,341.8575780688017,342.84436581711367,46201400
2020-12-24,343.5146179199219,343.542544801245,342.0716817018129,342.6581462095984,26457900
2020-12-28,346.4657287597656,346.8567051409463,345.4416956497775,346.06540553732583,39000400
2020-12-29,345.80474853515625,348.1693289377811,345.2182555477863,347.9924491984202,53680500
2020-12-30,346.29815673828125,347.3315083324772,345.90718033712307,346.62398934581523,49455300
2020-12-31,348.0575866699219,348.78371400805713,345.59061740637577,346.1026197103733,78520700
2021-01-04,343.3191833496094,349.51920765992713,339.6233739583343,349.38886325350404,110210800
2021-01-05,345.6836853027344,346.7728905061342,342.6302231348059,342.67678687742756,66426200
2021-01-06,347.7503967285156,350.9435220537929,343.62636577991566,344.17561345030657,107997700
2021-01-07,352.9170227050781,353.6617584095082,349.9473414971712,350.1242211986964,68766800
2021-01-08,354.9278869628906,355.14198358914405,351.05519832067495,354.30414871589034,71677200
2021-01-11,352.5353088378906,354.2947588761163,351.63230195175925,351.7533278864743,51034700
2021-01-12,352.6098327636719,353.6245473333701,350.3662785938468,352.7215686990142,52547700
2021-01-13,353.5594177246094,354.5554954734266,351.7534035637951,352.53538468344925,45303600
2021-01-14,352.32122802734375,354.80683398556437,351.9861054675014,354.3041217359534,49989100
2021-01-15,349.7519226074219,351.5020547003936,347.8900545677973,350.70146508008384,107160000
2021-01-19,352.49810791015625,353.0380654699637,350.72933922047633,352.20952068020125,51233300
2021-01-20,357.376220703125,358.21405551285824,354.397220924243,354.78819724418975,61836100
2021-01-21,357.7019958496094,358.3629793057075,356.7803804745633,357.9347293006691,47840100
2021-01-22,356.4359436035156,357.5996108721701,355.46776448123836,355.8494507545385,52860500
2021-01-25,357.8416442871094,358.1953752542542,352.3211854580391,357.1713708385632,70402000
2021-01-26,357.2831726074219,359.2008944003585,357.0504391042999,358.79128116207573,42665300
2021-01-27,348.551025390625,354.0528491035127,346.31678932489797,353.95975001538807,123351100
2021-01-28,351.548583984375,355.55158851320573,349.9287680398475,350.36627971281166,94198100
2021-01-29,344.5107421875,350.65491209093165,342.83504399028214,349.6867328043069,126765100
2021-02-01,350.2453308105469,351.2786539780254,344.79936089018344,347.9086772342032,75817600
2021-02-02,355.1979064941406,356.75257899401294,350.32913916891863,353.42913732634,64450700
2021-02-03,355.47711181640625,357.19934519602856,354.20173693182824,356.02635940269215,52427100
2021-02-04,359.5173645019531,359.56389983293474,355.5888223142449,356.5104377825251,47142600
2021-02-05,360.932373046875,361.63989189934597,359.47082842089645,361.3885499748435,48669800
2021-02-08,363.5390930175781,363.58562835972907,361.52827190518417,362.384715387774,38365200
2021-02-09,363.29693603515625,363.89274733764177,362.2915399745202,362.7011247326708,35551100
2021-02-10,363.1387023925781,365.18676844469576,360.73690530404883,365.0378156036463,59154400
2021-02-11,363.72515869140625,364.63748409725014,361.29543496551975,364.21855249837824,42913300
2021-02-12,365.52191162109375,365.7639351240039,362.8501073798465,362.9245980037026,50593300
2021-02-16,365.2053527832031,366.94622301748575,364.4885439172145,366.75070644597713,50972400
2021-02-17,365.2892761230469,365.54061812382065,362.44059139832854,363.45533465408033,52290600
2021-02-18,363.7344665527344,364.47920225148306,360.96027351668073,362.6825067811136,59712800
2021-02-19,363.0921325683594,365.27983282306974,362.64527408765895,364.9912455990278,83241000
2021-02-22,360.29931640625,362.7104315988189,360.02933764280306,360.3272432845483,67414200
2021-02-23,360.7369384765625,362.0868041909318,353.9411313866223,358.0930892269746,107284100
2021-02-24,364.7119140625,365.1401640532169,358.6608445373059,359.64763206401153,72433900
2021-02-25,355.9240417480469,364.8144799434178,354.48110517673695,363.4460056039133,146670500
2021-02-26,354.09002685546875,358.9495032557424,352.1071613879296,357.8044726689712,152701600
2021-03-01,362.6732177734375,363.92069420530373,354.28552261817083,358.95880058810565,105348800
2021-03-02,359.84320068359375,363.1293962418053,359.34048841861335,362.89666276485025,79595300
2021-03-03,355.07684326171875,360.11317098093735,354.97442575307235,359.1450201183431,119940200
2021-03-04,350.6828308105469,357.47863729094,346.19572234702065,354.8906420427798,183433000
2021-03-05,357.1341247558594,358.1860844557175,346.90317177128276,354.1830522209463,152039600
2021-03-08,355.35614013671875,360.90449901744677,355.07687129081967,358.0930884659382,123149200
2021-03-09,360.4296875,362.9804372731695,358.69813568759565,359.2008479440805,113633600
2021-03-10,362.6732177734375,364.3675242968636,361.36062596963234,362.7756352759854,109899400
2021-03-11,366.35040283203125,368.32397808065963,364.68402325858307,365.1402001712224,86245000
2021-03-12,366.84381103515625,366.9834454384432,364.181353712992,364.9912616619042,64653600
2021-03-15,369.031494140625,369.2921544845288,364.9539992961072,367.0951358060423,73427200
2021-03-16,368.5660705566406,370.353447865086,367.7933794539433,369.645957368341,73722500
2021-03-17,369.8228454589844,370.62343505257456,366.1363264084717,367.2813854421712,97959300
2021-03-18,364.4420166015625,369.32010118927036,363.76242462104625,367.23481832610025,115349100
2021-03-19,363.7677307128906,365.7197518785145,361.5915342319768,364.14131823450606,113624500
2021-03-22,366.67236328125,368.05466830965446,364.2253325103038,364.28136920712717,73778600
2021-03-23,363.7863464355469,367.4849108087404,363.00180420504506,366.0372486874983,90686600
2021-03-24,361.93707275390625,366.8218139815274,361.8903850062456,365.1873437728255,97588600
2021-03-25,363.9732666015625,364.76712952395036,358.5561469076655,360.49884793682355,116128600
2021-03-26,369.8385925292969,370.2401983720078,364.5242270663124,365.12196135499164,114409100
2021-03-29,369.65179443359375,370.5577590931056,366.877863754709,368.3628933197625,108107600
2021-03-30,368.671142578125,369.3436115196959,367.0740110275809,368.3816101105084,76262200
2021-03-31,370.1654357910156,371.7251997987825,369.21278347970974,369.2408018270159,112734200
2021-04-01,374.16290283203125,374.2189680327331,371.89333106228867,372.0988084552015,99682900
2021-04-05,379.5332946777344,380.0750207457854,376.7500437520767,376.82474984617124,91684800
2021-04-06,379.3091735839844,380.35522998954474,378.63670467999566,378.9729533834397,62021000
2021-04-07,379.7480773925781,380.0936464810016,378.68335178237857,379.1409942505184,55836300
2021-04-08,381.5506896972656,381.60672639186373,380.06566028462163,380.9996431984528,57863100
2021-04-09,384.3246154785156,384.49275406318844,381.30786894490393,381.429291282708,61104600
2021-04-12,384.4648132324219,384.7356478067026,383.11987530124844,383.7269586097735,56704900
2021-04-13,385.60418701171875,386.2299681294225,383.979065799831,384.36200222963515,56551000
2021-04-14,384.28729248046875,386.6315702804382,383.7455664130594,385.5761649966313,61659900
2021-04-15,388.4154968261719,388.68635987083064,386.3794207731198,386.42610852089956,60229800
2021-04-16,389.71380615234375,390.3208894803555,388.2848131174657,389.70445720020575,82037300
2021-04-19,387.7990417480469,389.228034481116,386.4728019580856,388.77974091961784,78498500
2021-04-20,384.95977783203125,387.68699217501296,383.4840687603821,386.5848990980943,81851800
2021-04-21,388.6023254394531,388.80780284580254,384.2032448539139,384.34336511048394,66793000
2021-04-22,385.0531311035156,389.26540322576255,383.98840538810305,388.43417324213044,97582800
2021-04-23,389.2281188964844,390.63844253799283,385.53890264969044,385.61360875851005,73209200
2021-04-26,390.0406494140625,390.61039389838606,389.2934743721866,389.8818882565418,52182400
2021-04-27,389.9565734863281,390.5356668911207,388.8171130815738,390.3395099382348,51303100
2021-04-28,389.8445739746094,391.34830171724354,389.37758238419826,390.22751049909505,51238900
2021-04-29,392.3288879394531,392.94532012603673,388.94787411541165,392.5717326349584,78544300
2021-04-30,389.7510681152344,390.90922633880604,388.8544524767412,390.05929844599274,85527000
2021-05-03,390.5916442871094,392.12336135927444,390.0966345103683,391.7404249655094,68128300
2021-05-04,388.1820068359375,389.0973204297574,384.49279111679294,388.6023105837801,101591200
2021-05-05,388.303466796875,390.05935955355847,387.74307124643747,389.8258637827846,60162200
2021-05-06,391.4042663574219,391.5350091571525,386.37008425835495,388.37814202679203,74321400
2021-05-07,394.2528381347656,394.9066375343284,391.48825686517847,392.17007461027134,67733800
2021-05-10,390.3488464355469,394.8319533096077,390.22742408846256,394.60780651677413,81852400
2021-05-11,386.8650817871094,387.85510146471046,382.9890581244751,385.8283743617133,116888000
2021-05-12,378.6460266113281,385.3520172707222,377.32910724736956,384.08181415543856,134811000
2021-05-13,383.194580078125,385.1279319103437,380.1497860913207,380.1965023474464,106394000
2021-05-14,389.07861328125,389.9285412046908,385.9030768823611,385.93109523135814,82201600
2021-05-17,388.08856201171875,388.9011510722619,386.0711555395105,387.96716817788194,65129200
2021-05-18,384.7449951171875,388.5930008749449,384.5862054511297,388.3501561514101,59810200
2021-05-19,383.7362060546875,383.9136650884359,378.5712816845553,380.05633959916474,106467100
2021-05-20,387.864501953125,389.1253848430136,384.4928366319979,384.6142304929748,78022200
2021-05-21,387.546875,390.59166843930177,387.089232490251,389.34945519441624,76578700
2021-05-24,391.4975891113281,392.57166364801725,389.5455399453994,389.78838459822936,51376700
2021-05-25,390.6289978027344,392.93593669892675,390.0499329669356,392.58101863752853,57451400
2021-05-26,391.4042663574219,391.9085966601107,390.18075089606674,391.2174583544931,43088600
2021-05-27,391.6096496582031,392.94523819922244,391.32943772114305,392.43155906895123,56707700
2021-05-28,392.3102111816406,393.44032258439506,392.07671544123446,393.178808495256,58520200
2021-06-01,391.96466064453125,394.81329741149153,391.525687491623,394.67320566118025,54216600
2021-06-02,392.5810852050781,393.4216927574089,391.6097633493774,392.6184525081131,49097100
2021-06-03,391.12408447265625,392.2635449713107,388.79847572246956,390.2648359999735,58138800
2021-06-04,394.7012939453125,395.00017540086594,391.1895080998204,392.973419377593,55938800
2021-06-07,394.3182067871094,394.86925322739137,393.38422397248354,394.691794212381,51555000
2021-06-08,394.40234375,395.2709411073429,392.57174503386995,395.17753710589864,47134300
2021-06-09,393.81396484375,395.317692442625,393.58981802271103,395.2429578336774,48436300
2021-06-10,395.64447021484375,396.5971509849046,393.7204677812437,395.0373870494079,51020100
2021-06-11,396.2983703613281,396.4104437738481,394.90674465103467,396.195645900819,45570800
2021-06-14,397.1856384277344,397.28836288118606,395.16823163226826,396.41041653956006,42358500
2021-06-15,396.45709228515625,397.3723773329353,395.5791460332352,397.33503853707737,51508500
2021-06-16,394.2434997558594,396.82130162532735,392.19810347152844,396.5971548550764,80386100
2021-06-17,394.11279296875,395.0934636810587,391.6377438115296,393.832609480347,90949700
2021-06-18,388.79608154296875,391.5228387958726,388.5899319002041,390.8294393593685,118676300
2021-06-21,394.3620300292969,394.5494491775668,389.74243684552914,390.5576558078238,72822000
2021-06-22,396.47039794921875,397.30437604962555,393.63117206610633,394.352710107166,57700300
2021-06-23,395.99261474609375,397.35130389007793,395.90828468304557,396.54546422351353,49445400
2021-06-24,398.3350830078125,398.75673318670397,397.88529422084855,398.13831292432985,45110300
2021-06-25,399.74993896484375,400.1997276924306,398.75668054638095,399.08464970632076,58129500
2021-06-28,400.5558776855469,400.72453776466034,399.07536933086004,400.274777553691,53159600
2021-06-29,400.7713928222656,401.57723223614346,400.237273994288,400.9400528954754,35970500
2021-06-30,401.1087341308594,401.78340305544015,400.2841356012442,400.3122456149289,64827900
2021-07-01,403.3294982910156,403.48880742764095,401.8021208712644,401.8677204331776,53441000
2021-07-02,406.4123229980469,406.76840218909126,403.41378848033645,404.49140558885847,57697700
2021-07-06,405.6720886230469,406.68410626099694,402.9359520976346,406.4685771019908,68710400
2021-07-07,407.10577392578125,407.38690265779184,404.3415272693066,406.35615449938257,63549500
2021-07-08,403.7887268066406,404.54772586147544,400.60277236849515,401.7834502743056,97595200
2021-07-09,408.0989990234375,408.3988582078336,403.591846106271,405.2972630468599,76238600
2021-07-12,409.5608215332031,409.8138402584851,407.58368379970483,408.0147135517589,52889600
2021-07-13,408.1646728515625,410.27300986948524,407.9023031665115,408.77374227084334,52911300
2021-07-14,408.7737121582031,410.34795874869207,407.52746339505444,409.8606803722424,64130400
2021-07-15,407.3775329589844,408.10842192602513,405.4753457373174,407.43375298751454,55126400
2021-07-16,404.1821594238281,408.60498202795424,403.7886192907794,408.5581415441631,75874700
2021-07-19,398.2133483886719,404.24788006963104,395.4022322116841,399.3565367778263,147987000
2021-07-20,403.9197998046875,405.19418699140346,398.08203985333273,398.8785282705121,99608200
2021-07-21,407.1900939941406,407.33067265477706,403.8729980876093,405.1192467876088,64724400
2021-07-22,408.04278564453125,408.2864248103382,406.3842377598322,407.3681167667281,47878500
2021-07-23,412.2408447265625,412.5781649624896,409.28917827758306,409.9731982880422,63766600
2021-07-26,413.2527160644531,413.26209560038063,411.6035477215418,411.6503882088871,43719200
2021-07-27,411.369384765625,412.2408239272899,408.5395094805176,412.2127139090476,67397100
2021-07-28,411.20062255859375,412.57807039855686,409.77633422865034,411.9971110612924,52472400
2021-07-29,412.90606689453125,413.9836556005954,412.1189578762892,412.12833741336397,47435300
2021-07-30,410.9007873535156,412.3531856804309,410.207359374989,410.33855849930256,68951200
2021-08-02,410.0386047363281,413.1683093677741,409.68252559090564,412.6154601774068,58783300
2021-08-03,413.37457275390625,413.49639234731455,408.642539261414,410.8352061543172,58053900
2021-08-04,411.3412170410156,413.34646478534535,411.1069573898092,412.0908364864167,46732200
2021-08-05,413.9462585449219,414.030588603164,412.1846210718982,412.50321082397534,38969700
2021-08-06,414.6301574707031,415.0518362349307,413.9835986168319,414.26472732503214,46930000
2021-08-09,414.2928771972656,414.920677039973,413.5244986888596,414.60208735027624,41222600
2021-08-10,414.8082275390625,415.52038600343246,414.05860812109773,414.74262797604996,43339300
2021-08-11,415.83892822265625,415.9326377882429,414.7519601733688,415.87641776811984,44034300
2021-08-12,417.085205078125,417.2257837341095,414.7894778443805,415.68902682349017,38909400
2021-08-13,417.84423828125,417.86296875743454,417.0477498031309,417.5349995492506,39470300
2021-08-16,418.828125,418.95929552799396,414.98626119675987,416.5417486330433,73740000
2021-08-17,416.08258056640625,416.9446399663895,413.0934254851267,416.26997110737653,92673900
2021-08-18,411.5285339355469,416.635404856113,411.2849233872827,415.0705380838792,89351900
2021-08-19,412.1658020019531,413.36523891211175,408.6612866430519,408.8018367196642,92812200
2021-08-20,415.4454040527344,415.7733732693985,412.0252190130029,412.51249736786883,72008700
2021-08-23,419.0999450683594,420.00887376629044,415.5204503118759,417.13215804647064,54973000
2021-08-24,419.7652282714844,420.299347194437,419.2498684240996,419.7652282714844,38744700
2021-08-25,420.64599609375,421.16135587884156,419.57775837696613,419.9525966891945,40529700
2021-08-26,418.1628723144531,420.599149899653,418.0691627312955,420.3648902398338,57829600
2021-08-27,421.90155029296875,422.2763599432397,418.91239543351816,418.9686154512516,77235100
2021-08-30,423.7569580078125,424.5440669661629,422.33264109600447,422.5762802722132,48357400
2021-08-31,423.129150390625,424.0005894306205,422.52946055313254,423.6632692588089,59300200
2021-09-01,423.3540344238281,424.5815527206417,423.11977477029654,424.06619292133183,48721400
2021-09-02,424.6565246582031,425.4623641266029,423.45711639620544,424.77834425136786,42501000
2021-09-03,424.5533752441406,425.0687635577039,423.11970753618436,423.52265580930316,47170500
2021-09-07,423.0354309082031,424.30043871518234,422.3607619842241,424.20672913760086,51671500
2021-09-08,422.52008056640625,423.23223905655976,420.5991342695839,422.5013500889307,56181900
2021-09-09,420.7115173339844,424.0754818080808,420.467878195624,422.32322454960996,57970400
2021-09-10,417.39447021484375,423.06354222411983,417.27265062322766,422.64189201792766,89948200
2021-09-13,418.46258544921875,420.65528041406935,416.14809951622476,420.3929108125865,83738600
2021-09-14,416.2044982910156,420.1119337155956,415.31430007401667,419.9057840546144,78197100
2021-09-15,419.68084716796875,420.17747647552517,415.52039355154807,416.62609222178327,78792200
2021-09-16,419.01556396484375,420.1306135920383,416.0638694935535,419.15611403582216,77786700
2021-09-17,414.9338684082031,418.6658303177403,414.5766484303606,418.24282930799984,118425000
2021-09-20,408.01519775390625,410.38408955076596,403.1457660287209,408.8048283528595,166445500
2021-09-21,407.6297607421875,411.6531328768098,407.1033403647797,410.3558724154265,92526100
2021-09-22,411.606201171875,413.64610208395436,407.74264772094614,409.9047298245333,102350100
2021-09-23,416.6071472167969,418.21463714747955,413.2418148065021,413.4768249344985,76396000
2021-09-24,417.2933044433594,418.00774427100583,414.7551840887501,414.9714036912626,62094800
2021-09-27,416.09954833984375,417.4249802239827,415.40389884937827,416.25933916263614,61371100
2021-09-28,407.7143249511719,413.65538718631905,406.98109458395635,413.3263673075447,130436300
2021-09-29,408.4006042480469,410.83530568589765,407.8365742138815,409.09622503378733,82329200
2021-09-30,403.4090270996094,410.58151260645667,403.0705975741562,409.8764821735044,140506000
2021-10-01,408.2032470703125,409.88592788450086,401.61358155055285,405.1387340260019,129240100
2021-10-04,402.93890380859375,407.93989659857647,400.7955843000598,407.0374659076573,128570000
2021-10-05,407.131591796875,409.3782739253751,403.64404918460883,404.4430607487151,90682500
2021-10-06,408.8236083984375,409.0304184562949,401.90492407695274,403.53117578451554,113032200
2021-10-07,412.3582458496094,415.1971583599053,411.9258351717762,412.1044451950091,72437500
2021-10-08,411.606201171875,413.5145113054979,410.9763899771433,413.1290911815468,74557400
2021-10-11,408.6262512207031,413.8622842543227,408.56044149355773,410.9481526531211,65233300
2021-10-12,407.620361328125,409.9516721203581,406.83073074231044,409.54746158614824,71181200
2021-10-13,409.08685302734375,409.90468374251765,405.6651202312037,408.64503280690064,72974000
2021-10-14,415.9679260253906,416.1183359496485,412.28295460047235,412.7529748558683,70236800
2021-10-15,419.1358947753906,419.5025243769304,417.4626236667043,418.0830539008593,66260200
2021-10-18,420.3767395019531,420.71514033276804,416.69176789132155,417.34980775714325,62213200
2021-10-19,423.61981201171875,423.6855930358415,421.3918922060494,422.00294140527114,46996800
2021-10-20,425.28375244140625,425.5845723051379,423.96770139728164,424.0805016742407,49571600
2021-10-21,426.3930358886719,426.61863646506237,424.2497443496701,424.68215501700655,41305400
2021-10-22,425.9512023925781,427.40828257050583,424.0053114184127,425.9606119788899,58845100
2021-10-25,428.2355041503906,428.56452411353644,425.2650009588396,427.041662859405,45214500
2021-10-26,428.62091064453125,430.99921225220334,428.2449001362051,429.7865805144339,56075100
2021-10-27,426.72198486328125,429.7489164065924,426.6467655584889,429.0814956872959,72438000
2021-10-28,430.83935546875,430.91454608380144,428.1414439075538,428.1508248045862,51437900
2021-10-29,431.7135925292969,432.00500278448646,428.244840846289,428.53625110147857,70162400
2021-11-01,432.4562683105469,433.07669852419264,430.7265971184563,432.70065934906575,48433600
2021-11-02,434.2047424316406,434.51497189123603,432.4938616741639,432.6254811267831,48908400
2021-11-03,436.8556213378906,437.25983186693117,433.19885003088245,433.6406702124122,52509800
2021-11-04,438.9143371582031,438.9989373652711,437.10944667746986,437.4572570913363,52847100
2021-11-05,440.4371337890625,442.4300148756388,438.92368249345276,441.1421640991866,66390600
2021-11-08,440.81317138671875,442.0352412122443,440.1269602027339,441.5370209098921,50405200
2021-11-09,439.3561706542969,441.4148618185051,437.9461097849906,441.17985167362065,51149100
2021-11-10,435.82159423828125,439.35615587855733,434.3363427951768,437.6640656796384,69429700
2021-11-11,435.9626159667969,437.3914960298939,435.94382548251065,437.31627671722447,34848500
2021-11-12,439.2527770996094,439.80739763161506,436.2822452510813,437.2316954723227,53466700
2021-11-15,439.4030456542969,440.7003059029481,438.27501446815774,440.540515111595,46980500
2021-11-16,441.1421813964844,442.2796223088453,439.0647000337654,439.1398906471806,48857500
2021-11-17,440.0705871582031,441.0576182388675,439.4501569663317,440.8790082432791,47858300
2021-11-18,441.5653076171875,441.82851785332514,438.37855602360526,441.10466818812347,50625600
2021-11-19,440.775634765625,442.70270645083684,440.4090051747564,441.4524364328998,57315600
2021-11-22,439.5347595214844,445.1468026589416,439.3279494564215,442.6557009805207,72762000
2021-11-23,440.1176452636719,440.9730857191716,436.60190232452555,439.20580466277784,73206500
2021-11-24,441.2926330566406,441.4148429167893,437.2974607646824,438.115291443818,61858800
2021-11-26,431.450439453125,436.08483277035555,430.32237924723853,434.61837171536075,112669600
2021-11-29,436.7428283691406,438.5852997432788,434.0449166850697,436.24460804442816,86268800
2021-11-30,428.24493408203125,436.20707986716064,428.0005143227515,434.29879841557255,148559600
2021-12-01,423.4882507324219,436.8086374124799,423.290850257439,433.9603158081163,131939200
2021-12-02,429.97454833984375,431.54442870471775,423.3096641820062,423.7044938415965,127637800
2021-12-03,426.23309326171875,432.70054654655826,422.002911834177,431.63832508579986,137331600
2021-12-06,431.28125,433.16133126579666,426.36482716234684,428.7807384739588,98977500
2021-12-07,440.2021179199219,440.76614789818484,431.1495242664586,436.56416615737265,95484700
2021-12-08,441.3677673339844,441.8189970628325,438.83905631109354,440.5969559928679,72238800
2021-12-09,438.3879089355469,441.4712407407317,438.19050845590453,440.07997042228766,61272600
2021-12-10,442.51470947265625,442.66511941343407,438.53835603543934,441.09526765313603,77159800
2021-12-13,438.5947265625,442.3454791791736,438.3126971846737,441.99766876550603,87724700
2021-12-14,435.5771789550781,437.8144800719802,432.65366659136504,435.323378332146,97264100
2021-12-15,442.383056640625,442.6274476583098,433.1142425689226,435.6335728638,116899300
2021-12-16,438.4819641113281,444.517008901416,436.930874118884,444.2350081870244,116568600
2021-12-17,433.8151550292969,438.4092309837767,432.1077064463905,435.3999644120147,135511600
2021-12-20,429.2022705078125,429.59845850346267,425.5798363191293,428.7305989396733,107134800
2021-12-21,436.8244323730469,436.9659280734673,430.456866757222,432.6265442664553,69806300
2021-12-22,441.1921081542969,441.3053047127946,436.3716102556049,436.56973302152085,58890200
2021-12-23,443.9372863769531,445.4371985113299,442.0883418877811,442.19209581442925,56439700
2021-12-27,450.219970703125,450.26712634622396,445.26741905868244,445.3145747017814,56808600
2021-12-28,449.8520812988281,451.68216946735913,449.0879755859266,450.65392880170833,47274600
2021-12-29,450.427490234375,451.44628815269533,448.955877247608,449.9558186671151,54503000
2021-12-30,449.1822509765625,451.8613419081985,448.72002207295793,450.8519578886304,55329000
2021-12-31,448.05023193359375,449.84257807075835,447.77668316160356,448.6917271226337,65237400
2022-01-03,450.6444091796875,450.77649102777576,447.0031187538817,449.31429199851436,72668200
2022-01-04,450.49346923828125,452.7858147658463,448.63508224842974,452.0688648240115,71178700
2022-01-05,441.8430480957031,450.89914766079016,441.74870802750024,450.12559940549204,104538900
2022-01-06,441.4280090332031,444.1448419921144,439.0602084439973,441.380853389721,86858900
2022-01-07,439.6827697753906,442.6165817047028,438.32435344615055,441.43740286255314,85111600
2022-01-10,439.1357116699219,439.35266218590664,430.7305201228873,436.4849195241094,119362000
2022-01-11,443.13543701171875,443.2297770827889,435.8716833675285,438.8715364116939,74303100
2022-01-12,444.3334045410156,446.38991413737506,442.3712637898562,444.87111695426967,67605400
2022-01-13,438.2111511230469,446.08807144277097,437.18291064083445,445.4371624273771,91173100
2022-01-14,438.390380859375,438.7394131797268,433.8434604749311,435.06038106331687,95890900
2022-01-18,430.62664794921875,433.90004939507276,429.5135100897984,433.6925127781855,109709100
2022-01-19,426.1552734375,433.5699368723863,425.88169585972383,432.1738074172843,109357600
2022-01-20,421.4385070800781,432.74918102362534,419.31598522013365,428.04190842212745,122379700
2022-01-21,413.1654357910156,422.6743219055185,413.1371366485651,420.31596407281415,202271200
2022-01-24,414.9200439453125,415.4294573025682,396.9210694706066,407.5525363125253,251783900
2022-01-25,409.85430908203125,414.80686073493035,402.9490301538802,408.52419175491247,167997300
2022-01-26,408.8260498046875,418.8820910132849,404.56212043743244,415.7501849161173,186391100
2022-01-27,406.8072204589844,416.5708261311216,405.11865724018224,413.4295066516993,149878300
2022-01-28,416.9105224609375,416.95767810367454,403.5810789597359,408.1657129140467,164457400
2022-01-31,424.4195251464844,424.7685575099905,414.8917534598383,416.2407272712182,152251400
2022-02-01,427.28729248046875,427.9287589149775,421.61779092107525,425.1458850994215,123155400
2022-02-02,431.43792724609375,432.16429099295607,427.38153506884584,429.6927369366117,117361000
2022-02-03,421.29705810546875,427.3061493870198,420.45746888036115,425.4006065808514,118024400
2022-02-04,423.278076171875,427.12690349554987,418.68397092224063,421.0612140470099,118454400
2022-02-07,421.91961669921875,425.4382678088837,420.58949956003295,424.04213853628335,84472900
2022-02-08,425.3911437988281,426.31563040935833,419.99522006477935,421.4196773714475,81012000
2022-02-09,431.6171875,431.9379206826289,429.2305307331496,429.42862471301396,92589900
2022-02-10,423.86297607421875,431.7776105996194,421.86309308439786,425.7685189857641,140103700
2022-02-11,415.5048828125,426.0231523425291,414.0710117021737,423.94781485036305,153214600
2022-02-14,414.146484375,416.5803257355876,410.67498861776903,414.9955162101405,123006300
2022-02-15,420.82537841796875,420.99517327307245,418.0708037959125,418.5896597934599,88482700
2022-02-16,421.29705810546875,422.6743310487677,416.90107555558865,418.7783192186944,84863600
2022-02-17,412.2974853515625,421.26868640848454,411.6937608073531,418.1084816308631,102259100
2022-02-18,409.6278991699219,413.806902341528,407.3544387638589,412.55223985255054,132642900
2022-02-22,405.23187255859375,410.82588982072514,401.7320491873631,407.42043529880675,124391800
2022-02-23,398.04364013671875,408.71284849771104,397.477628508236,408.1468368692283,132578000
2022-02-24,404.03387451171875,404.4678331044579,387.3744592030102,387.7329054308326,213942900
2022-02-25,412.94842529296875,413.0333227139032,403.61874859349035,405.26959895160047,121804500
2022-02-28,411.8918762207031,413.37293170296726,406.297858901948,407.552492478369,145615000
2022-03-01,405.6186828613281,412.4013221597528,402.9112639395008,410.3919967190823,137785900
2022-03-02,413.0805358886719,414.8068411449072,407.1186004140651,407.8732634005898,117726500
2022-03-03,411.02398681640625,416.11803346129733,409.22219816012046,415.5143088873288,105501700
2022-03-04,407.68463134765625,408.81662588103086,403.63768107861074,407.2884145484183,113978200
2022-03-07,395.6664123535156,407.8072341448679,395.60037142345385,407.09972677904506,137896600
2022-03-08,392.66656494140625,403.0055972451965,391.60058263341585,395.84562657872834,164772700
2022-03-09,403.1943359375,405.1753624907321,398.8643939390567,401.05295715574266,116990800
2022-03-10,401.3735656738281,402.2697241963795,396.61910918123664,398.5812498353384,93972700
2022-03-11,396.27020263671875,404.47727157024167,395.76078922516666,403.8641042205582,95636300
2022-03-14,393.3740539550781,400.4962825052735,392.23261691926257,397.0436722577172,95729200
2022-03-15,402.0245666503906,402.6565904451957,394.71365716973366,395.98714740326733,106219100
2022-03-16,410.9391174316406,410.99571571466925,400.7321381601262,405.5337798825797,144954800
2022-03-17,416.080322265625,416.080322265625,408.646774491688,409.02410595061707,102676900
2022-03-18,420.63751220703125,420.9592417518536,413.72972677495335,414.4678189961287,106345500
2022-03-21,420.5146179199219,422.47338269242965,417.00392141262006,420.46728690424806,88349800
2022-03-22,425.4352111816406,426.37201295183075,421.9055997031732,421.9055997031732,74650400
2022-03-23,419.9563293457031,424.3943560786695,419.8711681632906,422.8992560796724,79426100
2022-03-24,426.2868347167969,426.29630669485863,420.8647048360825,421.9813008840571,64736900
2022-03-25,428.36865234375,428.64307980820996,424.33751705816746,426.92085470819296,77101300
2022-03-28,431.41558837890625,431.41558837890625,425.87988219808983,427.77242934517386,68529800
2022-03-29,436.75262451171875,437.24470532869987,432.6174129701443,435.30482687325934,86581500
2022-03-30,434.0557861328125,436.42147053755207,431.94558524771077,435.60766008577025,79666900
2022-03-31,427.3751220703125,434.11258705050625,426.9209002404847,433.2893334473063,121699900
2022-04-01,428.5862731933594,429.09724017093697,425.0093599604166,428.9553048993876,89048800
2022-04-04,432.2577819824219,432.36188709811455,427.96172050083106,428.7849739372156,59601000
2022-04-05,426.7978515625,433.2325015603828,425.6528684021026,430.7627409154782,74214500
2022-04-06,422.5301208496094,424.8106439250677,419.64399762453365,422.8802663750546,106898000
2022-04-07,424.6592712402344,426.47612959296237,419.7008059045146,421.65012756907544,78097200
2022-04-08,423.5237731933594,426.4193687220367,421.981342273067,423.90227693918933,79272700
2022-04-11,416.2847900390625,421.0918483203158,415.78326607146334,420.2496507622423,89770500
2022-04-12,414.7423095703125,421.80150331220403,413.19040683522564,419.2749398176844,84363600
2022-04-13,419.4926452636719,420.2496527692532,414.31652630785027,414.49632064407325,74070400
2022-04-14,414.2691345214844,420.836275728142,414.16502940715344,419.7196509137634,97869500
2022-04-18,414.4394836425781,416.123849633217,412.2062627473825,413.34180271144544,66002500
2022-04-19,421.1296691894531,421.8488175877449,414.1650795150678,414.33540185587515,77821000
2022-04-20,420.8173522949219,423.52370998577396,419.6534541721469,422.9086378808468,65224400
2022-04-21,414.5246887207031,425.83267191463915,413.61627398000866,424.4416483063958,85417300
2022-04-22,403.1504821777344,414.54359749502777,402.5827121441921,413.43647336370464,132471800
2022-04-25,405.4877624511719,405.65808479066646,396.33728283967,400.90780109531795,119647700
2022-04-26,393.7445068359375,403.1504700703284,393.71611977901205,402.95173179386785,103996300
2022-04-27,394.85162353515625,400.19809313911514,392.7130645715548,394.82323647876274,122030000
2022-04-28,404.8253479003906,406.5570449371299,395.1639015423122,399.6019274903522,105449100
2022-04-29,389.8647766113281,402.9895886209459,389.1172122790781,400.8320856724879,145491100
2022-05-02,392.2115783691406,393.57421496301487,383.2598073525532,389.93105502630925,158312500
2022-05-03,394.00946044921875,396.4224469103301,391.15169530175734,392.7130700591638,100028200
2022-05-04,406.0082092285156,406.5759792490273,391.48290152050896,394.67183940897127,144247900
2022-05-05,391.5775451660156,402.16635092774,387.44233342518896,401.7405161814466,172929100
2022-05-06,389.2402038574219,392.51430263534195,383.9316224860018,389.01310741996485,151770800
2022-05-09,376.77783203125,384.5751184962438,375.19754216123187,383.3355021930368,155586100
2022-05-10,377.6484069824219,384.26285159656214,373.60782825671424,382.75827972149085,132497200
2022-05-11,371.6489562988281,382.3323933257538,370.90139206919764,376.68313878017256,142361000
2022-05-12,371.2610778808594,374.5351773075326,364.45736660676437,368.45064339852814,125090800
2022-05-13,380.1370849609375,381.5186365245012,374.35533743902573,375.39624432033366,104174400
2022-05-16,378.5946044921875,382.2661507129922,376.23839244839405,378.4905282567008,78622400
2022-05-17,386.3825378417969,386.6191062996921,380.9509064114928,384.68869959743125,83029700
2022-05-18,370.80682373046875,382.1053347959958,369.56720740842707,381.82146421765935,117674500
2022-05-19,368.5357666015625,372.96434969897865,366.3120175133911,367.7409001168937,98510700
2022-05-20,368.6966552734375,375.69907542713753,360.09503013105126,372.12216171567013,131432200
2022-05-23,375.5950012207031,376.3614806717681,369.406362617675,371.72471605038334,76414900
2022-05-24,372.727783203125,373.9200684973476,366.17008413397616,371.46922293735594,91448800
2022-05-25,376.0207824707031,377.9890479746067,370.83522098115014,371.2326397707966,91472900
2022-05-26,383.5341796875,385.1712435361306,377.0427561590206,377.2509375219795,82168300
2022-05-27,392.9495544433594,393.06310264623306,385.79572888255234,385.99443823758133,84768700
2022-05-31,390.7447814941406,394.0851264101224,388.0005936135915,391.3314665518741,95937000
2022-06-01,387.58428955078125,393.8770046632853,385.06719773018256,392.8645136255513,86585800
2022-06-02,394.9652099609375,395.01251209671574,385.1712709822698,387.42340710258367,79609600
2022-06-03,388.48321533203125,391.795173302903,387.50855457000824,390.24327056369185,71874300
2022-06-06,389.66607666015625,394.22709420031765,388.49267756993027,392.49542593941146,57508900
2022-06-07,393.4037780761719,393.85799980122914,385.710569071012,386.1742627730429,59272400
2022-06-08,389.126708984375,393.4795741929143,388.33184246632624,391.69110286881636,64350000
2022-06-09,379.8720703125,389.61867668783157,379.8720703125,387.34762585918884,86289800
2022-06-10,368.8574523925781,374.5161791416106,368.8101502618891,373.6645386433497,132893900
2022-06-13,354.8526306152344,361.2967520769685,353.2439538052529,359.4420637467876,170004900
2022-06-14,353.7833557128906,357.6346967344851,350.6795790257293,356.60326183152415,104011800
2022-06-15,358.8269958496094,363.27446487884,352.1273619331276,357.08582684228884,125666800
2022-06-16,346.9512023925781,351.0107241373277,344.51927236083463,350.6038334285706,134473300
2022-06-17,347.6992492675781,351.04454035549736,344.1924419666906,347.36664594017265,111113900
2022-06-21,356.4519958496094,357.8395151338056,353.3538089384876,353.42985407891445,76811900
2022-06-22,355.80584716796875,359.92089960070416,351.80480446926504,352.22296583921377,90059400
2022-06-23,359.29364013671875,360.02540799730696,354.3802877819863,357.9441431467789,79292100
2022-06-24,370.7169189453125,370.72643183907684,362.43928023680013,362.4677899153683,98050300
2022-06-27,369.3009033203125,371.93339374615164,368.20799359853146,371.6387840560035,66009600
2022-06-28,361.7550048828125,373.64403342980467,361.6409661729738,370.85948192125505,86548900
2022-06-29,361.4604187011719,363.2946090766125,359.6357412197438,362.3062541919747,65676000
2022-06-30,358.5238342285156,361.7645700473963,354.06663699104956,357.5639599441416,112508300
2022-07-01,362.3157653808594,362.7529525002182,355.2450743514729,357.8680810567147,74839700
2022-07-05,363.0,363.01902578805715,354.3897288005455,357.22181596212545,81438000
2022-07-06,364.2260437011719,366.7159861827103,360.75723003789744,363.1426176733525,70426200
2022-07-07,369.6810607910156,370.47936086311995,364.2449925833958,366.0031669220348,64525900
2022-07-08,369.376953125,371.24916611652566,366.5163562235368,368.04642405277673,72397800
2022-07-11,365.1573181152344,367.6662567653329,364.46354395303933,366.6968987191373,58366900
2022-07-12,361.9261169433594,366.99155941529256,360.17745545859367,364.60614303529803,62219200
2022-07-13,360.02532958984375,362.96197129328345,356.0623395287953,356.48050078741414,84224600
2022-07-14,359.1510314941406,360.23442826193605,352.6220542011667,355.06446062617965,89704800
2022-07-15,366.01263427734375,366.12667298735175,361.6504796031944,363.5606860012762,79060400
2022-07-18,362.990478515625,369.7760425251106,361.7645044246578,369.10129418165167,63203600
2022-07-19,372.7983093261719,373.36853204838025,366.25984632007794,366.9155690974752,78506000
2022-07-20,375.1741943359375,376.5902526755153,371.61985165018353,372.9883745137026,71843800
2022-07-21,378.9945983886719,379.0421048535145,372.1900078667484,374.59442084284586,64903900
2022-07-22,375.4782409667969,380.3155764832449,373.2543990144218,379.1181409721045,72197300
2022-07-25,375.9344482421875,376.78976766133366,373.6915803624673,376.10550632547137,53631500
2022-07-26,371.48675537109375,374.4993845551237,370.59341339787153,374.29030390175836,52946400
2022-07-27,381.1329650878906,382.88162668042236,374.48991881207405,374.78452854217437,82342100
2022-07-28,385.9132385253906,386.60698374585616,378.38636390787866,381.9407350618802,73966600
2022-07-29,391.53936767578125,392.52775161157655,386.5784802133014,387.3482705951752,87003700
2022-08-01,390.37994384765625,392.8889118778882,388.1275919584921,388.8403630121632,69997500
2022-08-02,387.8044738769531,392.49926155328086,386.6260350117583,388.81185464934134,63435400
2022-08-03,393.8773193359375,395.0462453718832,389.6481992309968,389.9332960683664,67820600
2022-08-04,393.61114501953125,394.48546115765066,391.96700956030446,393.8011998743411,45656600
2022-08-05,392.9458923339844,393.59213106466996,389.2679987016488,389.3250180600784,56814900
2022-08-08,392.4897155761719,396.88989316531894,391.387292955347,394.63754145835884,53886100
2022-08-09,390.9311218261719,392.26162182953084,389.85720892972773,391.75793150673337,44931800
2022-08-10,399.1422119140625,399.28478930367265,396.03454106904235,397.99228292287995,68665700
2022-08-11,399.1422119140625,403.8560245937494,398.4009312995291,401.993295662687,59489700
2022-08-12,405.89935302734375,406.0038788583054,400.130652464098,401.0810138483799,61694500
2022-08-15,407.5719909667969,408.09470715752286,403.62799681331194,403.685016179176,54048300
2022-08-16,408.3702392578125,410.2994714282671,405.69021358179475,406.49802644193505,59289000
2022-08-17,405.4716491699219,408.1801847177208,403.4664007169476,404.76839107782297,63563400
2022-08-18,406.6501159667969,407.33434826924736,404.37873850839094,405.6712159722093,49023200
2022-08-19,401.18548583984375,404.1506081060881,400.3111407856508,403.88450813354626,68016900
2022-08-22,392.83184814453125,396.5192546194772,391.92899331076484,396.34816754384633,77695600
2022-08-23,391.881591796875,394.79920872238773,391.33036585514355,392.40427904942067,49105200
2022-08-24,393.1360168457031,394.50451059223457,390.9691939931629,391.6534263650644,49177800
2022-08-25,398.6861267089844,398.73363317866927,393.53515507562247,394.62806490293383,50942300
2022-08-26,385.19091796875,399.1137045548559,385.1338986136642,398.57202068154095,103087000
2022-08-29,382.64404296875,385.69469516399244,381.285033028505,382.23539449766605,65370800
2022-08-30,378.44342041015625,384.0410632057968,376.3431297512481,383.80347284610536,85652400
2022-08-31,375.5638122558594,381.3230000374987,375.43077674086555,380.07802891985665,76029700
2022-09-01,376.7423095703125,377.0844257808097,370.6789987050582,373.38753471575,78740100
2022-09-02,372.7697448730469,381.6271200488621,370.9545511254495,380.41065862148133,99632100
2022-09-06,371.3631591796875,374.5563589538971,369.1393174077795,373.61551062805364,76637400
2022-09-07,378.0347595214844,378.8045499413538,370.8310328137159,371.0495973756983,70964200
2022-09-08,380.5057067871094,380.9618617031352,374.5564350669581,375.7634126219765,80821700
2022-09-09,386.41693115234375,387.28176346215974,382.4824212375365,382.74852125573165,76706900
2022-09-12,390.570068359375,391.29235238310486,388.1846517040693,388.4887743459273,69256300
2022-09-13,373.5870666503906,383.09068051072757,372.4656471755256,381.883702988719,122947100
2022-09-14,375.0125732421875,376.53315711649486,371.7053054907733,374.88902163325827,85023700
2022-09-15,370.7550048828125,376.305112280204,369.48152401791003,373.45402792521134,87633800
2022-09-16,367.92657470703125,368.585020179626,364.6343473440576,366.5715341126114,103084800
2022-09-19,370.7798156738281,370.7798156738281,364.70114963446014,364.77750717597377,73278500
2022-09-20,366.5238037109375,368.4609613594327,363.76599177517704,367.44944233835855,77274900
2022-09-21,360.13018798828125,371.5050138173394,360.12063601648464,368.4513532726731,106746600
2022-09-22,357.1051330566406,360.99852235439477,356.3608073472819,359.3571850053135,89472600
2022-09-23,351.1219177246094,353.66978968711527,346.67503807204696,353.63161092219536,122346900
2022-09-26,347.6484069824219,353.2785667174396,346.4269485005134,349.652370039799,92581200
2022-09-27,346.7609558105469,353.4598882434016,344.3657404059386,351.18873199675016,108294100
2022-09-28,353.5839538574219,355.27299311416255,346.01663630256644,347.7152275322068,110802200
2022-09-29,346.1978454589844,350.3202485783266,343.2491697803337,350.0339806956847,112952300
2022-09-30,340.844482421875,349.17522920833704,340.7109004194997,345.25318357199444,153711200
2022-10-03,349.8431701660156,351.6944470852205,342.78161312339256,344.5660844856892,89756500
2022-10-04,360.6836242675781,360.71225105913686,349.80500664731017,355.3683600338881,103602800
2022-10-05,359.8438720703125,362.10547600581526,353.9846987017383,356.3131081925854,88065700
2022-10-06,356.1318054199219,361.3993391526018,355.6355688484854,358.441111032702,82333500
2022-10-07,346.1978454589844,356.21762905748784,344.43244919106655,352.09519681628575,107789500
2022-10-10,343.5545349121094,347.5529082912699,341.31203506732743,347.3143419995389,76042800
2022-10-11,341.3788757324219,346.42694756944854,339.4417182439327,341.8560084056642,92482800
2022-10-12,340.2528076171875,343.36372158176107,340.0046893387279,341.7891897787711,76991800
2022-10-13,349.2324523925781,350.7020290219594,332.18925999717504,333.23895758959026,147254500
2022-10-14,341.2738952636719,353.32627035722425,340.6345247152281,351.6944557677686,123737000
2022-10-17,350.0436096191406,351.15056087847387,340.9399103655982,347.362126415413,93168200
2022-10-18,354.156494140625,358.2789273270504,350.7115811797056,357.9735554343078,97162900
2022-10-19,351.646728515625,354.84352278104876,348.83163450834223,352.11430914770796,79746900
2022-10-20,348.69805908203125,355.6260339289677,347.9346294295258,351.1982293100266,88283100
2022-10-21,357.1719055175781,357.65856093354137,346.91355531677885,348.4212814163938,131038400
2022-10-24,361.5425109863281,362.6780890904026,356.0459332134546,358.69881886172783,85436900
2022-10-25,367.3157653808594,367.6306600761956,361.35160801427605,361.4661151762165,78846300
2022-10-26,364.5483703613281,369.8540823855379,363.9090290046154,364.1666701170704,104087300
2022-10-27,362.6017761230469,367.392177933265,361.9814803173528,365.55045270586106,81971800
2022-10-28,371.228271484375,371.70540412790007,362.31543719795053,362.49674993223925,100302000
2022-10-31,368.5467529296875,370.63659603718315,367.6402184672529,368.7662444084812,96631300
2022-11-01,366.93402099609375,372.53558182792375,365.76029351237366,372.2970155430231,85407600
2022-11-02,357.72540283203125,370.85610174230845,357.62044763501416,366.34241671143474,126990400
2022-11-03,354.0419616699219,357.08607016392386,351.92349163838855,354.4809155332156,87100100
2022-11-04,359.13775634765625,361.5424944523819,353.07816578614245,359.75802297669105,103505200
2022-11-07,362.5730895996094,363.16472938893213,358.3552244250396,360.435515659066,68286900
2022-11-08,364.5294189453125,367.5067226290313,360.44516379320845,363.68010867660115,84641100
2022-11-09,357.019287109375,363.7086962893126,356.52305050737357,362.55401428993724,78495500
2022-11-10,376.63897705078125,376.9729757332263,368.0028876550996,370.30264142200895,141455800
2022-11-11,380.2842712402344,381.085850591747,375.60834800694585,377.4978037709963,93839900
2022-11-14,377.0492858886719,381.8778657875463,376.77254080840333,378.5188625471577,71903500
2022-11-15,380.2651672363281,383.91046764433503,376.44810606485254,382.8035164099832,93194500
2022-11-16,377.3642272949219,379.5876526465697,376.73440869768956,378.63338733958733,68508500
2022-11-17,376.2095031738281,376.88705243365007,372.2970391508522,372.6023818822728,74496300
2022-11-18,377.9176940917969,379.6162851991159,375.06445009963727,379.54947963736595,92922500
2022-11-21,376.5435791015625,377.7173360224795,374.701853876587,376.5913098444823,51243200
2022-11-22,381.6106872558594,381.77292517031464,377.077927085489,378.4902502119182,60429000
2022-11-23,384.01544189453125,384.5020973782574,381.0476617682043,381.2766761134872,68261600
2022-11-25,383.9295349121094,384.4830250793276,383.175686313319,383.45240227506304,30545400
2022-11-28,377.8031921386719,382.4790864541177,377.0397623978261,380.837748913633,67881600
2022-11-29,377.1542663574219,379.1295732981502,375.312512286855,377.9367417321205,52310000
2022-11-30,389.0349426269531,389.0349426269531,375.48439032831845,377.40244413398347,144566700
2022-12-01,388.7485656738281,391.2487358630156,386.2388435135502,390.07497917155587,76398200
2022-12-02,388.3000793457031,389.20661386702676,383.7482445522166,383.8531997520255,85342700
2022-12-05,381.3148193359375,386.4105918965586,379.9597790901639,385.4754306592434,77289800
2022-12-06,375.81829833984375,381.69657620844976,373.7284840801718,381.1526671084108,77972200
2022-12-07,375.17901611328125,377.545604965489,374.0434378729196,374.9690765447639,65927900
2022-12-08,378.1180725097656,379.18684498444895,375.2839034087124,377.068403979044,60737900
2022-12-09,375.29339599609375,379.43490324109257,375.16933686743675,376.8774796353652,81447700
2022-12-12,380.7041320800781,380.7041320800781,375.41749445562255,376.0854626556509,75405800
2022-12-13,383.5860595703125,391.71639020048895,380.8186957666648,391.45874902933895,123782500
2022-12-14,381.1335754394531,386.9545999060633,378.1848989989114,383.2424937114521,108111300
2022-12-15,371.81036376953125,377.17332966722427,370.1499515992905,376.2667660559643,117705900
2022-12-16,367.42071533203125,370.59383534034583,365.2829507209457,369.2517350620785,119858000
2022-12-19,364.30511474609375,367.9479918227815,362.63707790509415,367.6124594366193,79878100
2022-12-20,364.80364990234375,366.42376617165866,362.224886337841,363.5478242860952,74427200
2022-12-21,370.2583923339844,371.38958923394796,366.8647723784969,367.40161257697446,78167400
2022-12-22,364.9761657714844,370.23912957543627,359.2722031883447,367.20980089104194,100120900
2022-12-23,367.07562255859375,367.21941379519086,362.39741929068407,363.950423157118,59857300
2022-12-27,365.6280517578125,367.3056844290648,363.9504190865602,366.96058546509136,51638200
2022-12-28,361.0840759277344,367.53578243852644,360.8540099500132,365.5609421925815,70911500
2022-12-29,367.5837707519531,368.4561434188278,363.40405276866323,363.9313264054412,66970900
2022-12-30,366.61541748046875,366.7592086998613,362.78082893352615,364.89946016973596,84022200
2023-01-03,365.07208251953125,370.450079987651,362.20570711462034,368.47526883215227,74850700
2023-01-04,367.8904724121094,369.9227998702252,364.2859494452824,367.33444063245616,85934100
2023-01-05,363.6916198730469,366.0498840558089,363.09726322382664,365.9348510599075,76970500
2023-01-06,372.03179931640625,373.15342943340613,363.7203443233328,366.787997866155,104189600
2023-01-09,371.8209228515625,377.4194487549502,371.6388067821009,374.2271369047477,73978100
2023-01-10,374.42840576171875,374.4955180862106,370.29663872249137,371.2361234986063,65358100
2023-01-11,379.1641845703125,379.24089274048094,375.1953998041472,376.01025589251583,68881100
2023-01-12,380.5445861816406,382.0113152345906,376.19234893637963,380.2665995563064,90157700
2023-01-13,382.0209655761719,382.5961598321735,377.0743417835104,377.34276186889844,63903900
2023-01-17,381.3211364746094,383.67942996148565,380.64050506445955,382.00179714035386,62677300
2023-01-18,375.3008117675781,383.57394241937,375.0995040316948,382.5098579883935,99632300
2023-01-19,372.5686950683594,374.9077675297641,371.2457571335137,373.2588930285292,86958900
2023-01-20,379.50927734375,379.66266441415144,372.31942298138915,373.96829741871426,91806400
2023-01-23,384.0628356933594,385.9992925218667,379.3558743905331,380.31452159871134,84178800
2023-01-24,383.650634765625,384.56133208460926,381.19650018692624,382.3852133953482,59524900
2023-01-25,383.7944641113281,384.12999652768013,377.28524055423935,379.57642171380235,84800300
2023-01-26,388.0124816894531,388.1754645974599,383.4876654146606,386.4594777963223,72287400
2023-01-27,388.904052734375,391.28150871155356,386.7566920166625,386.967595605409,68346200
2023-01-30,384.0245056152344,388.3767724039486,383.7273273025726,386.1431078861568,74202000
2023-01-31,389.67095947265625,389.7188801347345,384.19706240377985,384.5421906397612,86811800
2023-02-01,393.81231689453125,396.5636593442866,385.7117643976384,388.45348175657574,101459200
2023-02-02,399.5449523925781,401.01168134124487,395.8062344112305,397.7043370179822,101654500
2023-02-03,395.2982177734375,399.7271635935274,394.0903128204698,394.56963646776256,94736800
2023-02-06,392.8824157714844,394.2820619137646,391.22397464206705,392.8440909429574,60295300
2023-02-07,398.020751953125,399.26698166926644,390.7158646278332,391.9620943439746,90990700
2023-02-08,393.66851806640625,397.38807436741587,392.9782908223468,396.0459739638543,76227500
2023-02-09,390.255615234375,397.42630553796687,389.02854820839207,397.27291850277084,78694900
2023-02-10,391.1664733886719,391.54992647804596,388.26177308465975,389.0765999287314,70769700
2023-02-13,395.75836181640625,395.8925864844252,391.3581741107854,391.8183353582287,64913500
2023-02-14,395.57623291015625,397.88654714068605,391.6170149103328,394.23410329587506,88389300
2023-02-15,396.86077880859375,396.93745771221506,392.5372705702228,393.3808847880114,61555700
2023-02-16,391.396484375,395.83502566820573,391.2622889776,391.88540381719497,76431500
2023-02-17,390.4186706542969,390.6583324559055,387.34139205761664,389.2682823043391,89257800
2023-02-21,382.5865478515625,387.44689668905306,382.3277236123021,386.39237880681736,82655900
2023-02-22,382.0592956542969,384.54218860202,380.6021330632425,382.9987512663258,83742300
2023-02-23,384.0915832519531,385.56790810303414,379.8639456708509,384.95435986418846,96242400
2023-02-24,379.9886169433594,380.8226354035622,377.36193273433554,379.0683237378521,108194400
2023-02-27,381.2827453613281,384.69552690942936,380.34326061280535,383.3342350701894,80444700
2023-02-28,379.87353515625,382.7686390639976,379.7680687551402,380.80342407699254,96438600
2023-03-01,378.41644287109375,380.2858168924637,377.1126965271028,379.05874946346245,99706800
2023-03-02,381.3594665527344,382.20308082772186,376.1060690029621,376.4416013971857,85127800
2023-03-03,387.4756164550781,387.7248740903768,382.5289933624495,383.18086644105557,90120000
2023-03-06,387.74407958984375,390.60085911261217,387.3031100177366,388.3000821585358,72795900
2023-03-07,381.80047607421875,387.93584262349646,381.1869569726485,387.6961807819027,108310600
2023-03-08,382.4235534667969,383.1808636899206,380.1898891101756,381.91547162159134,74746600
2023-03-09,375.3678894042969,384.87768235160564,374.38048397400695,383.20961635596575,111945300
2023-03-10,369.95166015625,376.9018545297579,368.42741414224923,374.82157658274053,189253000
2023-03-13,369.4242858886719,374.24630958503957,364.90906558564376,366.0210998932848,157790000
2023-03-14,375.5308837890625,377.17975816787913,371.0443925918974,374.35173718346283,149752400
2023-03-15,373.18218994140625,373.38349766674736,367.8425178859198,369.9323910671056,172996900
2023-03-16,379.729736328125,380.074864540284,370.3158428605711,370.8239247170232,143254200
2023-03-17,375.28973388671875,379.533507168689,373.9040108000652,378.3979930571189,140553400
2023-03-20,378.8983459472656,379.31215983644114,375.3666994576997,376.06916402579844,93055800
2023-03-21,383.87347412109375,384.35462710121084,380.66897882785537,382.2664102459138,91524200
2023-03-22,377.3297424316406,387.3184821097673,377.2912713410689,383.7002319906284,111746600
2023-03-23,378.349853515625,384.2391613901428,375.636143615093,380.1974645439356,119351300
2023-03-24,380.83258056640625,380.9191845780308,374.7219318967555,377.06996076940004,107682400
2023-03-27,381.5447082519531,383.8831342228275,380.64977069262744,383.1132717788515,74010400
2023-03-28,380.6882019042969,381.5446388438139,378.85019419817775,380.85177745390115,62871700
2023-03-29,386.2215270996094,386.46210360467114,383.65215710396006,384.8550396292689,77497900
2023-03-30,388.48291015625,389.10840312839423,386.6160343292529,388.85819419263817,69840000
2023-03-31,393.9584045410156,394.25671700401034,389.30081840141827,389.40668731548556,112062600
2023-04-03,395.4596252441406,395.86377728046097,393.04422801384897,393.4387769608017,67391100
2023-04-04,393.265625,396.3931196515644,391.8895050342017,396.10441021722386,66601500
2023-04-05,392.2359619140625,393.2945044696635,390.58079429091845,392.53427444783404,65200200
2023-04-06,393.7659606933594,394.0450376322365,390.3882575257403,391.437167451645,63743300
2023-04-10,394.1701354980469,394.2471364215444,390.6673570273508,391.2832175790923,63681000
2023-04-11,394.2760009765625,395.6809594619992,393.5061679518089,394.7956544202573,59297900
2023-04-12,392.6689758300781,396.6337014636882,392.08198323006627,396.3449920254895,86420400
2023-04-13,397.88458251953125,398.240630968758,392.6111361339161,393.7562823916815,85814800
2023-04-14,396.9127197265625,399.44358917464797,394.6031912280039,397.24953269593004,78161500
2023-04-17,398.33697509765625,398.3562106467558,395.59439693756417,396.8261475266993,66436400
2023-04-18,398.5967102050781,400.04980148093387,397.220619845255,399.9150645614992,63560000
2023-04-19,398.5293884277344,399.43392897608123,396.62401213094887,396.68174813685937,55227300
2023-04-20,396.3545837402344,398.10598763661955,394.80525587274064,395.7098258250606,75840400
2023-04-21,396.6625671386719,397.12445524947367,394.70908702407195,396.65293468061344,73457400
2023-04-24,397.0763244628906,397.4997414469219,395.12284448225694,396.46043453439125,64332100
2023-04-25,390.7731628417969,395.661693208056,390.7154268377835,395.103539346267,97766700
2023-04-26,389.11798095703125,392.46681590055556,388.55985648339924,391.38903804302885,80447000
2023-04-27,396.8645935058594,397.1340379925136,391.4083059420538,391.65851488224934,92968400
2023-04-28,400.2519226074219,400.26155506482286,395.92154566069996,395.97928167060974,89433100
2023-05-01,399.8477783203125,401.8782298985706,399.6168049089298,399.8092778572073,62122300
2023-05-02,395.35382080078125,399.1838095173126,392.44766705242614,399.1356765936417,103998500
2023-05-03,392.64007568359375,398.26957154429016,392.3994991884123,395.8541741351487,91531800
2023-05-04,389.8590393066406,391.9183589011733,388.5214198537967,391.5911783811914,94901900
2023-05-05,397.0763244628906,398.125234465571,393.2367329689119,393.4965450134205,87891800
2023-05-08,397.1821594238281,397.6633124121759,395.7772009206819,397.4035003706773,50046800
2023-05-09,395.44036865234375,396.55664705489033,395.20942462672946,395.6328415851866,49220100
2023-05-10,397.2879943847656,398.9142936957152,393.45800635276555,398.2791682813285,96142900
2023-05-11,396.5951843261719,396.8838643849846,394.5165998009732,396.4219762908843,70157100
2023-05-12,396.0754699707031,398.04821462684833,393.65046974768575,397.8365061605119,70481500
2023-05-15,397.4420166015625,397.8461686821511,394.76680705489645,396.6817866269805,54289400
2023-05-16,394.7860412597656,397.2591747577228,394.77640880213,396.3353398421656,57705500
2023-05-17,399.57830810546875,400.18453618231763,395.1613273420889,396.8068622851723,87287000
2023-05-18,403.4275817871094,403.8509988046538,399.03946848460396,399.26078008428595,97177200
2023-05-19,402.840576171875,404.8614248617897,401.61845799317615,404.33216825199736,103793300
2023-05-22,403.0041198730469,404.54381527738377,401.6183969458684,402.85977985297563,60745400
2023-05-23,398.48126220703125,402.9367433972177,398.08671324851565,401.35854756315524,86383500
2023-05-24,395.5943298339844,397.2591296170941,394.4299479150844,396.8742131296412,89213700
2023-05-25,399.02020263671875,400.47329418750155,396.864646455889,399.1068066582074,90961600
2023-05-26,404.18780517578125,404.9095347643985,399.5976155643867,399.67458713224823,93830000
2023-05-30,404.3416748046875,406.65120302721357,402.95595199772293,406.12194654378385,72216000
2023-05-31,402.09954833984375,403.41790279671176,400.5309849376734,402.51333285149997,110811800
2023-06-01,405.9198913574219,406.9784337458306,401.0794937409788,402.3304796935779,88865000
2023-06-02,411.78997802734375,412.5790465929496,407.9696222034908,408.49887873292437,91426200
2023-06-05,411.0009460449219,413.4259468733951,410.29845201140193,412.1364602082128,65460200
2023-06-06,411.8958435058594,412.4251000685976,409.93273100728186,410.5871214183071,64022200
2023-06-07,410.47161865234375,413.42590516438145,410.04820165667223,412.2903911156484,85373300
2023-06-08,412.9543762207031,413.40666121291997,409.7691457275,410.53897877639116,61952800
2023-06-09,413.6954040527344,415.7066203629179,412.70422990240945,413.7531400718016,85742800
2023-06-12,417.4482727050781,417.52527361997466,413.9551270818145,414.67685648093624,76104300
2023-06-13,420.2005615234375,420.84529012852545,418.247081424966,418.9110749460117,95899700
2023-06-14,420.7008972167969,422.5100370544421,417.2462224703346,420.5373216552151,100612100
2023-06-15,425.9166259765625,427.1676119841462,419.7867416783568,419.8829487810575,110303100
2023-06-16,424.4658508300781,428.4742491472454,423.99257880127806,427.9043831698667,114165800
2023-06-20,422.26361083984375,423.4130109410261,420.1869737539229,422.52441742791524,76160400
2023-06-21,420.1000671386719,422.0801103736596,419.51086470582334,421.2784425280354,76982300
2023-06-22,421.6165771484375,421.7228098726015,418.80586088521426,419.143925012139,70637200
2023-06-23,418.4291076660156,420.2159925909701,417.71436548656794,418.1586622892244,92074500
2023-06-26,416.719482421875,419.78130707914215,416.47801229853,417.8592143297431,72823600
2023-06-27,421.28814697265625,421.90629521825156,417.1445110170716,417.59847607026,72813700
2023-06-28,421.5006103515625,422.5147730975973,419.58815632826764,420.2063045276252,75636000
2023-06-29,423.1619873046875,423.3261999963723,420.6796962609161,421.0853496558122,67882300
2023-06-30,428.15545654296875,429.1406439257068,426.05948313470634,426.378240168992,104964000
2023-07-03,428.6481018066406,428.9281859198321,427.52767692487674,427.8077905144009,32793400
2023-07-05,428.0106201171875,428.7446987114959,426.8225765200303,426.83224475721846,58418400
2023-07-06,424.65899658203125,425.08398633253137,422.147701549894,424.4271947095155,80658300
2023-07-07,423.5868835449219,427.5373607483118,423.3454134187473,423.66417049204466,86134200
2023-07-10,424.65899658203125,424.83284798641813,422.6596170025875,423.22948292340993,62443500
2023-07-11,427.36346435546875,427.85607282742535,424.44651594855435,425.4220646553444,64463800
2023-07-12,430.802001953125,432.21220867974904,429.72988876678727,431.15940249157063,91924500
2023-07-13,434.22125244140625,435.0132815571351,432.18325865422753,432.617887210663,72425200
2023-07-14,433.95074462890625,435.95976288991324,433.1876908600683,435.1098128986264,69815800
2023-07-17,435.45758056640625,436.51038682135163,433.7576213779186,433.8059330908804,52680200
2023-07-18,438.6932678222656,439.3403912522435,434.69450839296843,435.1291664096603,80668200
2023-07-19,439.6688537597656,440.8568680135883,438.61601798371265,439.48533409064345,65891700
2023-07-20,436.7518005371094,439.5721843285478,436.0370584598877,438.67392261371555,70591600
2023-07-21,436.7518005371094,438.67392261371555,436.7421617768301,438.4710665028841,71275600
2023-07-24,438.70294189453125,439.5142779903244,436.867745334165,437.9012445599851,54023400
2023-07-25,439.9006652832031,441.1562982796933,438.38422565839835,438.43253737447066,55191200
2023-07-26,439.9682922363281,441.3977766942308,437.91096179208995,438.9637681345287,71052900
2023-07-27,437.0512390136719,443.764119987392,436.1433090250335,443.3584372254405,92194400
2023-07-28,441.33013916015625,442.16078225681895,437.05126606431355,440.3256151682766,80011800
2023-07-31,442.17047119140625,442.52784228350436,440.48981896786944,441.80343186125066,62040400
2023-08-01,440.9051513671875,441.6488687577706,439.94890960634154,440.70229523457317,55291500
2023-08-02,434.7718505859375,438.0461705780349,434.01846487725106,437.7853934206833,93933400
2023-08-03,433.5257263183594,435.40920476341864,432.10588104589294,432.7530338403666,64276100
2023-08-04,431.5650329589844,437.4472412458238,431.0434492729417,435.34162898084645,100128900
2023-08-07,435.33203125,435.48657568112884,432.7048348734821,433.4002700753938,58357500
2023-08-08,433.43890380859375,435.32238270202885,430.07762882885913,432.7917508600607,71361300
2023-08-09,430.54119873046875,433.8734979817306,429.77814494261014,433.7092853401669,78789600
2023-08-10,430.69580078125,436.28825743462227,429.527093565885,432.8980072622996,93005500
2023-08-11,430.4446105957031,431.45880273974404,428.22309738246776,428.8219385368356,68690900
2023-08-14,432.8207092285156,432.8207092285156,429.2179937241371,429.5270825673996,47867400
2023-08-15,427.77880859375,431.4008602977152,427.2089131864871,431.04345976947155,75707500
2023-08-16,424.63970947265625,429.0247856402229,424.53344729188865,427.3634700312785,80107200
2023-08-17,421.4040222167969,426.3686327842003,420.8824384802807,426.1078556541094,95711300
2023-08-18,421.6069030761719,422.6404024444025,418.23598904528774,418.5836919301103,98852000
2023-08-21,424.3499450683594,425.09366245894176,420.4671159807588,422.6210106803204,68719000
2023-08-22,423.2005920410156,426.1272091701829,422.64039424533416,426.1272091701829,64994200
2023-08-23,427.9140319824219,428.53220964419495,424.1181287339091,424.263004912033,68441000
2023-08-24,421.9835510253906,430.0293227205553,421.9545463127507,429.5174072282619,88517300
2023-08-25,424.95849609375,426.2431043443279,420.15806824986475,423.712501844876,102325100
2023-08-28,427.6532897949219,428.27143803085545,424.95847475635645,427.15101303461915,61595400
2023-08-29,433.8349304199219,434.1150440450923,427.3635186603017,427.54703833096477,83081900
2023-08-30,435.6217956542969,436.25928035352985,433.4678714194492,434.17297483140425,69053900
2023-08-31,434.98431396484375,437.3796788770793,434.8007943012341,436.2399468961714,66084600
2023-09-01,435.7956848144531,438.19107939386777,434.3371956273561,437.7081390777522,58944100
2023-09-05,433.9122009277344,435.6701107330132,433.8446116862524,435.35138309753785,55166200
2023-09-06,430.9952087402344,433.20708339429626,428.6674331394679,433.1008212089274,70758500
2023-09-07,429.67193603515625,430.3480346831722,427.6435811384425,427.9912839614794,70355400
2023-09-08,430.3191223144531,431.8548689598933,429.36290993507305,429.7202810475146,61659700
2023-09-11,433.149169921875,433.4582293140434,431.2367157088773,432.94631377147886,60180100
2023-09-12,430.7730407714844,433.2263855290798,430.19353604446763,431.70030728737913,67565400
2023-09-13,431.27532958984375,432.4343685526933,429.8940980148542,430.99521597971284,60199300
2023-09-14,434.99395751953125,435.6893927060478,432.4440481531944,433.74799281245487,83430800
2023-09-15,429.75299072265625,433.73677769771734,429.31682909931095,433.4072234999764,111848900
2023-09-18,430.0050354003906,431.3038771522312,428.96789063501143,429.4428320631367,55752200
2023-09-19,429.11328125,429.6754845917088,426.42836539622306,429.08420380682946,66514600
2023-09-20,425.1683349609375,430.79019131325117,424.9647632633325,430.3734047367829,82562600
2023-09-21,418.1409606933594,422.5802845540439,417.98587113932,422.31858757052555,104095800
2023-09-22,417.2007751464844,420.7677463582612,416.78395900410345,419.16842775985725,100829700
2023-09-25,418.9551696777344,418.9939198820318,415.5529609010411,415.98915213200996,70874500
2023-09-26,412.8002014160156,416.6191968671865,411.9665987111882,415.91160628125357,96168400
2023-09-27,412.9649963378906,414.5352671969368,409.3204948453692,413.97306378830854,104705800
2023-09-28,415.3591003417969,417.0359784928409,411.8212066146307,412.4124874162186,92258300
2023-09-29,414.35107421875,418.5868563011905,412.82928558629357,418.4123916323294,115111300
2023-10-02,414.186279296875,415.43666857523283,411.42380373877234,413.51746849079825,83798600
2023-10-03,408.6419372558594,414.2444181473067,407.27523825202337,412.00536625897985,103760600
2023-10-04,411.61761474609375,412.3639554385422,407.6435302591631,409.10716378388844,87453000
2023-10-05,411.4625549316406,412.3058303467078,408.23484048426144,411.3268404794052,70142700
2023-10-06,416.3477478027344,417.88891132912596,407.6823154616602,409.0102345616155,113273300
2023-10-09,419.0133361816406,419.5852123041229,413.8954989431742,414.44797038266114,80374400
2023-10-10,421.1941833496094,423.79186665669647,419.2459060791411,419.6433174894524,78607300
2023-10-11,422.9195556640625,423.1715503152822,419.8759785243393,422.2604472219357,62451700
2023-10-12,420.3412170410156,423.9081879098467,417.9858555363506,423.5301811699864,81154200
2023-10-13,418.2475280761719,423.04551271009467,416.67728716479496,421.8435761764503,95143100
2023-10-16,422.6482238769531,423.71444628038836,420.25408203573136,420.4964039646797,75433200
2023-10-17,422.6287841796875,424.6836988143986,419.16844980200625,419.51737915223515,75324700
2023-10-18,416.9971618652344,421.8145218630585,415.91156461169203,420.85493671578564,93559800
2023-10-19,413.3332824707031,419.52704410810907,412.6547989345063,417.71448112410957,121323000
2023-10-20,408.25421142578125,413.4399055549237,408.14757441721036,412.8971069121286,123919900
2023-10-23,407.546630859375,411.4141082592817,404.9683224528733,406.72273053416484,92035100
2023-10-24,410.6192321777344,411.7726865675268,407.81797735100866,409.6693198625217,78564200
2023-10-25,404.72601318359375,408.9618247136512,404.21229195450024,408.9327472697519,94223200
2023-10-26,399.8796081542969,404.5128019378402,398.9588026350324,403.6598536533469,115156800
2023-10-27,398.0670166015625,401.86663693380547,396.6421626745101,401.4692254760225,107367700
2023-10-30,402.826171875,403.882691656562,399.55967786827136,400.8585195147872,86562700
2023-10-31,405.3560485839844,405.67590044700427,401.48857130380884,403.39806888205027,79665200
2023-11-01,409.6790771484375,410.4932751362608,405.7922246289102,406.32535052662286,98068100
2023-11-02,417.5303039550781,417.68539350879695,413.4592845158063,413.4786596174057,94938900
2023-11-03,421.3396301269531,422.89049620638866,419.71123405468535,419.83724617580907,100167800
2023-11-06,422.30889892578125,422.75476292041225,420.36062146659094,422.0956544795997,67831700
2023-11-07,423.51080322265625,424.1505365569555,421.1651439105342,422.308896123232,64256100
2023-11-08,423.8210144042969,424.63521246037624,421.5141051219166,424.1117888599285,61746000
2023-11-09,420.5157165527344,425.0035227425126,420.08922765476564,424.9647429571584,83174400
2023-11-10,427.07769775390625,427.38787681438004,420.5059305091716,422.58992203773363,89462200
2023-11-13,426.6706848144531,427.7756572288507,424.9550565166978,425.7401770580696,52236100
2023-11-14,434.94842529296875,436.23756475568536,432.3894918898645,432.612438681597,97176900
2023-11-15,435.86920166015625,437.51700226405256,435.01622391603615,436.28598819138983,77327600
2023-11-16,436.40228271484375,436.72213454588115,434.35707089113555,435.42329296176746,66665800
2023-11-17,436.9451599121094,437.55581582516845,435.4912285306581,436.41203399072475,83133200
2023-11-20,440.30853271484375,441.15180807539235,436.6833774860901,436.69307982642476,69936200
2023-11-21,439.34893798828125,440.1825406267048,438.0791737195552,439.2617056622207,49244600
2023-11-22,441.0451965332031,442.3634429416601,439.94992648347943,441.0064463302394,59394900
2023-11-24,441.31658935546875,441.51045868866237,440.7641179584505,441.09367216063396,29737400
2023-11-27,440.5218200683594,441.5007803874619,440.13408138085987,440.68658238826873,50506000
2023-11-28,440.9579772949219,442.25681906014256,439.57190319998205,440.13407696271906,62115000
2023-11-29,440.6477966308594,444.2438747206066,440.2504147680835,443.10979527762873,63146000
2023-11-30,442.38275146484375,442.7317103011525,439.4167344675836,441.4910236459607,79752700
2023-12-01,444.9998779296875,445.5329741995201,441.18088297834976,441.77213412924385,89183400
2023-12-04,442.6639709472656,445.01933279334,440.3861390964009,441.60745097820734,72430900
2023-12-05,442.5766906738281,443.5362758597069,440.8998126034742,441.2778489374918,69793500
2023-12-06,440.7932434082031,444.74792384542485,440.35705215116445,444.71884640030964,69124700
2023-12-07,444.1566467285156,444.80605282503006,442.27622650644105,442.87718005735604,66995400
2023-12-08,446.06610107421875,446.5991973452758,443.1679114532356,443.4102333183171,83194400
2023-12-11,447.8011779785156,447.97567223110514,445.3585838256798,445.57182828523526,65002200
2023-12-12,449.8463439941406,449.94327866221204,446.4538376737931,447.45220263628306,68327600
2023-12-13,456.0498046875,456.3018289230582,449.8657452173365,450.2243768877482,93278000
2023-12-14,457.5134582519531,459.18063413890565,454.83821495932193,457.98839971929596,119026000
2023-12-15,456.7601318359375,458.09346468799856,454.911024624647,456.9158501916579,141553700
2023-12-18,459.3294372558594,460.31239637628556,457.3051580447496,458.3659614924249,70375300
2023-12-19,462.1225891113281,462.2004631426164,459.7966147557437,459.8744590867912,55761800
2023-12-20,455.7187805175781,463.1541458673366,455.2905624937439,461.26610177140515,102921000
2023-12-21,460.0398864746094,460.31238616429494,456.28325178797456,458.7065536605437,86667500
2023-12-22,460.9644470214844,462.64812393044707,459.06669078214355,461.16881437336167,67160400
2023-12-26,462.91082763671875,463.8159126462135,461.29528326802847,461.37315728833744,55387000
2023-12-27,463.7478332519531,463.8938099220547,462.1712258143802,462.7064835048319,68000300
2023-12-28,463.92303466796875,464.75998742977106,463.5045582870676,464.10794836189996,77158100
2023-12-29,462.5799865722656,464.2539217843669,460.62380998189565,463.72837604213146,122283100
2024-01-02,459.9912414550781,460.9839423046435,457.88908810923715,459.51437438828117,123623700
2024-01-03,456.2345886230469,458.57030441924957,455.6311985932203,457.8306496986943,103585900
2024-01-04,454.7650451660156,458.3464782249613,454.5411944622418,455.7577162648923,84232200
2024-01-05,455.3879089355469,457.84040614563645,453.93779478135224,454.96940287212124,86118900
2024-01-08,461.8890075683594,462.0349842457667,455.7577198150965,455.884242835596,74879100
2024-01-09,461.1883239746094,462.21019049238487,458.7260848325078,459.23214725174796,65931400
2024-01-10,463.7964782714844,464.6626560070687,461.17852110920177,461.4607624691406,67310600
2024-01-11,463.5920715332031,465.31465547972425,459.611616299549,464.7988514934619,77940700
2024-01-12,463.9132995605469,465.78189018349474,462.50215203979474,465.0422353972928,58026400
2024-01-16,462.21014404296875,463.8451421871986,460.39023221216354,462.53132242501596,85014900
2024-01-17,459.6408996582031,460.12750840636863,457.28570024897624,459.183486246918,68843900
2024-01-18,463.7283630371094,464.28310409945385,459.7673906749951,461.314802822399,91856200
2024-01-19,469.50927734375,469.79151871434675,463.7770421286305,464.8572992191645,110834500
2024-01-22,470.501953125,472.2245371914283,469.8498844138423,471.0469524804882,75844900
2024-01-23,471.87420654296875,472.1175109095896,469.9569966462272,471.04699545665005,49945300
2024-01-24,472.3900146484375,475.6794645582401,471.8936642634199,474.745184157241,81765000
2024-01-25,474.95928955078125,475.23178923650255,472.3900110425858,474.52132983790426,72525000
2024-01-26,474.3559265136719,476.0201200569098,473.509232074134,474.53109852869903,76641600
2024-01-29,478.112548828125,478.25855521279726,474.1223808525455,474.6673802745829,61322800
2024-01-30,477.7427673339844,478.45319712239666,476.98362914870773,477.4215889170993,58618400
2024-01-31,469.94720458984375,475.98113441506774,469.92772123444905,475.5334627445424,126011100
2024-02-01,476.0979309082031,476.1271262401668,470.84253355285534,471.6503205709101,91891600
2024-02-02,481.1100158691406,482.7644675885541,476.19525029914104,476.53588232086173,99228200
2024-02-05,479.3582458496094,481.1392504253947,477.1004039249224,480.4774696836803,75757100
2024-02-06,480.7499694824219,481.08085985334736,478.8716372206463,480.30226806860526,55918600
2024-02-07,484.7596130371094,485.17808940845316,482.0929770540646,482.9980918458816,70556500
2024-02-08,484.97369384765625,485.3532331832338,483.94208579679537,484.7595848352,52343600
2024-02-09,487.7765808105469,488.2145108276318,485.13914022884614,485.47977226451565,63979400
2024-02-12,487.5625,490.01499733828587,486.84229887428285,487.7474136957695,56502300
2024-02-13,480.8472595214844,483.776653518952,477.5772631803255,481.28521924942925,113099200
2024-02-14,485.2169494628906,485.7035581059446,481.1586203117173,483.4846238816279,68387800
2024-02-15,488.56488037109375,488.74979405458623,485.4408311080291,485.91772783399097,61683000
2024-02-16,486.1318359375,489.4018321652925,485.39218120492103,488.26318443249403,75532900
2024-02-20,483.45550537109375,485.06130820828355,481.20737545898015,484.3897857981468,71736700
2024-02-21,483.89337158203125,484.0490899160434,480.34113433182057,482.1513339770058,59293400
2024-02-22,493.9078369140625,494.87131264849836,489.54781221335594,490.51131764803023,76402500
2024-02-23,494.2484436035156,496.4673780025352,493.51853058146656,495.6303956264625,61321800
2024-02-26,492.4382629394531,495.12435246871587,492.3117399253592,494.6863927584272,50386700
2024-02-27,493.3531188964844,493.5769696039291,491.2315119659273,493.1292978892794,48854500
2024-02-28,492.7010803222656,493.2849870375032,491.4358798053579,491.7959655131677,56506600
2024-02-29,494.4723205566406,496.0878651256629,491.81545586381117,494.4626085780751,83924800
2024-03-01,499.1145324707031,499.54275051356746,494.9394511031337,495.3482154895911,76844800
2024-03-04,498.57928466796875,500.4284215717115,498.2873313148722,498.3165563504212,49799300
2024-03-05,493.59637451171875,497.02211863397577,491.3871817921508,496.57441726330285,72855600
2024-03-06,496.09759521484375,498.3554668272533,494.8032290742474,496.8761572948693,68382400
2024-03-07,501.02203369140625,502.0731250869525,496.15594682375195,499.39677730974256,58652100
2024-03-08,498.0148010253906,504.34068432238394,497.4406063327474,501.6546542384204,86532500
2024-03-11,497.5866394042969,498.17057584105015,494.8810959575729,496.8080772887865,62557200
2024-03-12,502.9393310546875,503.5232377514132,497.17784111143084,499.6985003866654,73114400
2024-03-13,502.1510009765625,503.43565519442245,500.7106580961506,503.26048317387085,55104100
2024-03-14,501.1583251953125,503.27993205507374,498.1121499011311,503.12418400270946,110171800
2024-03-15,497.7170715332031,499.54266772632866,496.0477073102581,498.08804798108406,107646300
2024-03-18,500.67510986328125,503.232857358906,500.26510519204714,501.78803927024387,88893300
2024-03-19,503.4574279785156,503.7405165081089,498.976454143322,499.9820112945357,60755300
2024-03-20,508.11407470703125,508.2507627953458,502.84240721032234,503.51601611982346,69594600
2024-03-21,509.79315185546875,511.65774627628207,509.51000378121233,510.95488123336787,60256100
2024-03-22,508.8267517089844,510.19345378409866,508.592403744498,509.7053331319063,79070800
2024-03-25,507.42095947265625,508.5729170562345,507.2647274970631,507.4502157274298,48512100
2024-03-26,506.48370361328125,509.1879108526766,506.0834709315648,508.84619067556724,65463700
2024-03-27,510.7402038574219,510.7792916484105,507.14764260425625,509.3149295274711,82999800
2024-03-28,510.6425476074219,512.1459377696011,510.3594590790039,510.7792356908129,96294900
2024-04-01,509.75408935546875,511.92137584867254,508.5923599199536,511.38445509453464,62477500
2024-04-02,506.5130920410156,506.64972054640486,504.2091171531449,505.9273114756069,74230300
2024-04-03,507.0694274902344,508.5728771082824,505.3707772955882,505.41957743973774,59155800
2024-04-04,500.8800964355469,511.42348983220387,500.57746403679687,511.08182923475704,96858100
2024-04-05,506.11273193359375,508.0749863325785,501.7977623960231,502.2370828649808,74546500
2024-04-08,506.3958740234375,507.82120781564623,505.58563662088517,506.8157102301138,48401800
2024-04-09,506.98162841796875,508.3776462974431,502.1296782746543,508.13358597756917,68049200
2024-04-10,501.9051208496094,503.8966314464908,499.9233821983309,501.28031218136,82652800
2024-04-11,505.69293212890625,507.1377500106354,499.9136010169566,503.4280454371211,70099000
2024-04-12,498.7128601074219,503.5647804243456,496.98489398756476,502.1492186619509,92561100
2024-04-15,492.4649353027344,503.0571295651305,491.61558034670605,502.89118522807627,92101400
2024-04-16,491.5667724609375,494.4662102656471,490.2781268160622,492.9432762462562,73484000
2024-04-17,488.65753173828125,494.1928325755386,487.26151394107353,494.0268584590965,75910300
2024-04-18,487.65203857421875,492.15252641432477,486.7148552774961,490.0536135988177,74548100
2024-04-19,483.3955993652344,488.569665842459,482.12646792132756,487.5739105371773,102212600
2024-04-22,487.8472595214844,490.44406471980994,483.6591763812229,486.0021493308909,67961000
2024-04-23,493.63641357421875,494.0659621350047,487.66182151013055,489.8583644626642,64633600
2024-04-24,493.402099609375,495.31552414024065,491.1762707245871,494.52477110173174,55928100
2024-04-25,491.5277099609375,492.2891769636512,485.67026231159537,487.32011244956163,69122400
2024-04-26,496.18438720703125,497.7658932650639,493.6852119906925,494.3197628446228,64306100
2024-04-29,497.9416198730469,498.61522873285696,495.1983842873063,497.97090591945084,46415400
2024-04-30,490.0535888671875,497.45348436502843,490.0535888671875,496.4772431240589,77483600
2024-05-01,488.4623107910156,496.1160385437577,487.9937042701267,489.4678380773352,80242800
2024-05-02,493.0310974121094,493.8706803453591,487.6812848525579,492.1720003799534,62550200
2024-05-03,499.1424255371094,500.37246932338707,496.4772760472205,499.01550940056416,72756700
2024-05-06,504.2969665527344,504.3359947534281,501.1046384911043,501.54395898532556,47264700
2024-05-07,504.8534240722656,506.2494419365131,504.17981521335923,505.2634287213709,52561300
2024-05-08,504.9021301269531,505.439050807753,502.90084781577497,503.017991979403,42047200
2024-05-09,507.8113708496094,507.8504586322259,504.4336144152066,505.0876793386549,43643700
2024-05-10,508.46551513671875,510.22273745681827,507.2452135831723,509.4124405414531,52233200
2024-05-13,508.5338439941406,510.25203826517287,507.3916583240956,510.14466601949385,36716400
2024-05-14,510.8669738769531,511.3844102791641,508.1920827014514,508.72900340853613,57535900
2024-05-15,517.193115234375,517.4859756907869,512.7023697575905,513.3369504006804,59504900
2024-05-16,516.1289672851562,518.8917465910545,515.9825072697596,517.2906967075278,50244800
2024-05-17,516.870849609375,516.9391936348987,514.7914513506761,516.2460410203236,59187600
2024-05-20,517.4664306640625,518.930792527948,516.5975616577482,516.9880819887991,37764200
2024-05-21,518.7355346679688,518.8917666350982,516.4999636631139,516.7049957755823,33437000
2024-05-22,517.2418823242188,518.7550442398426,515.064823969773,518.0424072439434,48390000
2024-05-23,513.4638671875,520.4049281460258,512.2532779910508,520.2975559093766,57211200
2024-05-24,516.8612060546875,517.6715030328614,514.3620306627067,515.3089561408403,41291100
2024-05-28,517.222412109375,517.9057929513657,514.5865486245773,517.6715045678355,36269600
2024-05-29,513.6005859375,514.7818595033491,512.8879487699058,513.1905812259436,45190300
2024-05-30,510.1934509277344,512.7219421093527,508.9438930493387,512.0581051762924,46377600
2024-05-31,514.8402709960938,514.967187107586,506.04432903435765,511.15011057316815,90785800
2024-06-03,515.2600708007812,516.7342044816085,510.18360486685094,516.4511159966606,46835700
2024-06-04,515.8360595703125,516.5780123549347,512.4875596797398,513.9519213593795,34632700
2024-06-05,521.9668579101562,521.9864018010747,516.1679828855217,518.1595530381444,47610400
2024-06-06,521.9571533203125,522.6991062505612,520.0242145910106,522.2695576901561,30808500
2024-06-07,521.3226318359375,524.1342115774243,519.8875261250549,520.980911626184,43224500
2024-06-10,522.9332885742188,523.2554648254413,519.9167369014993,520.5122296802525,35686100
2024-06-11,524.1927490234375,524.2513211148034,519.4091430834137,521.3811694677967,36383400
2024-06-12,528.498046875,531.1924827586228,527.4632333413672,528.76165112863,63251300
2024-06-13,529.5621337890625,530.4212309464041,526.770097820224,530.2455146530901,44760900
2024-06-14,529.8842163085938,529.9134725597781,527.0237772162169,528.0293342324846,40089900
2024-06-17,534.1015625,535.4976399183048,528.7420075865693,529.2008719569648,55839500
2024-06-18,535.45849609375,535.5854122094039,533.7403021449248,534.1600786870761,41376400
2024-06-20,534.0039672851562,537.0498352385172,532.2272010481894,536.385998334327,70328200
2024-06-21,533.2880859375,534.4046057790133,531.8288032321234,533.180367297688,64338600
2024-06-24,531.5545043945312,535.6777608035513,531.4369822915095,533.1117619254674,45528700
2024-06-25,533.6015625,533.9639323519827,531.2608038949288,532.7788478393535,37936200
2024-06-26,534.2674560546875,534.9823921713983,531.8385861304241,532.4849577215607,38550600
2024-06-27,535.1096801757812,535.6875469780335,533.3859430174333,534.1302894973802,35041500
2024-06-28,533.0040283203125,538.9391939081404,531.76024266257,535.883439640916,76144500
2024-07-01,534.1009521484375,534.6298016081159,531.3390631933655,534.3849539324244,40297800
2024-07-02,537.6952514648438,537.6952514648438,532.4457321114778,532.4946896868087,40434800
2024-07-03,540.0949096679688,540.4572795070011,537.3428237195677,537.3819778344747,32789900
2024-07-05,543.2092895507812,543.6108134486142,539.7618150479054,540.3984429341523,41488400
2024-07-08,543.8360595703125,544.7860397915607,542.7684974779849,543.9927357696513,36110500
2024-07-09,544.3649291992188,545.6968861634513,544.0711239537649,544.795863484972,27289700
2024-07-10,549.7516479492188,550.0944108163902,545.2954317896393,545.5892370725392,38701200
2024-07-11,545.0112915039062,550.7407626908513,544.3747234457534,549.8690906630567,53054200
2024-07-12,548.448974609375,552.0531251206323,545.667538567234,546.1376269625789,53084400
2024-07-15,549.9573364257812,553.1991175344059,548.0964700225896,550.4470318184875,40584300
2024-07-16,553.2185668945312,553.5123721227574,550.5154392403327,551.2695891404957,36475300
2024-07-17,545.4618530273438,548.9582849622979,545.1386373621594,547.2835053633577,57119000
2024-07-18,541.2699584960938,547.9886231424467,539.0859366844549,546.9994291163081,56270400
2024-07-19,537.6756591796875,542.6607838512468,536.6179005483158,541.0349619096787,65509100
2024-07-22,543.2190551757812,543.826272604696,539.6638622867013,541.6030366708314,43346700
2024-07-23,542.3670043945312,545.2659625762393,541.8773090500791,543.111291105197,34439600
2024-07-24,530.0755615234375,537.8519253696913,529.1549319575545,537.5483166712224,74515300
2024-07-25,527.3136596679688,536.1771923025162,526.373482961852,530.1930703849662,61158300
2024-07-26,533.219482421875,535.9128068838628,530.3302678617441,531.1040247828195,53763800
2024-07-29,533.5328979492188,535.7756811771844,531.5349026238763,534.7669398202207,39515800
2024-07-30,530.8296508789062,536.0596224497041,527.4213910684044,535.0018639723148,46853600
2024-07-31,539.4581909179688,542.0927543010554,536.2947780748914,537.6658891932146,65663400
2024-08-01,531.8189697265625,543.4345294348678,528.3127341764186,541.1819427118934,76428700
2024-08-02,521.9172973632812,525.9229716163323,517.705869778205,524.7085367838448,82789100
2024-08-05,506.7171325683594,512.7893664733926,499.75364959699385,501.0954398761734,146267400
2024-08-06,511.3889465332031,518.832292941033,507.19712508166475,508.5192787931633,84826300
2024-08-07,507.9708251953125,520.6344013211964,507.3734111313128,517.5786469147923,70698300
2024-08-08,519.7136840820312,520.3404486814812,511.08525465156777,513.1125407389065,63276600
2024-08-09,522.0054321289062,523.4941251002426,517.6667385635127,518.8909769209239,45619600
2024-08-12,522.2797241210938,524.6889871074426,520.0075304089534,523.2003538167259,42542100
2024-08-13,530.8688354492188,531.1039393955512,525.2275960596088,525.4724436986064,52333100
2024-08-14,532.543701171875,533.728785456597,528.9885080949739,531.6622256176499,42446900
2024-08-15,541.671630859375,541.9556326474029,537.5679813653051,538.1751988274788,60846800
2024-08-16,542.8860473632812,543.5814362683599,539.8989177341498,540.0555939415091,44430700
2024-08-19,548.0767822265625,548.0767822265625,542.4452860411917,543.2973511166235,39121800
2024-08-20,547.1856689453125,549.2815796690877,545.843908289735,547.6264067744836,33732300
2024-08-21,549.0660400390625,550.5253226989936,543.2974141481618,548.2335818085938,41514600
2024-08-22,544.7567138671875,551.5732952522009,543.5422788578662,550.9660777475402,56121500
2024-08-23,550.5448608398438,551.4850973665338,545.8045838781815,547.9984691071246,50639400
2024-08-26,549.2324829101562,552.2881770773529,547.528352675827,551.5732410031779,35788600
2024-08-27,549.9866943359375,550.4763897351174,546.8134777136145,547.9593482100599,32693900
2024-08-28,546.7938232421875,550.0748179978751,543.6009999526875,549.6438836929623,41066000
2024-08-29,546.8427124023438,552.0628809883677,545.6968421488655,548.7623394799141,38715200
2024-08-30,552.06298828125,552.5722906161151,545.6577940930898,549.212987410433,62700100
2024-09-03,540.7020263671875,549.2520879225416,538.18498513228,548.9190687874888,60600100
2024-09-04,539.5953369140625,543.0035975400444,538.1360542845994,538.8607938634791,47224900
2024-09-05,538.2828979492188,542.3865472945482,535.8246177750381,539.5365467142444,44264300
2024-09-06,529.2235107421875,540.231851947678,528.3224880929642,538.60608979078,68493800
2024-09-09,535.1488647460938,536.4221205223048,531.4957564364314,533.4251872668898,40445800
2024-09-10,537.4797973632812,537.8324234437913,532.1813200114981,537.0586665381934,36394600
2024-09-11,542.9937744140625,543.9144040618945,528.8318231688719,537.3916883108078,75248600
2024-09-12,547.5675048828125,547.8711135710835,541.3483388424467,543.5715745845557,51819600
2024-09-13,550.4273681640625,551.4263657909838,547.9201304028155,548.1747815451495,39310500
2024-09-16,551.240234375,551.5046291897925,548.3608236054457,550.1628688432331,36656100
2024-09-17,551.4655151367188,554.9031859740162,549.2324757022386,553.4536471249235,49321000
2024-09-18,549.830078125,556.9698163045404,549.2718181357275,552.121819368038,59044900
2024-09-19,559.2125244140625,561.0733907935877,556.3723270388496,559.2419348303403,75315500
2024-09-20,558.245849609375,559.2871857073619,555.2200568119598,557.8430941207945,77503100
2024-09-23,559.6408081054688,560.2892222272916,558.0984411315784,559.3166610051752,44116900
2024-09-24,561.2420654296875,561.3010067117204,557.6071931426925,560.4364946014963,46805700
2024-09-25,560.0043334960938,561.8217999280521,558.8942225290759,561.0850037974096,38428600
2024-09-26,562.2244873046875,564.5920921622151,559.866775948692,564.2678851150425,48336000
2024-09-27,561.4090576171875,564.1106429805404,560.377555197848,563.2952985697877,42100900
2024-09-30,563.6588745117188,564.2679545173111,558.0788790007499,560.3776493545987,63557400
2024-10-01,558.6092529296875,563.9534823374194,556.0353836889657,563.3051282373419,72668800
2024-10-02,558.8451538085938,559.8668828892402,555.3183896615599,557.7154356390834,38097800
2024-10-03,557.8233642578125,559.7684865712154,555.5343678239607,557.3714411111998,40846500
2024-10-04,562.8925170898438,563.2658318866675,558.0984259775333,562.2736036088263,42939100
2024-10-07,557.8037109375,561.8905065573382,556.6543259021896,561.2420924631317,49964700
2024-10-08,563.0792236328125,563.67853004462,559.5033520489247,560.377637870892,37398700
2024-10-09,566.9793701171875,567.5393423690588,562.4701514366566,563.0693978961492,37912200
2024-10-10,565.9871215820312,567.4116060358193,564.3759797176003,565.6334738441669,44138100
2024-10-11,569.3763427734375,570.1131388058892,565.7709110163313,565.9084606662699,42268000
2024-10-14,574.032958984375,574.966246072679,570.5061351329805,570.9874990099419,36217200
2024-10-15,569.5728759765625,574.6027324678581,568.3546560789198,574.2981924836022,54203600
2024-10-16,572.0485229492188,572.5692210133667,568.7673576490918,569.5729286407808,30725400
2024-10-17,572.0975952148438,575.801242846272,571.9109378019983,575.594918349773,34393700
2024-10-18,574.2982177734375,575.0841216421944,572.3235945792737,573.7873532764656,37416800
2024-10-21,573.3550415039062,574.5535342943244,570.378356688641,573.5711395635755,36439000
2024-10-22,573.0504760742188,574.2096946097226,570.1622332957213,570.8204209471064,34183800
2024-10-23,567.8143310546875,571.4688706983893,564.3071746074978,571.0267810694698,49314600
2024-10-24,569.0422973632812,569.84786821387,566.419320298971,569.7692598487698,34979900
2024-10-25,568.8458251953125,574.1704478252901,567.9027646254573,571.2723713678375,47268200
2024-10-28,570.6043090820312,572.4512158459117,570.2997691348281,572.3234997428319,30174700
2024-10-29,571.5277709960938,572.6476553589258,568.2465463889694,569.6415300427301,42899700
2024-10-30,569.7987670898438,573.0504911915006,569.0914117169528,571.0562011429839,41435800
2024-10-31,558.62890625,565.4958352362431,558.4324153285519,565.4270604157058,60182500
2024-11-01,560.98681640625,565.4174274277744,560.5742272972922,561.2619157859765,45667500
2024-11-04,559.7783203125,562.4209644478059,557.892139281839,561.1241962515347,38217000
2024-11-05,566.547119140625,566.5863933486033,560.4759261934032,560.6920242782184,39478300
2024-11-06,580.6346435546875,581.5089893813079,575.0841485043231,578.8270705681771,68182000
2024-11-07,585.1241455078125,586.145874462509,582.5601095007273,582.6387178727699,47233200
2024-11-08,587.6588134765625,589.0832980878612,585.674356571417,585.674356571417,46444900
2024-11-11,588.2186889648438,589.6038391769904,586.4896646144927,589.2501914582232,37586800
2024-11-12,586.3914184570312,588.739296212128,583.9059310932324,588.1400498376755,43006100
2024-11-13,586.67626953125,588.6803330522652,584.4855486263699,586.853093374815,47388600
2024-11-14,582.9039916992188,587.2854945523371,582.2163632356335,586.804130643577,38904100
2024-11-15,575.437744140625,579.8094129170865,573.5810036102117,579.3378226480269,75988800
2024-11-18,577.7955322265625,579.1119076957027,575.0350052053479,575.8994574754852,37001700
2024-11-19,579.9076538085938,580.6346163861505,573.7480790226593,574.4161003090796,49412000
2024-11-20,580.1041259765625,580.3889988810581,574.3374733314436,579.9862433981077,50032600
2024-11-21,583.21826171875,584.6427460672937,577.1077952881657,582.953055915256,46750300
2024-11-22,585.02587890625,585.6546259064262,582.7074417987914,583.2084127301733,38226400
2024-11-25,587.0103759765625,590.281707390563,584.7213793724078,588.9653319760873,42441400
2024-11-26,590.0753784179688,590.7433995936517,587.540783398016,588.2579123147351,45621300
2024-11-27,588.2874755859375,590.2718722436573,586.7647756879834,589.8887838542881,34000200
2024-11-29,591.9420166015625,592.7279205050064,588.8278416543462,589.1028810382705,30177400
2024-12-02,593.0029296875,593.6807844427898,591.8633182342458,592.354515594293,31746000
2024-12-03,593.2780151367188,593.5236138358292,591.73570807165,592.7672106157903,26906600
2024-12-04,596.9619140625,597.2075127280552,594.2996629026728,594.9676840777096,42787600
2024-12-05,595.9795532226562,597.7675188046404,595.6259055147337,596.961947940629,28762200
2024-12-06,597.1094360351562,598.3472631909667,596.333365657436,596.7459547224977,31241500
2024-12-09,594.0344848632812,597.1584931551176,593.445071963169,596.9915028268559,34742700
2024-12-10,592.1875,595.1346840344664,591.5293123546073,594.7122615181331,37234500
2024-12-11,596.7655639648438,597.7184581352288,594.8400485801485,595.115147903942,28677700
2024-12-12,593.6906127929688,596.4707466548862,593.6906127929688,595.9010008938557,31543800
2024-12-13,593.57275390625,596.4413297893211,592.1973772710232,595.7242008087076,35904700
2024-12-16,596.1072998046875,597.0799209921157,594.5551592425911,595.3312295236393,43695200
2024-12-17,593.6513061523438,594.5158183353977,592.2759894688432,593.5530906608857,55773500
2024-12-18,575.9583740234375,595.7339235020439,575.5752257128447,593.3467116570313,108248700
2024-12-19,575.7815551757812,582.5601031255708,575.5359564813775,580.948961299734,85919500
2024-12-20,582.6973266601562,587.2315284125533,572.6036951737447,573.451443984787,125716700
2024-12-23,586.1866455078125,586.7879087972127,579.2571372355378,582.4409930028329,57635800
2024-12-24,592.7020874023438,592.7415539521577,586.9554328723399,587.5370230202848,33160100
2024-12-26,592.7415161132812,593.8651696252028,589.5281209545966,590.9277996479015,41219100
2024-12-27,586.5020751953125,589.2324867459512,582.3128451341881,588.9958679237085,64969300
2024-12-30,579.80908203125,583.2787692142718,576.0535631828352,579.4838439796579,56578800
2024-12-31,577.6997680664062,582.194563069081,576.0634704063194,581.4749602926895,57052700
2025-01-02,576.2802734375,582.6774635941151,572.1994566718678,580.9623534016539,50204000
2025-01-03,583.4857788085938,584.1264484268344,578.044689478734,579.1289967873591,37888500
2025-01-06,586.8470458984375,591.1250155334773,585.1122021784661,587.7440676720806,47679400
2025-01-07,580.2133178710938,589.2029082453815,578.3897946667151,588.8776099950986,60393100
2025-01-08,581.0609741210938,582.1354148697908,576.8323377526707,580.282291853868,47304700
2025-01-10,572.1896362304688,577.5715860296085,570.2773736421228,577.5025797313914,73105000
2025-01-13,573.0768432617188,573.4316812597856,567.1231694250464,567.5372072518853,47910100
2025-01-14,573.8652954101562,576.635112947905,570.0801769152397,576.0042498383493,48420600
2025-01-15,584.3038940429688,585.4472807831376,580.7750674581439,581.8889144514343,56900200
2025-01-16,583.1802368164062,585.8514484014332,582.4803673486446,585.6740294157521,43319700
2025-01-17,589.035400390625,590.7899174222187,587.0935375428814,588.4242703969026,58070600
2025-01-21,594.427001953125,594.4368685895419,590.1096265717592,592.081028657774,42532900
2025-01-22,597.7686767578125,599.1289493146973,596.7041025475482,597.2560928487167,48196000
2025-01-23,601.03125,601.03125,596.8617535693179,597.1377185948221,41152100
2025-01-24,599.2766723632812,602.0465502262632,598.1234189150732,601.0903888692611,34604700
2025-01-27,590.7997436523438,591.1151752666312,586.1373960687419,586.3049484329972,70361100
2025-01-28,595.8760986328125,596.7139205737208,588.7100317776161,592.0318399526346,44433300
2025-01-29,593.204833984375,595.4916679771449,590.6518414168764,595.0874967960807,37177400
2025-01-30,596.3885498046875,597.9262410572588,592.130313990855,595.3240359730432,39281300
2025-01-31,593.2146606445312,601.2382822731704,592.4556515232641,598.8134358374799,66566900
2025-02-03,589.2225952148438,591.7065212004032,582.0466619706364,584.1954832564219,65857200
2025-02-04,593.17529296875,593.6878166788046,588.7396375989994,589.281761222817,33457800
2025-02-05,595.5803833007812,595.7282625539741,590.0210739471236,592.0516161255263,30653100
2025-02-06,597.6503295898438,597.778475552574,594.013089933138,597.3250313642651,35771500
2025-02-07,592.1797485351562,599.4344951653416,591.4700123634921,598.2122352633725,50788500
2025-02-10,596.2013549804688,596.8420848342793,594.1215398587573,595.3931329282537,26048700
2025-02-11,596.65478515625,597.1969087784863,593.8159609148958,593.93424024475,30056700
2025-02-12,594.7327270507812,595.9057140143801,589.9520997695843,590.6322360789388,45076100
2025-02-13,601.0115356445312,601.2185545419917,594.5749384975967,595.8366046698266,40921300
2025-02-14,600.9819946289062,602.2535274358258,600.360998100256,601.2185532755497,26910400
2025-02-18,602.7463989257812,602.7463989257812,599.6808827255115,602.145135650955,26749000
2025-02-19,604.1658935546875,604.4615919136522,600.8440849703791,601.3566689008733,31011100
2025-02-20,601.65234375,602.9337433637311,598.3404019341449,602.7957307474628,36554000
2025-02-21,591.3616333007812,601.5734842084402,590.8983224108222,601.4354715890964,76519800
2025-02-24,588.6705932617188,594.4073810554311,587.9608571639533,593.4118132885562,50737200
2025-02-25,585.7430419921875,589.3408752561445,581.129967827771,588.6114660308307,58266500
2025-02-26,586.0387573242188,591.0067297705009,583.3970853838995,587.4088964020577,43321600
2025-02-27,576.6844482421875,589.4690234968429,576.290203877955,588.3157098294636,74196700
2025-02-28,585.6839599609375,586.2162169760591,574.1118369424444,577.1872200213395,88744100
2025-03-03,575.4227905273438,588.798762606637,571.6081318173137,587.6553155599406,74249200
2025-03-04,568.611572265625,577.0196322682823,564.0675042327628,571.4208567458912,109648200
2025-03-05,574.722900390625,576.5168836727693,564.8856223320056,568.4439889843314,71230500
2025-03-06,564.5209350585938,571.8742272350298,561.9679425734266,567.2512863712917,80094900
2025-03-07,567.6849975585938,569.1340095542192,557.5421542389136,562.7368186254731,81158800
2025-03-10,552.5643920898438,561.3962362827218,547.6457527585567,559.4741670846696,99326600
2025-03-11,547.970947265625,555.9551623983707,544.1267490127518,551.4012280579012,88102100
2025-03-12,550.8787841796875,555.0581473332891,545.7728595599632,554.1315858671662,69588200
2025-03-13,543.5352783203125,551.1153221105548,541.8201680493273,550.5041922476157,74079400
2025-03-14,554.7625122070312,555.7679467233177,543.604366956188,548.1583018697701,62660300
2025-03-17,559.0404052734375,561.5637976935186,554.3089918436672,554.742702735982,49008700
2025-03-18,552.998046875,556.9408512500528,551.0660510727529,556.7239657249663,66041400
2025-03-19,559.0206298828125,562.7860150364035,553.5992742185309,554.7821274868575,66556000
2025-03-20,557.4041748046875,562.4115538615378,554.5554838320709,555.2750866351008,62958200
2025-03-21,557.5880737304688,558.4877939738346,551.7055567482902,552.9413897854555,83763000
2025-03-24,567.5736083984375,568.6314886589248,563.7375780431137,564.3307537296456,58766800
2025-03-25,568.9379272460938,569.8771119506348,567.1879685958952,568.7797068467552,38355700
2025-03-26,562.1458740234375,569.7981425644431,560.7617168790538,568.6710483477373,51848300
2025-03-27,560.6529541015625,564.4296669577193,558.5371935416607,560.7517966033342,42164200
2025-03-28,549.3623046875,559.8521002775326,548.7790253468997,559.1204968505267,71662700
2025-03-31,553.0501098632812,554.3551567474991,540.6719872727307,543.5984615291653,95328200
2025-04-01,554.6121826171875,556.5598868781194,547.4048260096515,551.1321177898429,54609600
2025-04-02,558.1219482421875,560.9890444564371,548.52197624234,548.7592465118332,76014500
2025-04-03,530.6171875,541.7594150841727,530.6171875,538.9318440966172,125986000
2025-04-04,499.5533752441406,519.910013527285,499.3358674214966,517.7349353008444,217965100
2025-04-07,498.66357421875,517.2405945444942,476.3394695378794,483.6457288710085,256611400
2025-04-08,490.85308837890625,519.0300496454024,483.61604333672847,515.9454154101668,165816600
2025-04-09,542.402099609375,542.402099609375,487.46190618546177,487.84750052411823,241867300
2025-04-10,518.6346435546875,527.4535310578508,503.5475844453038,526.1385878330984,162331200
2025-04-11,527.8884887695312,530.3502582115377,514.1756919605745,517.0823733080597,97866300
2025-04-14,533.009765625,538.1113174755011,527.8093712828247,537.883883195208,68034000
2025-04-15,531.5169067382812,537.0732068479572,530.7259857198238,533.5535570239268,56892900
2025-04-16,519.702392578125,531.7938245981206,514.3932584360665,525.6541840661512,83484800
2025-04-17,520.44384765625,525.1499093262158,517.9721816819745,521.6599483491107,79868100
2025-04-21,508.0558776855469,515.7872559194974,502.69729269891565,515.2533374613439,69368100
2025-04-22,521.2743530273438,523.3011070538847,513.305704354498,514.2449494916972,75948100
2025-04-23,529.3516845703125,539.2482437222484,527.8291602174767,534.3049123051696,90590700
2025-04-24,540.4940185546875,541.2256220112762,529.3814182452572,530.6369834977514,64150400
2025-04-25,544.3992309570312,544.8045575926888,537.5279880397045,540.4544620384363,61119600
2025-04-28,544.6068725585938,547.2762839575454,538.8429907853031,545.1407910444296,47613800
2025-04-29,548.0375366210938,549.1547344204944,542.3329124899421,542.6888178923871,47775100
2025-04-30,548.2550659179688,550.2126665027023,535.3826699025942,541.3640897959557,93101500
2025-05-01,552.1405029296875,557.6770710508032,551.5374308999284,554.0189932525213,63186100
2025-05-02,560.3365478515625,561.9381825044319,556.006184429092,558.3295262045715,60717300
2025-05-05,557.1234130859375,560.2278400664005,555.3339293144951,556.194064255589,38659200
2025-05-06,552.4667358398438,556.9651555946843,550.6476235760448,551.6066009560054,48264700
2025-05-07,554.7901611328125,557.4298834610689,549.738030089525,553.8014947566288,55588000
2025-05-08,558.6558227539062,563.8463212534109,555.333918196641,558.8337754612519,65130800
2025-05-09,557.9440307617188,561.0681900796083,556.3819209310694,560.0597310271954,37603400
2025-05-12,576.382568359375,576.3924646775216,570.4999916854949,574.8797762427796,78993600
2025-05-13,580.1890258789062,582.4036289948938,576.234360216526,576.7978469712151,67947200
2025-05-14,580.9304809570312,582.3046813078995,578.9036666864055,581.1479585868793,66283500
2025-05-15,583.7680053710938,584.2721745648568,578.4687074145315,578.9235156986,71268100
2025-05-16,587.465576171875,587.7621640177526,582.6013544692614,584.5489982766968,76052100
2025-05-19,588.108154296875,588.7903364922698,581.4346564328234,581.4346564328234,68168500
2025-05-20,586.1307983398438,587.317209981726,582.917632829089,586.3681289429425,60614500
2025-05-21,576.2540893554688,585.8639582409971,575.2258980125081,581.7708648204313,95197700
2025-05-22,576.4815063476562,579.971467292194,574.8204937262445,576.0563267018498,70860400
2025-05-23,572.5465087890625,575.215919785119,569.0762805285291,569.4519785383726,76029000
2025-05-27,584.4501953125,584.6083553931982,571.8743267058999,579.4277528567243,72588500
2025-05-28,581.0689086914062,586.051826179252,580.3373051792158,584.8555180607121,68445500
2025-05-29,583.362548828125,586.4768718669775,579.4276761926377,586.3384441000501,69973300
2025-05-30,582.7100830078125,584.430352826958,576.6297607292682,582.2552747565533,90601200
2025-06-02,585.9924926757812,586.0715425417425,578.429170462151,581.0985818518681,61630500
2025-06-03,589.3341064453125,590.3128764026674,585.1421107506463,585.6266079138771,63606200
2025-06-04,589.1759033203125,591.173028564345,588.7408877328025,590.1942585782981,57314200
2025-06-05,586.3285522460938,592.2111289512687,584.3512195951713,590.8566609128592,92278700
2025-06-06,592.3495483398438,594.0203968199735,590.0953601848463,591.8749474768216,66588700
2025-06-09,592.8834228515625,594.4356362447949,591.7069074945726,592.9229477814916,53016400
2025-06-10,596.244873046875,596.6304070325093,592.3001042710282,593.4172416440205,66247000
2025-06-11,594.54443359375,598.2025114763902,592.4781545343917,597.3423765043648,73658200
2025-06-12,596.9072875976562,596.9072875976562,592.7252483956809,593.2096852350186,64129000
2025-06-13,590.23388671875,595.0288949944265,588.7310943639458,591.7168864341237,89506000
2025-06-16,595.8494262695312,597.5993850121447,593.4172853343232,593.5952983788304,79984100
2025-06-17,590.7578125,594.9299553868199,589.9965201271316,593.4074309844862,82209400
2025-06-18,590.6688232421875,594.4059506456396,589.7097855095001,591.6574895866379,76605000
2025-06-20,589.2816772460938,594.4181022000307,587.8735769623825,593.3471688844512,94051400
2025-06-23,595.1021728515625,595.4888465716903,586.9116378864132,590.0351069773628,87426000
2025-06-24,601.6764526367188,602.737399696003,598.3347417480489,599.2470472798032,67735300
2025-06-25,602.0135498046875,603.4910078317407,600.4468221319722,602.7968833801484,62114800
2025-06-26,606.7236938476562,607.1599955272326,603.2531315625092,603.8679120398481,78548400
2025-06-27,609.7380981445312,611.2056913389495,605.692457719191,607.7252035075089,86258400
2025-06-30,612.6533203125,614.0117925800773,609.8669572755672,612.1873024714439,92502500
2025-07-01,612.455078125,613.625146088841,610.3429883405835,611.1758893553448,70030100
2025-07-02,615.2315063476562,615.2711481262035,611.4237773441516,612.0484833566157,66510400
2025-07-03,620.0804443359375,621.0125406459644,617.1948857443227,617.2147368961759,51065800
2025-07-07,615.4595336914062,618.7813935886118,612.6731706581298,618.1169852960921,74814500
2025-07-08,615.1224365234375,616.8775081543645,614.3093261623386,616.1238907210633,59024600
2025-07-09,618.8110961914062,619.4655183729625,615.6875662931247,617.5319680301938,66113300
2025-07-10,620.5562744140625,621.5974308254256,617.7699115690501,618.9499049744066,57529000
2025-07-11,618.3748168945312,619.6043777491163,616.3024294765994,617.5022136064131,63670200
2025-07-14,619.5548095703125,619.9018415613931,616.5701165685465,617.9186632768227,51898500
2025-07-15,616.9072875976562,622.5791484786782,616.8279435196437,622.2420420602726,74317300
2025-07-16,618.9697265625,619.4754466932056,612.8516386863737,618.4937831556223,88987500
2025-07-17,622.7576293945312,623.1146474859103,618.9301097920578,619.1482908768893,68885700
2025-07-18,622.301513671875,624.175571102461,621.1909387049365,624.007017899032,65621600
2025-07-21,623.4815063476562,626.2281670376054,623.0551302914085,623.4815063476562,63375000
2025-07-22,623.5707397460938,624.4334174667899,620.9232136557434,623.8087114591411,60046300
2025-07-23,628.875732421875,628.875732421875,624.4333721871909,626.238071576001,70511000
2025-07-24,629.083984375,630.7994747941685,628.6576082944551,629.2624631630094,71307100
2025-07-25,631.7413940429688,632.2173979677802,629.5004535059064,629.748350781943,56865400
2025-07-28,631.5828247070312,632.6735486135409,630.1945756243812,632.1182610848412,54917100
2025-07-29,629.9169311523438,633.2982235137306,629.0046860832861,632.9809077241022,60556300
2025-07-30,629.1236572265625,632.3165451544952,626.2281734095909,630.5713386132512,80418900
2025-07-31,626.763671875,634.4682782312485,625.4646925404661,634.0816044685715,103385200
2025-08-01,616.4907836914062,621.0719812920488,614.0812292944926,621.0322789916852,140103600
2025-08-04,625.8612670898438,625.9108344398344,620.3183179857707,620.4075271113948,73218000
2025-08-05,622.688232421875,627.2892207726588,621.7660617410078,626.476110377079,68051400
2025-08-06,627.4578247070312,628.1122469303318,622.8469108529321,623.7591559441935,64357500
2025-08-07,626.9322509765625,631.62244837055,623.8186464662513,630.8886820702932,74205800
2025-08-08,631.82080078125,632.2868791777582,628.4097315038053,628.727047311219,64051600
2025-08-11,630.5713500976562,633.5758942477272,629.3219380955197,632.0984361099556,58742300
2025-08-12,637.284423828125,637.4430514601922,631.4340237207567,632.9214074238032,64730800
2025-08-13,639.4659423828125,640.7549961752953,637.2745085703324,639.4857330110176,60092800
2025-08-14,639.5254516601562,640.1897994624859,636.9374184340268,637.3835851461316,59327500
2025-08-15,638.0281372070312,640.6558727131268,637.11589211782,640.5566774831647,68592500
2025-08-18,637.8893432617188,638.5834678311134,636.778768159409,637.4530415771111,43804900
2025-08-19,634.4286499023438,638.6924711313014,633.1098193903536,637.7108075589789,69750700
2025-08-20,632.742919921875,634.2798709561484,627.6263466835007,634.0221086228163,88890300
2025-08-21,630.2044677734375,632.604096553562,628.4791123479844,630.9283690027011,54805800
2025-08-22,639.8823852539062,641.0623787509013,631.8901792096084,632.3958993542917,84083200
2025-08-25,637.0662231445312,639.8625116828326,636.9472372936925,638.6230253017661,51274300
2025-08-26,639.733642578125,640.0807351008626,636.1738713484165,636.7985773675441,51581600
2025-08-27,641.1912841796875,641.9250504526357,638.9998504138363,639.148612992103,48341100
2025-08-28,643.4620361328125,644.0173236548059,639.9121904309055,641.7961735668325,61519500
2025-08-29,639.6245727539062,642.3911452321481,637.7306640961879,642.0242015644989,74522200
2025-09-02,634.884765625,635.1028861742022,629.5797276837342,632.13804448044,81983500
2025-09-03,638.3255615234375,638.7916398746721,635.0731807265284,637.2645539172183,70820900
2025-09-04,643.660400390625,643.6901771181875,638.0975992987862,638.9999188744573,65219200
2025-09-05,641.7960815429688,646.7243105506017,637.918995020256,646.0004093954814,85178900
2025-09-08,643.3728637695312,644.3743785857845,641.7862846718712,643.1646082412059,63133100
2025-09-09,644.8601684570312,645.3856792185645,641.7762803015634,643.5115612591451,66133900
2025-09-10,646.724365234375,649.0446498954948,645.1576374702139,648.122479271532,78034500
2025-09-11,652.0987548828125,652.7928793680376,648.0927566439484,648.6777603299006,69934400
2025-09-12,651.8805541992188,653.5662677492645,651.3748946038203,652.0689585463732,72780100
2025-09-15,655.3511962890625,655.4801077277403,653.7944544929727,654.0919191507668,63772400
2025-09-16,654.4488525390625,656.213910313041,653.6655188822047,655.9064595692537,61169000
2025-09-17,653.6357421875,656.1543568928759,648.7967821934204,654.4587781451693,101952200
2025-09-18,656.6898193359375,659.2977035594738,654.7165666735059,656.3229362038169,90459200
2025-09-19,659.9423217773438,660.7874850308027,656.6311583459587,658.5800832029405,97945600
2025-09-22,663.0645141601562,663.5119177999496,658.4209110544651,658.4507703315647,69452200
2025-09-23,659.4551391601562,663.5617612775759,658.2320617574377,662.9452156846509,81708900
2025-09-24,657.3569946289062,660.8471316064555,655.9350982101993,660.7477220570149,68082200
2025-09-25,654.3242797851562,655.6765652531099,650.7048739536411,654.2149171420698,89622100
2025-09-26,658.072998046875,658.619871988132,654.1553026157394,655.7760789419195,69179200
2025-09-29,659.9224243164062,661.5134019828115,658.112721358766,660.5985670660314,73499000
2025-09-30,662.4082641601562,662.8756347075731,657.8641309647478,659.1766647693167,86288000
2025-10-01,664.6654663085938,665.5802405756418,659.3059681646932,659.4153308150761,72545400
2025-10-02,665.4309692382812,666.7733621981591,663.004842335434,666.6540464714482,56896000
2025-10-03,665.421142578125,668.8714672806448,664.377038831869,666.1966948783695,70494400
2025-10-06,667.8074951171875,668.7024238148077,665.669704301124,667.8174482099862,54623300
2025-10-07,665.3316040039062,669.1796881705657,663.8898014056139,668.7322238208072,72020100
2025-10-08,669.2990112304688,669.398481470165,665.6299006256374,666.4552183740389,60702200
2025-10-09,667.3600463867188,670.1243359074817,665.4211353124821,669.7166839203261,66501900
2025-10-10,649.32275390625,670.1342452495495,649.14378031214,668.324542434099,159422600
2025-10-13,659.2860107421875,661.3642043859337,656.0345659370097,656.9095884512618,79560500
2025-10-14,658.4805908203125,662.0602448848334,649.4718888267987,653.4492417720955,88779600
2025-10-15,661.4039916992188,666.4353410824248,655.1993304017814,663.0446741742268,81702600
2025-10-16,656.899658203125,664.9239754340409,653.3896149312258,663.0446615126489,110563300
2025-10-17,660.62841796875,661.9906565438909,654.4138037793879,655.7660892614911,96500900
2025-10-20,667.499267578125,668.4041493887289,663.4921159142255,663.5418206897375,60493400
2025-10-21,667.4892578125,669.1796448635298,666.1866772188026,667.6384328159621,56249000
2025-10-22,664.0191040039062,668.1953369980629,659.5445816579371,668.1953369980629,80564000
2025-10-23,667.9566650390625,668.9012985038863,664.019063764971,664.3372592841532,65604500
2025-10-24,673.4155883789062,674.628651928334,671.8246714345047,672.6300829996666,74356500
2025-10-27,681.3603515625,681.658640907831,678.2580209918731,678.8645527756448,63339800
2025-10-28,683.1700439453125,685.0095454543999,680.9526890414517,683.1600908523567,61738100
2025-10-29,683.4981689453125,685.795087823854,679.0037407351697,684.8205950917289,85657100
2025-10-30,675.98095703125,682.0563488815194,675.98095703125,680.0279207971732,76335800
2025-10-31,678.1983642578125,681.2012852815519,675.3943230278239,681.1614729090464,87164100
2025-11-03,679.4711303710938,681.9171636388411,676.0903560257897,681.7878948104295,57315000
2025-11-04,671.4169921875,676.1103005794487,670.7607556049009,672.2820616639051,78427000
2025-11-05,673.7437133789062,677.0051112074705,670.3529860359731,671.1583975728993,74402400
2025-11-06,666.514892578125,673.5448715272548,664.9338680034818,672.6399897028363,85035300
2025-11-07,667.1710815429688,667.2805048704689,657.4663915648358,664.1284090392404,100592400
2025-11-10,677.5819091796875,678.317709828293,671.2082272333661,673.4056760856186,75842900
2025-11-11,679.1329956054688,679.6997756663966,674.8871520395073,676.1002762110339,58953400
2025-11-12,679.5108642578125,681.081935653801,677.0946296424269,680.9128544582501,62312500
2025-11-13,668.2350463867188,677.0051169124795,666.723693536663,676.6471697129602,103457800
2025-11-14,668.125732421875,671.8345948923219,659.5147893727298,661.6128286383953,96846700
2025-11-17,661.901123046875,669.8956413839408,658.4209391867944,665.9083353081996,90456100
2025-11-18,656.3428344726562,661.3542775984923,652.1466953365565,658.351356546523,114467500
2025-11-19,658.87841796875,663.561773390439,655.020380360944,657.0389163187169,94703000
2025-11-20,648.8355712890625,671.7351497651099,648.1991802397498,669.1001291109939,165293500
2025-11-21,655.2987670898438,660.7874729698119,647.1650267848305,651.3412595795126,123956200
2025-11-24,664.9437866210938,666.2662734630499,657.8442577670318,658.9380055466532,80437900
2025-11-25,671.1981811523438,672.3814460202411,660.7178178396566,664.8443455838128,81077100
2025-11-26,675.8318481445312,677.8404309302599,672.8885849296569,673.7934667684052,71879600
2025-11-28,679.5208129882812,679.7991961322198,676.6471609574353,677.0051081523229,49212000
2025-12-01,676.4185180664062,679.1230890446475,674.8971513739515,674.9667623359846,61201200
2025-12-02,677.67138671875,679.9483994968172,675.4838303983408,678.0591325179204,62953800
2025-12-03,680.0180053710938,681.0321891246488,675.8417725523884,676.7167950740063,57238500
2025-12-04,680.51513671875,681.4895687361658,677.4824173401821,681.4199577792665,61970300
2025-12-05,681.8078002929688,684.4925257185774,680.7040993957534,681.5890143183475,79241000
2025-12-08,679.7594604492188,682.7524282821314,677.7111260885928,682.7027235077143,55231500
2025-12-09,679.1727294921875,681.5094606319436,678.7253258622812,679.2821528162136,58310100
2025-12-10,683.6771850585938,685.0692222502689,677.4526176554032,678.6955405173951,85671300
2025-12-11,685.26806640625,685.3476304583654,678.3076987410943,681.2609148661827,86173700
2025-12-12,677.9000244140625,684.9797075791527,675.3246617594549,684.2737056052856,113160300
2025-12-15,676.8758544921875,681.8774049984522,675.4042533093998,681.8574988128718,90811000
2025-12-16,675.0264282226562,677.2239376857725,671.1584377196804,675.3843754405706,122030600
2025-12-17,667.5986938476562,676.5874893555698,667.3998140691156,676.0406154817738,110625200
2025-12-18,672.6399536132812,676.8857972779194,671.0788959983324,673.7635606688432,108650100
2025-12-19,678.7363891601562,679.2350273728672,674.6275542880097,674.747283458469,103599500
2025-12-22,682.96484375,683.4933686131409,678.7364013691785,682.0772531068674,69556700
2025-12-23,686.0863037109375,686.325640311278,682.0074163952171,682.0572680421344,64840000
2025-12-24,688.4996948242188,688.9484813838191,685.9267046355759,686.0763204450832,39445600
2025-12-26,688.4298706054688,689.7761694005526,687.392725060237,688.758988861415,41613300
2025-12-29,685.9765625,687.322922191004,684.2014421207446,685.6674092439482,62559500
2025-12-30,685.138916015625,686.6846823672308,684.7100944386586,685.5777200962995,47160700
2025-12-31,680.062744140625,685.4879304984822,679.8533550408816,685.2685588951464,74144800
2026-01-02,681.309326171875,684.999261161205,677.9684744567207,683.842447277036,89377200
2026-01-05,685.846923828125,687.5522884526621,684.5106074856512,684.6701449336617,71927200
2026-01-06,689.92578125,690.4344019511112,685.9067890249802,686.0563439630641,69273800
2026-01-07,687.701904296875,692.0699799720542,687.4426026835383,690.3047811958188,75588300
2026-01-08,687.632080078125,688.7390423054183,685.6175622141362,686.9439569075789,64019200
2026-01-09,692.1796264648438,693.4162394407576,687.3029303433501,688.7489932725086,80125500
2026-01-12,693.2666625976562,694.1941832506386,688.7490319805348,688.7988836287034,63976000
2026-01-13,691.8804931640625,694.194181802135,689.467040360938,693.595779418591,78309700
2026-01-14,688.479736328125,689.8360176539858,684.1714948792828,689.1180078469732,94676700
2026-01-15,690.3546142578125,693.5558934557131,689.3673203481677,692.678285342935,77862000
2026-01-16,689.7761840820312,692.359156800422,688.22043529661,691.7707369284135,79289200
2026-01-20,675.7345581054688,682.9049778344743,674.7272992054969,679.6338820353151,111623300
2026-01-21,683.5332641601562,686.8641332264262,676.2830453044572,677.7989248999835,127844500
2026-01-22,687.103515625,689.2476843606095,685.0491285530771,687.9711412752974,77112200
2026-01-23,687.352783203125,689.0781127396581,685.2884137823622,686.2757685331861,63059600
2026-01-26,690.84326171875,692.2394730275811,688.0409174669724,688.609372319757,60473800
2026-01-27,693.5957641601562,694.6329705879123,691.6810104865692,692.2893344912051,55506100
2026-01-28,693.5259399414062,695.9393926651097,692.0499903412962,695.1515053497095,61172200
2026-01-29,692.1497192382812,695.1615135683285,682.9648421722587,694.4933553961189,97486200
2026-01-30,690.0853271484375,692.3192774332931,685.2485609149509,689.9058246991844,101835100
2026-02-02,693.5159912109375,695.0318708971434,687.5423149981101,687.7019133171445,79286500
2026-02-03,687.6520385742188,695.0617950648859,682.1670182684101,694.3138377504575,107904600
2026-02-04,684.3211059570312,689.5667896413613,679.9031787408285,688.4697490630058,105204600
2026-02-05,675.7744750976562,681.8279505601881,673.9494421186707,679.0854402743204,113610800
2026-02-06,688.739013671875,690.4244132010324,678.995603890688,679.6039887472712,89127600
2026-02-09,692.0599975585938,693.9747512796714,686.4652913399738,687.5423060693106,73885200
2026-02-10,690.2349243164062,694.64286887948,689.7761552680904,693.0572335194393,65185700
2026-02-11,690.075439453125,695.2413241987686,687.3029816841566,694.4933668556342,76353900
2026-02-12,679.41455078125,693.4561594586687,678.5169776231163,692.3491972008484,118829000
2026-02-13,679.8931884765625,684.410879804094,675.6747287653898,679.833354327075,96267500
2026-02-17,680.9901733398438,683.074507822494,673.9394826742099,678.287593220413,81354700
2026-02-18,684.4208374023438,687.2730943282486,680.9702998190471,682.157061237011,73570300
2026-02-19,682.61572265625,684.311104689823,679.6937101433548,681.9775120282383,58649400
2026-02-20,687.5523071289062,688.1805961724377,679.8732661615737,680.4616860592505,100034000
2026-02-23,680.531494140625,688.1207533479937,678.5169762252317,685.9566804858357,90558100
2026-02-24,685.4779052734375,686.4751816677359,678.1479481229125,680.0427976196477,73798700
2026-02-25,691.26220703125,691.7907319065998,688.2204651135966,688.3002642742074,56369500
2026-02-26,687.422607421875,691.4117130049051,682.486077089091,691.391808867856,71671000
2026-02-27,684.1216430664062,684.9892686841309,679.7835149777827,681.2295779636313,83308900
2026-03-02,684.5106201171875,686.744509644098,676.1734035367807,676.8515442239554,87477200
2026-03-03,678.4771118164062,680.7508704958498,667.8361281509542,673.221445388408,105003100
2026-03-04,683.2639770507812,685.2186606854194,677.7689744100875,679.7735096903759,79182200
2026-03-05,679.4544067382812,683.6629449535216,673.7699188745959,680.2223290726917,106606500
2026-03-06,670.5487060546875,674.2685275228549,667.9358467743081,671.5758690877306,100687000
2026-03-09,676.4227294921875,678.0681991431876,660.5859743093405,664.5750801817165,102667700
2026-03-10,675.3356323242188,681.4987932365287,672.9222404542279,675.87413967305,81505300
2026-03-11,674.4879760742188,678.2277626375325,671.5061293267642,675.7345715953234,68441700
2026-03-12,664.2459106445312,669.8207124533001,664.0564256954588,669.3319958917509,108882200
2026-03-13,660.4862060546875,670.5088831921612,659.5587462493693,667.4472371497842,97200200
2026-03-16,667.2078857421875,670.239584206393,665.3030536555561,666.5596317087426,82023100
2026-03-17,668.9630126953125,672.60309589337,667.8760155087483,670.5586914524959,87128000
2026-03-18,659.6285400390625,667.8959397089973,659.3892034355257,666.5396583763402,82062600
2026-03-19,658.0029907226562,661.1743225351036,653.3855958813168,655.1806813207687,111272500
2026-03-20,648.5700073242188,656.6900024414062,644.719970703125,656.510009765625,163617500
2026-03-23,655.3800048828125,662.6199951171875,653.9400024414062,658.0700073242188,134802700
2026-03-24,653.1799926757812,657.030029296875,649.8800048828125,651.3200073242188,96457500
2026-03-25,656.8200073242188,660.8900146484375,654.239990234375,658.6699829101562,90653800
2026-03-26,645.0900268554688,654.8499755859375,644.8200073242188,652.0599975585938,96494400
2026-03-27,634.0900268554688,642.6599731445312,633.1099853515625,642.5,103649400
2026-03-30,631.969970703125,640.3699951171875,629.280029296875,640.1099853515625,99275900
2026-03-31,650.3400268554688,651.5399780273438,637.97998046875,638.9400024414062,152534100
2026-04-01,655.239990234375,658.52001953125,653.0,653.9000244140625,97841500
2026-04-02,655.8300170898438,658.2000122070312,645.1099853515625,646.4199829101562,68358700
2026-04-06,658.9299926757812,659.719970703125,655.52001953125,655.8599853515625,39105800
2026-04-07,659.219970703125,659.6099853515625,651.0599975585938,656.6500244140625,69980400
2026-04-08,676.010009765625,677.0800170898438,671.4600219726562,676.3900146484375,93606100
2026-04-09,679.9099731445312,681.1599731445312,673.77001953125,674.8400268554688,57134400
2026-04-10,679.4600219726562,682.030029296875,678.4500122070312,681.3200073242188,42253500
2026-04-13,686.0999755859375,686.2999877929688,676.5800170898438,677.4099731445312,54185800
2026-04-14,694.4600219726562,694.5800170898438,687.6599731445312,687.6900024414062,63480500
2026-04-15,699.9400024414062,700.280029296875,694.2000122070312,695.260009765625,58240400
2026-04-16,701.6599731445312,702.780029296875,698.530029296875,701.0599975585938,49972400
2026-04-17,710.1400146484375,712.3900146484375,705.760009765625,706.1400146484375,70661900
2026-04-20,708.719970703125,709.9099731445312,706.1400146484375,708.780029296875,43546800
2026-04-21,704.0800170898438,711.280029296875,702.6400146484375,710.280029296875,58941400
2026-04-22,711.2100219726562,711.4500122070312,708.219970703125,709.1500244140625,42518500
2026-04-23,708.4500122070312,712.3599853515625,702.280029296875,709.5,56174000
2026-04-24,713.9400024414062,714.469970703125,709.010009765625,710.75,45182000
2026-04-27,715.1699829101562,715.6300048828125,712.2999877929688,713.1699829101562,33135900
2026-04-28,711.6900024414062,712.8800048828125,709.25,711.8200073242188,43117400
2026-04-29,711.5800170898438,712.2000122070312,708.3699951171875,711.0,41859200
2026-04-30,718.6599731445312,719.7899780273438,710.4500122070312,714.6300048828125,67240900
2026-05-01,720.6500244140625,724.8699951171875,720.469970703125,721.25,43049800
2026-05-04,718.010009765625,722.1199951171875,714.989990234375,720.0700073242188,51950600
2026-05-05,723.77001953125,725.0399780273438,721.489990234375,721.77001953125,36933200
2026-05-06,733.8300170898438,734.5900268554688,727.8200073242188,728.1599731445312,53288900
2026-05-07,731.5800170898438,736.1300048828125,729.75,735.0499877929688,51724600
2026-05-08,737.6199951171875,738.0800170898438,734.5700073242188,734.9299926757812,47227100
2026-05-11,739.2999877929688,740.7899780273438,736.4500122070312,736.4500122070312,44024000
2026-05-12,738.1799926757812,738.8400268554688,731.8300170898438,736.8900146484375,54185300
2026-05-13,742.3099975585938,743.9099731445312,735.469970703125,738.469970703125,44200200
2026-05-14,748.1699829101562,749.530029296875,743.5599975585938,743.6500244140625,45307600
2026-05-15,739.1699829101562,743.4600219726562,737.9600219726562,741.7899780273438,60410800
2026-05-18,738.6500244140625,741.4199829101562,733.3900146484375,739.8300170898438,47723100
