Date,Close,High,Low,Open,Volume
2006-06-21,3.650315046310425,3.666141462428666,3.615598747772259,3.6186618245677367,4436800
2006-06-22,3.611514091491699,3.6288724340997685,3.587008700111825,3.6288724340997685,2185600
2006-06-23,3.6110050678253174,3.644189447054256,3.58037273391198,3.590072998951624,713600
2006-06-26,3.6319351196289062,3.6334666577369905,3.5997716508407493,3.612024345211552,603200
2006-06-27,3.5676071643829346,3.6436769194103222,3.5676071643829346,3.6436769194103222,1835200
2006-06-28,3.5992612838745117,3.6094717983809113,3.558418446836592,3.5783292227783834,681600
2006-06-29,3.7519092559814453,3.7519092559814453,3.6446973367865723,3.65031323446161,1068800
2006-06-30,3.7498700618743896,3.783054831967485,3.7498700618743896,3.7784602153962656,1449600
2006-07-03,3.8009238243103027,3.8009238243103027,3.765697258465725,3.7702918755081805,454400
2006-07-05,3.750379800796509,3.7662062178470905,3.7212794010065395,3.760080063895241,1184000
2006-07-06,3.762122869491577,3.788670449870537,3.750380423291121,3.7626331227347722,1865600
2006-07-07,3.718726634979248,3.7667169190477354,3.7003477833318588,3.7345534417820114,1137600
2006-07-10,3.725365161895752,3.764165839351079,3.711580531316582,3.7498705659154723,1152000
2006-07-11,3.757016181945801,3.759569005480921,3.679415254256076,3.709026293436257,3080000
2006-07-12,3.682990550994873,3.754465356024194,3.667674382236322,3.752933817049609,2051200
2006-07-13,3.5716934204101562,3.6513365463221152,3.5691409858269316,3.633467946214467,2780800
2006-07-14,3.5395288467407227,3.571181674436749,3.4971544727860726,3.560460517684274,2417600
2006-07-17,3.5359551906585693,3.563524046871764,3.5124706959968455,3.5446341668258277,910400
2006-07-18,3.5415713787078857,3.6069196108263024,3.4772440423073623,3.560971513397357,3278400
2006-07-19,3.6630778312683105,3.686051682769974,3.573223826972691,3.573734469530059,3504000
2006-07-20,3.620194435119629,3.701369101556263,3.612025709449733,3.696263842765717,1844800
2006-07-21,3.5630149841308594,3.604878734830301,3.548720101868562,3.589052313683661,2054400
2006-07-24,3.675842046737671,3.682989486223606,3.5977304655654936,3.5977304655654936,2134400
2006-07-25,3.7223000526428223,3.7417001860313346,3.6518461781409637,3.6686938776528137,2742400
2006-07-26,3.7294468879699707,3.754462917152782,3.6829881585529374,3.698304317362225,2211200
2006-07-27,3.6937103271484375,3.7677379290252366,3.678904806773078,3.75701638121402,2864000
2006-07-28,3.7779486179351807,3.791222600519398,3.70953730289772,3.712089737179077,1806400
2006-07-31,3.767737865447998,3.7779483809453707,3.7534425984429975,3.7779483809453707,908800
2006-08-01,3.7340407371520996,3.754972790604026,3.6988138128091115,3.7268933017065686,836800
2006-08-02,3.7626328468322754,3.8060285187119076,3.753443225546811,3.7713122149119602,1172800
2006-08-03,3.7815232276916504,3.809602737939965,3.7268961355319146,3.7268961355319146,1441600
2006-08-04,3.7805004119873047,3.867290944037853,3.74731565931876,3.8647381209456118,2753600
2006-08-07,3.7595698833465576,3.7753963023424797,3.742211925674421,3.7575277019428457,785600
2006-08-08,3.728936195373535,3.795305307141164,3.7125991412993087,3.7881578703278205,923200
2006-08-09,3.7003462314605713,3.801431625905525,3.6962618708046358,3.7631416211447855,1115200
2006-08-10,3.7330219745635986,3.7396587714100655,3.6763527115086942,3.691158233248882,2590400
2006-08-11,3.7059619426727295,3.7268940000468755,3.680945913925901,3.7268940000468755,1950400
2006-08-14,3.718726634979248,3.8167493843006515,3.7080054758906735,3.7519113975903036,1545600
2006-08-15,3.8101110458374023,3.8187904106230066,3.7667157799338464,3.776416040249813,1350400
2006-08-16,3.873929977416992,3.8805671654898375,3.832576868067353,3.8366612315727435,1792000
2006-08-17,3.889754056930542,3.9101750811035507,3.8637167447520664,3.872906361432348,3046400
2006-08-18,3.9055826663970947,3.9157931842322187,3.864229562806667,3.902519588947815,1331200
2006-08-21,3.8872029781341553,3.897413494801568,3.874950280232012,3.8800555385657183,649600
2006-08-22,3.8938381671905518,3.9137493286309892,3.8672906011134396,3.8831170122648286,1113600
2006-08-23,3.8586134910583496,3.9106877529321182,3.8371711708459904,3.8989456968899425,996800
2006-08-24,3.872905969619751,3.8851586607851947,3.8484001977828344,3.8851586607851947,1408000
2006-08-25,3.8800575733184814,3.8974155386570746,3.8586152433685323,3.866783583084797,635200
2006-08-28,3.9132392406463623,3.9270234733594367,3.865248968411698,3.875970124856565,1110400
2006-08-29,3.9316208362579346,3.9326417324578338,3.8734200152043994,3.910178120996339,947200
2006-08-30,3.931108236312866,3.946424398230842,3.8708652633449674,3.946424398230842,470400
2006-08-31,3.9280452728271484,3.9362136071140528,3.9157921871375088,3.9183450106993973,444800
2006-09-01,3.9678690433502197,3.9719534075276184,3.93213144105759,3.94387389069101,905600
2006-09-05,3.9750149250030518,3.9882889086139817,3.952551320354748,3.96531466126742,984000
2006-09-06,3.9055826663970947,3.9530623143923695,3.8953721485619703,3.9530623143923695,902400
2006-09-07,3.866271495819092,3.905071772704196,3.8514659732551983,3.870355468986923,1017600
2006-09-08,3.8938381671905518,3.900985993313783,3.8637168828048654,3.876480218122071,902400
2006-09-11,3.8928186893463135,3.916303188141295,3.8432968679608464,3.8703550863657985,524800
2006-09-12,3.9688878059387207,3.9755249915353965,3.903028929633395,3.903028929633395,1075200
2006-09-13,4.007688999176025,4.013815542963894,3.9637830757952535,3.9790992405118013,636800
2006-09-14,3.988288164138794,3.997988036557542,3.9734826447030214,3.994414317349334,803200
2006-09-15,4.022494792938232,4.053637377661121,4.007178627187008,4.040874036037192,998400
2006-09-18,4.021982192993164,4.042914250033247,4.004113601316316,4.014834756322425,544000
2006-09-19,3.995945692062378,4.023514548899711,3.9607191440253673,4.010751210892029,1604800
2006-09-20,4.044448375701904,4.057722362086059,4.023006051970348,4.045469271805454,1241600
2006-09-21,4.000539302825928,4.063845328231635,3.985223146749146,4.063845328231635,825600
2006-09-22,3.978588581085205,4.000030899993185,3.9535725423592294,4.000030899993185,560000
2006-09-25,4.052614688873291,4.067420206770965,3.9637819709933853,4.013814424216772,1308800
2006-09-26,4.105709552764893,4.10877301806144,4.046998133242397,4.055677497158857,1222400
2006-09-27,4.115922927856445,4.130217809476611,4.093459319878293,4.11745446667199,1395200
2006-09-28,4.129195213317871,4.1588062527075325,4.097031739881218,4.13787457969497,1424000
2006-09-29,4.1123480796813965,4.133790396231306,4.107753074988585,4.127663853142958,755200
2006-10-02,4.0781426429748535,4.121538314691501,4.07150584576827,4.108264330772069,720000
2006-10-03,4.092946529388428,4.1205153821208,4.052614340548815,4.076609474751404,764800
2006-10-04,4.188930034637451,4.194545937664772,4.076101720729541,4.094480968908706,1673600
2006-10-05,4.208839416503906,4.220071218808041,4.18382298791515,4.201691976766048,1104000
2006-10-06,4.196588039398193,4.198630221513756,4.16238236535194,4.171571990118768,2622400
2006-10-09,4.2006707191467285,4.210370982929213,4.172080960006257,4.183823015579127,654400
2006-10-10,4.213434219360352,4.220071406201842,4.185865355073156,4.199649981969889,660800
2006-10-11,4.196588039398193,4.217009471047411,4.1542140263961,4.184335336211227,899200
2006-10-12,4.271634101867676,4.277250002055162,4.2144545937858995,4.225175751551232,2403200
2006-10-13,4.29154634475708,4.295120065232715,4.25529849721669,4.2629565809519985,950400
2006-10-16,4.304818630218506,4.314008249169765,4.279291954187916,4.279802596770254,982400
2006-10-17,4.270103931427002,4.291036000559577,4.229771721481509,4.273167009053696,2585600
2006-10-18,4.282356262207031,4.328815012906461,4.252234962791488,4.32830437017727,2396800
2006-10-19,4.290012836456299,4.299202454818645,4.2614230857761735,4.270102061588906,1275200
2006-10-20,4.296142101287842,4.324221227213987,4.264488864755386,4.293589276428016,840000
2006-10-23,4.33596134185791,4.352298399448614,4.267039392319197,4.27316554547435,2041600
2006-10-24,4.3553619384765625,4.3553619384765625,4.320645638721884,4.339535521803739,852800
2006-10-25,4.379868030548096,4.3900785472804085,4.342088651231042,4.3553622450818,1454400
2006-10-26,4.417649269104004,4.427349536736587,4.364043449439119,4.412033365685814,2150400
2006-10-27,4.359448432922363,4.410501816972989,4.340558540601325,4.378848578639293,1715200
2006-10-30,4.353831768035889,4.3727216570531064,4.3262628987295475,4.33698406076429,1481600
2006-10-31,4.339535236358643,4.372209352860142,4.315029454229421,4.3701671718905235,2000000
2006-11-01,4.287971019744873,4.378845925982949,4.27724986232977,4.37578284943754,2022400
2006-11-02,4.284396648406982,4.292565370626139,4.253254076582147,4.265507159910881,1787200
2006-11-03,4.2578511238098145,4.314009752749074,4.24764021613503,4.314009752749074,2097600
2006-11-06,4.361489295959473,4.374763280859916,4.289503859255909,4.298693481186017,1664000
2006-11-07,4.384462833404541,4.423774142465317,4.358425897773716,4.362509870937244,1833600
2006-11-08,4.4130539894104,4.421222327107298,4.331878918230104,4.347195086983021,1644800
2006-11-09,4.362508773803711,4.422751744760614,4.348724540142612,4.41866777262417,1726400
2006-11-10,4.370167255401611,4.373230721667675,4.338003780904442,4.36863571702168,896000
2006-11-13,4.388036727905273,4.415095339539239,4.355362604259808,4.357404785675934,1312000
2006-11-14,4.450321674346924,4.460532580914803,4.3599573908821805,4.418668837752145,2665600
2006-11-15,4.4819746017456055,4.504948458356282,4.449300481918485,4.449300481918485,2889600
2006-11-16,4.501375198364258,4.521796622718255,4.486569675445267,4.498312121038354,2668800
2006-11-17,4.5003533363342285,4.501884874668406,4.459510496393961,4.459510496393961,920000
2006-11-20,4.497800827026367,4.518222248423309,4.481463767810057,4.488100953730137,1476800
2006-11-21,4.511586666107178,4.513118204960508,4.4952496024944555,4.502907296761106,673600
2006-11-22,4.530986309051514,4.543239008036768,4.50699116430511,4.522307330166386,651200
2006-11-24,4.4952497482299805,4.523839513102541,4.487591664208735,4.487591664208735,134400
2006-11-27,4.375273704528809,4.485549171985601,4.360468569820658,4.479422627291455,4433600
2006-11-28,4.402331352233887,4.405905071811467,4.3461723452916,4.367104409607583,2662400
2006-11-29,4.481464385986328,4.492696188779279,4.433474097509634,4.4416428229976965,860800
2006-11-30,4.485038757324219,4.518223527802565,4.445217188552734,4.4957599189545165,3601600
2006-12-01,4.464615345001221,4.5003529240515405,4.393140965912888,4.487589586427744,2633600
2006-12-04,4.536091327667236,4.545791591499537,4.485037963507771,4.48912232612203,569600
2006-12-05,4.572849750518799,4.578976294357571,4.536091266498666,4.551407431342471,1611200
2006-12-06,4.559575080871582,4.578464962735733,4.551406746488566,4.564170085435811,860800
2006-12-07,4.527412414550781,4.598376560595614,4.527412414550781,4.591739763381399,1056000
2006-12-08,4.5366010665893555,4.568254286284525,4.503416308595516,4.538643247489642,1726400
2006-12-11,4.56008768081665,4.574382564252363,4.538645355663082,4.548855875401059,846400
2006-12-12,4.551919460296631,4.564172162199406,4.512608140328437,4.55906690219878,921600
2006-12-13,4.5743818283081055,4.589697994957308,4.550386682327294,4.589697994957308,1060800
2006-12-14,4.635646343231201,4.656067380469445,4.576934887405455,4.576934887405455,2076800
2006-12-15,4.655045509338379,4.681593085891084,4.645855888703552,4.6662773111705285,1508800
2006-12-18,4.62543249130249,4.680059549111298,4.611137618530999,4.661170062737287,1812800
2006-12-19,4.650450229644775,4.662703316105122,4.5692755767526,4.5820389163524675,2464000
2006-12-20,4.632712364196777,4.748316980726176,4.629516050553203,4.7206146474345845,1993600
2006-12-21,4.605008602142334,4.648160448737514,4.582633194233066,4.638038250074957,1348800
2006-12-22,4.539479732513428,4.592753758816529,4.539479732513428,4.592753758816529,1406400
2006-12-26,4.599680423736572,4.599680423736572,4.546406383675976,4.549603102464706,870400
2006-12-27,4.664140701293945,4.666804158474925,4.613530137473045,4.627914350754726,1732800
2006-12-28,4.645498752593994,4.664145002297961,4.625254752266906,4.6534899444029945,961600
2006-12-29,4.597550392150879,4.653487897308876,4.59275551659521,4.637505927170329,1036800
2007-01-03,4.567716598510742,4.660946179179668,4.5213684385339405,4.637505875282322,3816000
2007-01-04,4.591158390045166,4.615664408246734,4.522434805622835,4.548006532608581,784000
2007-01-05,4.518703937530518,4.562921487113617,4.5096474485167235,4.555995601968879,3776000
2007-01-08,4.556528091430664,4.5735757661591325,4.496861433105336,4.533620240409725,1811200
2007-01-09,4.544808387756348,4.570912960949532,4.5048528563020644,4.562921773368939,1977600
2007-01-10,4.565585136413574,4.570912865655354,4.501656449998976,4.50964763741297,2985600
2007-01-11,4.620457172393799,4.644430325242694,4.570912304250607,4.576239626389403,3908800
2007-01-12,4.674794673919678,4.674794673919678,4.610866020445462,4.611931321875697,2089600
2007-01-16,4.6678690910339355,4.682785749404596,4.648690414143527,4.6668033831797695,2235200
2007-01-17,4.665742874145508,4.693445210081134,4.651358648478858,4.658284537299421,1705600
2007-01-18,4.626849174499512,4.676394035983522,4.617792687435952,4.669468558778783,2886400
2007-01-19,4.654554843902588,4.661480325493171,4.616197455049575,4.616197455049575,3483200
2007-01-22,4.604475498199463,4.658282394797655,4.590624133377924,4.658282394797655,2828800
2007-01-23,4.636972427368164,4.656683968221851,4.59222202302291,4.602877074747335,2265600
2007-01-24,4.709426403045654,4.7110245596162565,4.649759316900945,4.651357473471547,2331200
2007-01-25,4.614595890045166,4.712087040518728,4.597548219417958,4.706226865636077,3388800
2007-01-26,4.602877140045166,4.624186837347657,4.566117922359586,4.624186837347657,3576000
2007-01-29,4.589025974273682,4.629514360254379,4.573576453222512,4.592222286750238,3110400
2007-01-30,4.637505531311035,4.640168989549079,4.592222270328746,4.602344468399895,2404800
2007-01-31,4.695041179656982,4.7184818882231205,4.613531960350327,4.621523147947755,4113600
2007-02-01,4.74991512298584,4.759504063066641,4.708361017058366,4.7270072621900585,2297600
2007-02-02,4.765895843505859,4.773354177018571,4.742455134495228,4.765362989269611,1379200
2007-02-05,4.759504318237305,4.7717575308565925,4.732867288276857,4.762701038217757,1067200
2007-02-06,4.759504318237305,4.779215866729611,4.733400142681736,4.768028362920083,1739200
2007-02-07,4.7760186195373535,4.800524633536442,4.756839929199154,4.780813088897532,1337600
2007-02-08,4.766427993774414,4.7818775127543,4.732332643766606,4.763764129435296,1417600
2007-02-09,4.709959030151367,4.794664575896809,4.667339626897228,4.774420582897907,2188800
2007-02-12,4.670535564422607,4.721678600346964,4.652955031509907,4.707827640884279,1662400
2007-02-13,4.742456912994385,4.742456912994385,4.697174040700048,4.697174040700048,2284800
2007-02-14,4.814373970031738,4.823963311157091,4.757370777355633,4.768025420184438,2512000
2007-02-15,4.813310146331787,4.828759668996175,4.797328175831502,4.809580979236848,307200
2007-02-16,4.812245845794678,4.818106024799094,4.788272275381482,4.799992633390313,923200
2007-02-20,4.835150241851807,4.8447395818542205,4.770155871440841,4.806915075858179,1736000
2007-02-21,4.826095104217529,4.834086291533281,4.7834761159479715,4.81863677110914,1670400
2007-02-22,4.817572593688965,4.854331820052773,4.780813367325156,4.839947598237037,931200
2007-02-23,4.79146671295166,4.806916231472409,4.765362143839727,4.806916231472409,1774400
2007-02-26,4.779215335845947,4.823432898216242,4.744054671557253,4.823432898216242,1934400
2007-02-27,4.395641326904297,4.685984693732019,4.338105263896104,4.685984693732019,10924800
2007-02-28,4.480346202850342,4.551200766009264,4.413753659982624,4.459036507842947,7571200
2007-03-01,4.468626976013184,4.509648220365026,4.315197864915508,4.334909408891602,8740800
2007-03-02,4.34183406829834,4.462765954921513,4.34183406829834,4.428670603342792,7201600
2007-03-05,4.256063461303711,4.390314283537913,4.256063461303711,4.288560661565633,2424000
2007-03-06,4.40310001373291,4.426007869929765,4.321590787819296,4.3711356672009245,7036800
2007-03-07,4.386053085327148,4.4478507783321435,4.380725761068771,4.410559102074714,4886400
2007-03-08,4.437727451324463,4.489402925874978,4.422810379525263,4.459036740997454,3342400
2007-03-09,4.456374168395996,4.503788038301193,4.4217459561245525,4.501657027620779,537600
2007-03-12,4.480346202850342,4.496861429866601,4.428670324553212,4.442521687275313,2102400
2007-03-13,4.297617435455322,4.462766906072224,4.297617435455322,4.424409932207619,7249600
2007-03-14,4.362611293792725,4.362611293792725,4.210780354445271,4.314132126626799,10929600
2007-03-15,4.38285493850708,4.406828499536903,4.344497972466943,4.357283627813655,3200000
2007-03-16,4.345564842224121,4.41641943605455,4.329582462437973,4.395642586201838,2547200
2007-03-19,4.45211124420166,4.454242254449931,4.389780718622164,4.397239051266788,2667200
2007-03-20,4.503787994384766,4.503787994384766,4.443055613155733,4.446251925920822,2528000
2007-03-21,4.652422904968262,4.666806719695493,4.493133202108886,4.522966946628187,7897600
2007-03-22,4.650290489196777,4.674796496129146,4.6204571601397415,4.6508233433438315,8249600
2007-03-23,4.651355743408203,4.682787634584511,4.642299255244152,4.6438974112203235,2524800
2007-03-26,4.660947322845459,4.669471367407849,4.565054260211467,4.6614801772428125,5008000
2007-03-27,4.6144633293151855,4.632628208131979,4.586681222448769,4.622477006667715,3817600
2007-03-28,4.54661226272583,4.590422142100305,4.517761794706534,4.582942436422716,6164800
2007-03-29,4.567983627319336,4.594696981865063,4.509214328841424,4.594696981865063,1174400
2007-03-30,4.565311908721924,4.613930407305661,4.485171848948361,4.568517788289993,1712000
2007-04-02,4.575998783111572,4.5872183457254865,4.525243153061728,4.568519074702296,3780800
2007-04-03,4.666289329528809,4.681783126579631,4.616068492054376,4.617136847058722,4915200
2007-04-04,4.672165393829346,4.6823165986602255,4.64865791977692,4.666822804618041,1435200
2007-04-05,4.702082633972168,4.71330218884413,4.659875504151022,4.667889588377639,2755200
2007-04-09,4.7154412269592285,4.735743228676072,4.69781031599771,4.733606111503759,4392000
2007-04-10,4.720250606536865,4.734676049127276,4.705291190230901,4.705291190230901,1993600
2007-04-11,4.667357444763184,4.728263861900624,4.651329268626614,4.728263861900624,3182400
2007-04-12,4.7282633781433105,4.729331732890166,4.63690376178432,4.65346590984774,3296000
2007-04-13,4.762456893920898,4.762456893920898,4.698878978622909,4.730400949462906,2198400
2007-04-16,4.8522138595581055,4.85862521159628,4.798252767507144,4.800924266093079,3064000
2007-04-17,4.875185966491699,4.895487964049712,4.852212471112191,4.872514468670204,1960000
2007-04-18,4.878393173217773,4.911517882966683,4.840460254815715,4.846337226022998,3507200
2007-04-19,4.881597995758057,4.894420290335555,4.830842383382572,4.830842383382572,4284800
2007-04-20,4.964410305023193,4.966013041269579,4.912052352111615,4.9494508899056,3177600
2007-04-23,4.9398345947265625,4.976164781458049,4.929683387259173,4.957999891899073,1769600
2007-04-24,4.941969871520996,4.954792165704546,4.88747481553087,4.936627282912299,4456000
2007-04-25,5.027454376220703,5.039742701429117,4.945711558119554,4.979370245686635,3668800
2007-04-26,5.043482303619385,5.048290512625796,5.005015001114044,5.030660005322109,3625600
2007-04-27,5.026383399963379,5.041342808858748,4.982039146728305,4.999135672267773,3262400
2007-04-30,4.956395149230957,5.0376039675499,4.939298620260664,5.022110174480978,2868800
2007-05-01,4.968683242797852,4.970285978625774,4.900297130050603,4.9633406541669824,5614400
2007-05-02,5.029055118560791,5.052562996970434,4.968683094370013,4.984176886266061,4856000
2007-05-03,5.074467182159424,5.08141250510031,5.03813701675076,5.03813701675076,4990400
2007-05-04,5.110264301300049,5.130031920838529,5.070194273439798,5.096907625346632,4193600
2007-05-07,5.113468647003174,5.131633934258426,5.11079755696876,5.120948351280833,1838400
2007-05-08,5.107593059539795,5.117744264210419,5.061112085760456,5.081414087488283,5091200
2007-05-09,5.141250133514404,5.153003661948696,5.084617569613761,5.092097272987066,4168000
2007-05-10,5.024779796600342,5.118276493662769,5.002874660491355,5.102248325406767,6022400
2007-05-11,5.103318691253662,5.103318691253662,5.029589984964414,5.032261483264492,4123200
2007-05-14,5.084621429443359,5.128431328578156,5.044551384834208,5.115074647041772,2372800
2007-05-15,5.070728778839111,5.160485252136181,5.056837721375484,5.099578840905505,5388800
2007-05-16,5.151937484741211,5.155677338008286,5.0728657773057835,5.0979763953619015,3524800
2007-05-17,5.1391143798828125,5.174375789762249,5.119880735361893,5.131634674526163,4214400
2007-05-18,5.216583251953125,5.216583251953125,5.165293665950922,5.1797186964211,4923200
2007-05-21,5.209104537963867,5.259325778817471,5.209104537963867,5.217118626468045,6588800
2007-05-22,5.21818733215332,5.253983134582935,5.203227916667124,5.219790068439199,4350400
2007-05-23,5.212308406829834,5.275351925327623,5.20269158510599,5.2422276342003205,6137600
2007-05-24,5.102249622344971,5.255584391244208,5.086221450014775,5.2026916671225765,10361600
2007-05-25,5.1423211097717285,5.167966111279478,5.116142134617389,5.133772640064655,3265600
2007-05-29,5.18185567855835,5.198418233245854,5.133771565553859,5.166896267315482,3836800
2007-05-30,5.267337799072266,5.267337799072266,5.121483146256483,5.124688617602175,4905600
2007-05-31,5.261995315551758,5.294585633591905,5.245433169785351,5.283900457151646,5232000
2007-06-01,5.303133487701416,5.329846833326894,5.270008792385035,5.302599106657181,4008000
2007-06-04,5.3036699295043945,5.326109460059452,5.2668057725613995,5.270545626384993,2592000
2007-06-05,5.2614617347717285,5.293517674098495,5.222460063388351,5.275352383658184,5500800
2007-06-06,5.1444573402404785,5.224597395666694,5.143922959072551,5.220857542718006,9313600
2007-06-07,4.970287799835205,5.158884060142552,4.960670973730496,5.1294996080990485,16611200
2007-06-08,5.080878734588623,5.094235408658316,4.95960031338568,4.987916397195295,11830400
2007-06-11,5.110264301300049,5.143922977961836,5.062180186345067,5.0782083605345285,8110400
2007-06-12,4.984712600708008,5.114005151317467,4.984712600708008,5.056838583395864,8147200
2007-06-13,5.139647960662842,5.1455249297959,5.023177747791949,5.045617269760596,8526400
2007-06-14,5.1957478523254395,5.217118619101915,5.145526611542743,5.1471293477186215,9342400
2007-06-15,5.253981113433838,5.2999281048167095,5.252912758858737,5.281228842652365,6880000
2007-06-18,5.241158485412598,5.280694123977424,5.232076045458153,5.278557414963816,4846400
2007-06-19,5.264133453369141,5.2785588927360685,5.212843862803976,5.231009155411694,6472000
2007-06-20,5.119346618652344,5.28924354895357,5.1134696487666575,5.288709167796673,9172800
2007-06-21,5.180788040161133,5.188267746816696,5.059509182392392,5.116675744753308,12366400
2007-06-22,5.085155010223389,5.164226731819602,5.0381396453583625,5.142321581894192,11548800
2007-06-25,5.033862590789795,5.126290532439742,4.981504257384972,5.072863844628538,12051200
2007-06-26,4.942936897277832,5.073141105070241,4.940257635169321,5.054387496704669,11694400
2007-06-27,5.080641746520996,5.080641746520996,4.913465873766694,4.915609201355614,11553600
2007-06-28,5.069389343261719,5.134759400835971,5.0586731146224295,5.067246015774278,15227200
2007-06-29,5.06349515914917,5.1476188189862935,4.982050760799014,5.084928024651182,15792000
2007-07-02,5.163694381713867,5.163694381713867,5.090286938693854,5.0967169219942114,8094400
2007-07-03,5.189947128295898,5.199591894567349,5.16905020284072,5.179230903015527,4776000
2007-07-05,5.177624702453613,5.2028082893279235,5.142796755123184,5.192092060733625,8211200
2007-07-06,5.232278823852539,5.246745774143914,5.161550648299053,5.190484957679743,6675200
2007-07-09,5.233887195587158,5.256391526378979,5.209239536796399,5.24460342678383,5854400
2007-07-10,5.074747562408447,5.204951746175189,5.074747562408447,5.181375552124246,13172800
2007-07-11,5.16101598739624,5.16101598739624,5.06349680600292,5.079571562557066,9795200
2007-07-12,5.334620475769043,5.345872639724363,5.196914837652079,5.200130033637859,11457600
2007-07-13,5.366769313812256,5.394095819098071,5.320688795474171,5.331405023962971,10273600
2007-07-16,5.35766077041626,5.398919113968157,5.33515644236866,5.360340032287721,10603200
2007-07-17,5.347479820251465,5.396239191720901,5.343729099369201,5.358731982898258,7244800
2007-07-18,5.33247709274292,5.34319373125444,5.242995307361007,5.309436830940599,11124800
2007-07-19,5.365161418914795,5.3935602006354415,5.344800421618731,5.379628776802395,7064000
2007-07-20,5.250495910644531,5.355516498482462,5.206558721765418,5.35230171184186,13556800
2007-07-23,5.289612770080566,5.333549974330668,5.274609882111951,5.3046156580491814,6121600
2007-07-24,5.1133270263671875,5.247281941226646,5.0677824370745626,5.222634285948261,14790400
2007-07-25,5.127793788909912,5.170659523609269,5.028667237315333,5.149762590362767,17796800
2007-07-26,4.883995532989502,5.0554576343517015,4.768794242012761,5.021701148120427,37945600
2007-07-27,4.706640243530273,4.929541444186078,4.706640243530273,4.8764954061523,40204800
2007-07-30,4.833093643188477,4.85666984135363,4.696459861780972,4.732359684406639,22276800
2007-07-31,4.707176208496094,4.92311149254465,4.677170434672377,4.892034259140661,22214400
2007-08-01,4.7704010009765625,4.794513124047842,4.604297035720618,4.692707336052959,36564800
2007-08-02,4.836843013763428,4.845416322991635,4.744682392347499,4.7848688595594835,20574400
2007-08-03,4.565184593200684,4.822914198411339,4.553396900834275,4.8196990015858905,29067200
2007-08-06,4.744682312011719,4.77736733749455,4.51963785415627,4.609655555538874,30292800
2007-08-07,4.833093643188477,4.9102518126031605,4.697531321334844,4.71735679786445,25001600
2007-08-08,4.969727516174316,5.013664713442483,4.843274039393159,4.888818630288531,25532800
2007-08-09,4.685209274291992,4.911325334501515,4.67181377696961,4.798267304396753,26979200
2007-08-10,4.618765354156494,4.7425399748981665,4.533570223545359,4.705568287154788,46054400
2007-08-13,4.664843559265137,4.768792653539597,4.659485447031948,4.68145423862511,18425600
2007-08-14,4.509994029998779,4.6980668472027,4.501956653250277,4.696459453612592,30662400
2007-08-15,4.398006439208984,4.605904252610216,4.371215464908927,4.4874881952597,44051200
2007-08-16,4.444623947143555,4.492847798639089,4.162247164227525,4.3176349484696,72382400
2007-08-17,4.627874851226807,4.7152133143132895,4.47570184532629,4.621980801880077,47891200
2007-08-20,4.616086006164551,4.664309852659648,4.527675689056526,4.642341052501579,32020800
2007-08-21,4.633769512176514,4.686279620271574,4.581258995283415,4.608049983559926,25497600
2007-08-22,4.733965873718262,4.746289903841287,4.65198554397164,4.702888240188803,28225600
2007-08-23,4.724859237670898,4.800945554781324,4.666990598404623,4.787014124854683,25088000
2007-08-24,4.833093643188477,4.835772905270153,4.71039128876929,4.728608962771091,16654400
2007-08-27,4.750041961669922,4.814340165391467,4.742004584005227,4.802552065989649,15252800
2007-08-28,4.5533952713012695,4.709854500878355,4.528211683971123,4.709854500878355,22872000
2007-08-29,4.716285705566406,4.728609740852809,4.555004239901388,4.591975528164465,15886400
2007-08-30,4.691100120544434,4.7570056934125065,4.610191257536109,4.640732954211087,20307200
2007-08-31,4.759149551391602,4.8411298827261975,4.729679310612151,4.799336020382905,22899200
2007-09-04,4.882387638092041,4.9375769835234165,4.769329686096604,4.78486850131091,14907200
2007-09-05,4.774152755737305,4.831485439005159,4.743611053600184,4.811660374599091,17284800
2007-09-06,4.821840763092041,4.842737696076022,4.750577062586688,4.81005266575791,12625600
2007-09-07,4.677169322967529,4.770401818615312,4.628945477357327,4.770401818615312,25568000
2007-09-10,4.646091938018799,4.717891980632704,4.56679086212647,4.703424621772633,18792000
2007-09-11,4.774152755737305,4.77576014919748,4.681456189951804,4.6937798123451016,18577600
2007-09-12,4.795586585998535,4.822913506706215,4.73182390727995,4.748970122296963,13459200
2007-09-13,4.847023963928223,4.886674499139893,4.808980822079498,4.827734425977051,14099200
2007-09-14,4.854525566101074,4.86470626946711,4.777903345814933,4.790227376668446,9304000
2007-09-17,4.7923712730407715,4.835772535619905,4.7720098638916735,4.8073741584361285,8059200
2007-09-18,5.074747562408447,5.358196189910462,4.819161784020807,4.843809437438643,26377600
2007-09-19,5.142261505126953,5.207631571122911,5.099931701591898,5.148691079619689,16000000
2007-09-20,5.074212551116943,5.145476671514272,5.055994876981206,5.129402325300033,13624000
2007-09-21,5.090285778045654,5.154583961196553,5.090285778045654,5.141188472306959,8716800
2007-09-24,5.0795722007751465,5.151371862462641,5.050101946322463,5.122437542308577,12513600
2007-09-25,5.063132286071777,5.071727720634279,4.9954446733771585,5.048628002563656,13188800
2007-09-26,5.100736141204834,5.143175175969751,5.070115623697599,5.107182716941624,11401600
2007-09-27,5.16251277923584,5.16251277923584,5.114701818824541,5.156066615492215,9728000
2007-09-28,5.129209041595459,5.167887272728581,5.092141942341667,5.154457211822475,10140800
2007-10-01,5.255988597869873,5.272104835384026,5.13296959693343,5.133506504291741,13036800
2007-10-02,5.242020606994629,5.266194548698937,5.213011631037739,5.253839124219976,11297600
2007-10-03,5.204952716827393,5.249003286197393,5.184001861264393,5.210861974535193,11811200
2007-10-04,5.221606731414795,5.238797190396338,5.1952839307546235,5.225367131509105,5708800
2007-10-05,5.347311973571777,5.35913049025699,5.2629712252352165,5.286608258605641,15198400
2007-10-08,5.2919769287109375,5.31883702826404,5.27156299074492,5.3037954380907175,8030400
2007-10-09,5.377931594848633,5.380617769958489,5.288218920177231,5.331194852965477,10510400
2007-10-10,5.3553690910339355,5.37900571014073,5.311855432280851,5.342475942590845,9723200
2007-10-11,5.315617561340332,5.4515301122358935,5.247393037167196,5.413388381328351,18406400
2007-10-12,5.366114616394043,5.366651933540398,5.302724718269673,5.317229412250997,7584000
2007-10-15,5.282846450805664,5.369336041276735,5.209787325728178,5.366650276080232,14961600
2007-10-16,5.219995021820068,5.2441693729502985,5.176481763579655,5.23503662171291,17833600
2007-10-17,5.229663848876953,5.302186071032168,5.106644483807193,5.302186071032168,24425600
2007-10-18,5.198505878448486,5.218382508807826,5.143711430490237,5.165736918984596,12704000
2007-10-19,4.9046549797058105,5.147470130884958,4.9046549797058105,5.142098192246764,33580800
2007-10-22,4.97449254989624,4.980401807193159,4.8396546758935575,4.840191992880398,27080000
2007-10-23,5.025526523590088,5.05883279621734,4.9513923609495905,5.0228403487673,13222400
2007-10-24,5.033587455749512,5.0443317520768725,4.85631086980454,5.012099682800787,35635200
2007-10-25,5.053462028503418,5.080859460609906,4.925070711368129,5.0298249961093635,23980800
2007-10-26,5.171647548675537,5.172722183039754,5.055612038368462,5.13887857791955,20297600
2007-10-29,5.193670749664307,5.219993542014583,5.163587558406848,5.1893730338124575,19896000
2007-10-30,5.121149063110352,5.1754061943710425,5.115777122669552,5.1571415149017685,13872000
2007-10-31,5.237183094024658,5.274250169623718,5.11362685844891,5.1759420881626195,33459200
2007-11-01,4.9868483543396,5.146397480782634,4.958376701983621,5.145322846814801,47307200
2007-11-02,4.998666286468506,5.0174682801872095,4.870275002407283,5.0174682801872095,33088000
2007-11-05,4.911642074584961,4.992759760249049,4.850938344567156,4.850938344567156,30507200
2007-11-06,5.056685447692871,5.056685447692871,4.911640980728376,4.982014355681531,21576000
2007-11-07,4.7886199951171875,4.986310405304115,4.750478691149269,4.941722527904669,34966400
2007-11-08,4.726305961608887,4.86168075932331,4.59307961239937,4.86168075932331,44792000
2007-11-09,4.607045650482178,4.7477923483396385,4.57964822668402,4.636054615117985,42720000
2007-11-12,4.528614044189453,4.6844023314048115,4.503902385951893,4.56568071184041,34192000
2007-11-13,4.786472320556641,4.786472320556641,4.593079578182671,4.623700092309776,33260800
2007-11-14,4.734365463256836,4.866517228468869,4.689777967449432,4.866517228468869,39161600
2007-11-15,4.614031791687012,4.731679258916339,4.544195309526976,4.647875398353707,40816000
2007-11-16,4.61564302444458,4.6650655479721586,4.546343864130667,4.600064105317926,34153600
2007-11-19,4.480266571044922,4.6048974689751825,4.458778400397753,4.569441925929438,44315200
2007-11-20,4.53183650970459,4.598986765704418,4.388403661253591,4.483488243414187,46014400
2007-11-21,4.361007213592529,4.497456613364706,4.359932989592377,4.474894220686945,47060800
2007-11-23,4.491012096405029,4.517334899916596,4.418489852528638,4.449110373714355,13672000
2007-11-26,4.319106578826904,4.553863721885051,4.289560288352551,4.5501033221749365,35753600
2007-11-27,4.422248363494873,4.447496931726168,4.308898669851871,4.375511625927194,36432000
2007-11-28,4.675271987915039,4.7064298225893335,4.507665116969196,4.554938776236741,38513600
2007-11-29,4.691389083862305,4.723083831612952,4.574278933626612,4.574278933626612,24516800
2007-11-30,4.791843891143799,4.836431776119684,4.698908131700633,4.836431776119684,34696000
2007-12-03,4.708579063415527,4.76659702030801,4.694611686418544,4.764985068850247,17987200
2007-12-04,4.641428470611572,4.697834472478471,4.63498189474698,4.689776764963824,20353600
2007-12-05,4.785934925079346,4.799902299145242,4.727380073175051,4.748330929347488,28915200
2007-12-06,4.9197001457214355,4.940651008526879,4.7725063790204425,4.819780457024884,28960000
2007-12-07,4.931517601013184,4.958914625013972,4.89982245011331,4.956765766490857,22272000
2007-12-10,4.9916839599609375,5.006725559648484,4.9196990443554345,4.976105043183734,18246400
2007-12-11,4.727380752563477,5.048627943129759,4.70374371764774,5.002428507532386,51688000
2007-12-12,4.810647487640381,4.963212767173482,4.673660716491709,4.834821430853492,51467200
2007-12-13,4.809036731719971,4.818169485959021,4.680645363482605,4.740812192681849,47526400
2007-12-14,4.669363021850586,4.795068592789367,4.669363021850586,4.7257694360934694,36689600
2007-12-17,4.520558834075928,4.650024415278878,4.518947292254146,4.632297045386319,39969600
2007-12-18,4.578037738800049,4.621013673815134,4.466299570025789,4.598451277193254,45758400
2007-12-19,4.585021495819092,4.645725617327035,4.529689725131649,4.592542295144405,56008000
2007-12-20,4.62930154800415,4.651188138196598,4.540071669243893,4.641647917478492,34024000
2007-12-21,4.781383991241455,4.785312341384796,4.657921191172396,4.686542272592771,35748800
2007-12-24,4.857144832611084,4.857144832611084,4.795413015474851,4.8038310294623345,7424000
2007-12-26,4.854338645935059,4.860511827598712,4.770159363057572,4.845920632015715,10075200
2007-12-27,4.728071212768555,4.826841722379504,4.712357810180971,4.826280407099059,18817600
2007-12-28,4.715724468231201,4.795414105353851,4.688787331138679,4.795414105353851,17428800
2007-12-31,4.646697521209717,4.7252645251799485,4.641085225362078,4.697204758573992,17102400
2008-01-02,4.549610137939453,4.688225441217309,4.4985415898759396,4.665777544286502,40305600
2008-01-03,4.547926902770996,4.593383586461649,4.509204288866782,4.562518100905026,27728000
2008-01-04,4.332427978515625,4.4839509815814935,4.304929525946627,4.4839509815814935,51968000
2008-01-07,4.321201801300049,4.385739316431552,4.258909117704006,4.372831642142117,77828800
2008-01-08,4.172486782073975,4.426147286025775,4.158456900205429,4.356558763684015,82001600
2008-01-09,4.266207218170166,4.2970731362580326,4.1096340792389405,4.1809057062444115,70814400
2008-01-10,4.332427978515625,4.418291227665323,4.1983023226391065,4.23646362398628,129163200
2008-01-11,4.251614570617676,4.340844393832948,4.197739887668431,4.303244421590962,115432000
2008-01-14,4.326254844665527,4.344213507300064,4.266206957995067,4.320642976671277,53734400
2008-01-15,4.1225409507751465,4.246565070574515,4.113562047902169,4.21233212029527,75363200
2008-01-16,4.068104267120361,4.184271667308147,4.014790889374672,4.087185128355176,94468800
2008-01-17,3.8425052165985107,4.097848882937512,3.814445444814567,4.08381899704554,160683200
2008-01-18,3.7639377117156982,3.934541172900545,3.7106243174146165,3.8997469022900515,152822400
2008-01-22,3.682565212249756,3.772917726593263,3.4317107424984163,3.481657110283559,178784000
2008-01-23,3.8705642223358154,3.874492572481759,3.467625962139997,3.51813341290742,258768000
2008-01-24,3.928367853164673,3.9541827905350666,3.8318421745530418,3.898624565067439,218368000
2008-01-25,3.8032214641571045,4.026577446808696,3.7824575060484418,4.01254756023445,153788800
2008-01-28,3.9423978328704834,3.9457648683861777,3.7543974524506343,3.8211794164079596,122756800
2008-01-29,3.968212127685547,4.003567279344299,3.9132152251052656,3.990098711306402,101803200
2008-01-30,3.9182653427124023,4.124785218392239,3.9003071112688517,3.9564266380496984,167328000
2008-01-31,4.049025535583496,4.123664638319782,3.8071499888670846,3.825108655532819,196296000
2008-02-01,4.179781913757324,4.1876386120711695,4.0624918978013,4.096724838236459,140390400
2008-02-04,4.0782060623168945,4.171364685804733,4.0782060623168945,4.166875020734904,84217600
2008-02-05,3.861023187637329,3.9889756260700353,3.832963427343912,3.969894766428371,144512000
2008-02-06,3.790876626968384,3.9233188290295433,3.762255530142397,3.896381250577153,113246400
2008-02-07,3.8481154441833496,3.8963782653213053,3.7229687270098246,3.742049586327553,157926400
2008-02-08,3.7880687713623047,3.8666362092888447,3.7454178030893672,3.810516671935329,116347200
2008-02-11,3.827352285385132,3.8643913856427745,3.739805943915201,3.8009764624187983,92808000
2008-02-12,3.911532402038574,3.9833657845583956,3.847556150300352,3.9014308660715824,120016000
2008-02-13,3.9850473403930664,4.023208632127835,3.9148979385392986,3.9642829633074816,91355200
2008-02-14,3.894695997238159,4.023770676895105,3.891889849093361,4.01423045825574,99569600
2008-02-15,3.9109716415405273,3.911532528775958,3.8413830901095443,3.870004180969736,64534400
2008-02-19,3.9452059268951416,4.012549239369475,3.8789848174267663,3.997397143918169,101627200
2008-02-20,3.949690818786621,3.9900969330506877,3.8324012525858584,3.8441862978865666,110972800
2008-02-21,3.880664587020874,4.016473711932706,3.8458703332330977,3.9957093370364305,100641600
2008-02-22,3.939591884613037,3.94464286630127,3.779089951787647,3.8969413387207226,128360000
2008-02-25,4.034994602203369,4.052952836054835,3.88739995295851,3.933417953962769,124296000
2008-02-26,4.082698345184326,4.129277686794593,3.984489106640373,3.9996412007689304,106372800
2008-02-27,4.075961112976074,4.138815137678381,4.038922447606476,4.045656516860213,87632000
2008-02-28,3.9895355701446533,4.066980764272752,3.9844850200012707,4.023768503864899,84096000
2008-02-29,3.829596519470215,3.9345401922998477,3.7656202909903818,3.930050527244906,140571200
2008-03-03,3.788630723953247,3.8256694021951008,3.735316897603964,3.785824575350277,104187200
2008-03-04,3.7734768390655518,3.7992917698566813,3.664605248886962,3.731387194223012,170460800
2008-03-05,3.821178674697876,3.8744924862439447,3.7398055257039355,3.7998534069742753,143988800
2008-03-06,3.6584324836730957,3.7880684675520775,3.633739752207363,3.772355066858632,153064000
2008-03-07,3.5910890102386475,3.6988386249009557,3.5254290453190005,3.58996659388936,201801600
2008-03-10,3.4867069721221924,3.59894583456592,3.472115772289964,3.5938952816382823,131331200
2008-03-11,3.7482237815856934,3.7482237815856934,3.5450709114232097,3.639913062268938,171630400
2008-03-12,3.679196357727051,3.809393654020364,3.6617994399272438,3.751029289729148,155808000
2008-03-13,3.6926651000976562,3.7442949629100615,3.5164496029986414,3.573691547037836,226809600
2008-03-14,3.5764975547790527,3.7515904251846743,3.474921130297332,3.7504682229950546,257662400
2008-03-17,3.4979305267333984,3.550682809660729,3.377834548618753,3.403649695997598,251638400
2008-03-18,3.7875070571899414,3.7875070571899414,3.588282763383826,3.6247603303742286,241812800
2008-03-19,3.592211961746216,3.849800451030291,3.5843550461306988,3.8161288118514616,210584000
2008-03-20,3.7263383865356445,3.779651790360596,3.578182587516628,3.6140992810867285,174843200
2008-03-24,3.885716199874878,3.9412748437431446,3.7976085534826867,3.8020982187128975,146571200
2008-03-25,3.88543438911438,3.92818060674796,3.8314388280625624,3.8876842577980275,129713600
2008-03-26,3.7858808040618896,3.8713741216361854,3.7858808040618896,3.8629372189768056,130376000
2008-03-27,3.7628209590911865,3.862375223876591,3.7453845765473375,3.8488764350674494,146678400
2008-03-28,3.6902647018432617,3.803880343367486,3.6728287463868674,3.781382502437484,157292800
2008-03-31,3.7121996879577637,3.7656326936369373,3.670578175246026,3.6818270935620436,90473600
2008-04-01,3.968116283416748,3.992301841730479,3.8061291285271315,3.8162533257077325,150515200
2008-04-02,3.99174165725708,4.041800098534895,3.9439330866019575,4.0052404518742915,121273600
2008-04-03,4.011988639831543,4.028299874217772,3.924245433163596,3.942806537374007,111318400
2008-04-04,3.998488187789917,4.058108646947377,3.953492092539021,4.008050238873542,121734400
2008-04-07,3.9934253692626953,4.092979587543416,3.9878009123127973,4.050795516741346,96601600
2008-04-08,3.9889276027679443,3.9973645069202868,3.9411190513963663,3.952930545562137,85222400
2008-04-09,3.926494836807251,3.993427061493949,3.8809361583532747,3.9810529934894765,120611200
2008-04-10,3.945618152618408,3.978802760032862,3.879248508670799,3.90849595200017,109662400
2008-04-11,3.7920680046081543,3.882623210299719,3.7684450194152364,3.8516884713429116,132892800
2008-04-14,3.7571961879730225,3.797130405514571,3.742009676343066,3.77800672959513,100243200
2008-04-15,3.79150652885437,3.8061300389653603,3.7285114614266033,3.7993808586429925,104324800
2008-04-16,3.9827396869659424,3.9838648361339413,3.8522502761919983,3.8528128507759978,117142400
2008-04-17,3.9866786003112793,4.004114987117555,3.916371765611892,3.937745317996579,105995200
2008-04-18,4.081170558929443,4.140228465293892,4.0693590634803165,4.104793978946513,139019200
2008-04-21,4.08791971206665,4.106480815320945,4.0423610305504445,4.063171574394257,87774400
2008-04-22,4.046297550201416,4.067108090727622,3.9844272158837724,4.059796337180401,113105600
2008-04-23,4.032237529754639,4.094670030336129,3.9973651869148914,4.0541732268109625,95686400
2008-04-24,4.064297199249268,4.148102817372403,3.9917405018646988,4.0536104241644555,149440000
2008-04-25,4.13572883605957,4.156539811904322,4.041799015603509,4.1295418007846125,105118400
2008-04-28,4.139101982116699,4.1790366246350965,4.1289782142383595,4.157663081464347,73097600
2008-04-29,4.1019816398620605,4.144728311958977,4.081733238822407,4.1261672061528225,87012800
2008-04-30,4.059234619140625,4.199286119156474,4.059234619140625,4.123916981955494,156419200
2008-05-01,4.222345352172852,4.231344828951652,4.060920777682152,4.065983090649895,145808000
2008-05-02,4.24371862411499,4.301651792522141,4.1959100820209265,4.301089217922817,166777600
2008-05-05,4.214472770690918,4.252719704609946,4.185225317279355,4.226284267017829,107353600
2008-05-06,4.278028964996338,4.289278312928575,4.141915073406863,4.162163470566144,135758400
2008-05-07,4.1227922439575195,4.279716694187622,4.105918434906279,4.2735300885955425,158809600
2008-05-08,4.1098551750183105,4.173412381520465,4.0946690917368205,4.143602360513979,114864000
2008-05-09,4.08791971206665,4.118292309450378,4.064296723807786,4.072733627934172,96166400
2008-05-12,4.1885986328125,4.1885986328125,4.0800448996706296,4.110417493458993,80166400
2008-05-13,4.1908488273620605,4.205472336191141,4.1391026844202115,4.20434761594227,107246400
2008-05-14,4.212784290313721,4.283653677458385,4.20547210717862,4.220096044330093,106560000
2008-05-15,4.307839870452881,4.308965020036469,4.201535978101978,4.213347903135487,104532800
2008-05-16,4.317963600158691,4.3264005046400715,4.247656778011841,4.3264005046400715,107507200
2008-05-19,4.330899715423584,4.402893823852147,4.290965496814576,4.3190882222394045,118624000
2008-05-20,4.262843132019043,4.289840710404336,4.213909431157389,4.287028695095202,145681600
2008-05-21,4.117167949676514,4.275218001325975,4.091857661561816,4.258344189836942,147760000
2008-05-22,4.117167949676514,4.1559774586299785,4.103106583141937,4.110980914071792,105329600
2008-05-23,4.01536226272583,4.099167855173976,4.000176181469347,4.0918561018458455,135358400
2008-05-27,4.064859867095947,4.083983549750822,4.000740066587552,4.018738599552735,113694400
2008-05-28,4.112667560577393,4.112667560577393,4.02998667836589,4.095231178843808,116147200
2008-05-29,4.14754056930542,4.197599000037184,4.090732957246404,4.093544973093141,77798400
2008-05-30,4.154851913452148,4.186349230919887,4.145289859976214,4.173975162166485,60376000
2008-06-02,4.067108631134033,4.134040858542727,4.02661183569747,4.130666268629267,102348800
2008-06-03,4.038422107696533,4.119415236340336,3.9804889534468044,4.100854570285275,122888000
2008-06-04,4.023238182067871,4.091295145579613,3.9945528737715637,4.0125514060298855,138064000
2008-06-05,4.1885986328125,4.1885986328125,4.04292269755639,4.056984059729593,108825600
2008-06-06,3.922556161880493,4.126164772643105,3.9191815734037423,4.110978266260576,185364800
2008-06-09,3.9467434883117676,3.986677710008668,3.8685623399149276,3.947306063017011,113358400
2008-06-10,3.8966846466064453,3.963054293736743,3.8741863811333626,3.882623284325609,145652800
2008-06-11,3.7853190898895264,3.904559173450753,3.7802567760695953,3.8966848445030777,161697600
2008-06-12,3.8134429454803467,3.883187206441409,3.7583221974002536,3.8134429454803467,112238400
2008-06-13,3.907935619354248,3.9214344126052456,3.818505094908999,3.84944027644139,129192000
2008-06-16,3.914121150970459,3.949556063555566,3.86631259829148,3.8668751730153597,103894400
2008-06-17,3.8696863651275635,3.9585538323941756,3.862936757981805,3.9563039633455896,121153600
2008-06-18,3.784194231033325,3.842689557076925,3.766758276899125,3.821316438166654,181316800
2008-06-19,3.8027536869049072,3.849437498392668,3.753257861291958,3.7886923289231906,152796800
2008-06-20,3.6750783920288086,3.765633622911566,3.6604548804329737,3.7532599813578984,174268800
2008-06-23,3.6632654666900635,3.715011599230183,3.6632654666900635,3.706012122573235,107747200
2008-06-24,3.655590772628784,3.727258200648111,3.6036744885811425,3.6522050590488444,155320000
2008-06-25,3.6905786991119385,3.779739570154746,3.6821139831589287,3.6877569836164894,146750400
2008-06-26,3.480656385421753,3.634712863526802,3.480656385421753,3.622298002147875,209460800
2008-06-27,3.448490619659424,3.5241079966908155,3.424789541499323,3.4936352741706966,154891200
2008-06-30,3.4783987998962402,3.5263651686602118,3.4400257909917378,3.4699342985379062,137460800
2008-07-01,3.4930708408355713,3.4998424847703915,3.363844100507123,3.3982669646813686,232875200
2008-07-02,3.3666653633117676,3.556837316167819,3.362715220022967,3.5201573834480056,191579200
2008-07-03,3.375694751739502,3.4259181934649208,3.3147495218112866,3.4259181934649208,138577600
2008-07-07,3.305156946182251,3.437769440987256,3.2538048489930698,3.405603853476821,219928000
2008-07-08,3.4253530502319336,3.4372034784939296,3.2696037649410536,3.31192690753387,251078400
2008-07-09,3.2887914180755615,3.4575198337608812,3.273555055567519,3.443976328664829,195145600
2008-07-10,3.3328070640563965,3.347478994677796,3.23235997497141,3.28145498398149,226675200
2008-07-11,3.2515463829040527,3.3497361827781194,3.174800372017043,3.2515463829040527,321020800
2008-07-14,3.1810085773468018,3.33732213743837,3.1714154312798355,3.3226502036692693,222316800
2008-07-15,3.095796823501587,3.225023536611896,3.0472662524458984,3.1403772518217323,318926400
2008-07-16,3.2786333560943604,3.2786333560943604,3.1020048936321656,3.1234484685547246,257590400
2008-07-17,3.307978630065918,3.3683596636576865,3.253240814495242,3.3136218480870103,240713600
2008-07-18,3.3503003120422363,3.369486814279107,3.308541593522769,3.3615865278168653,127700800
2008-07-21,3.3666653633117676,3.3965736525745895,3.32998521532529,3.3858518658287973,119985600
2008-07-22,3.4366395473480225,3.447925547421207,3.2933051076453874,3.3057199660458743,150840000
2008-07-23,3.467111587524414,3.521285370892992,3.4372033038306187,3.4558255889531417,201315200
2008-07-24,3.311363458633423,3.4812202820934908,3.3045918145289286,3.4755772812175265,166156800
2008-07-25,3.3237783908843994,3.366665758164188,3.3045918861171204,3.3429648956516784,126416000
2008-07-28,3.21768856048584,3.351429675713259,3.2114811297118457,3.3220855944968277,127137600
2008-07-29,3.3587653636932373,3.3632797212946985,3.233488765069123,3.2408248383465152,135441600
2008-07-30,3.4812207221984863,3.4812207221984863,3.3711806843388414,3.4005245509236053,150272000
2008-07-31,3.389802932739258,3.481785327098105,3.375695212787699,3.4191470160705073,135502400
2008-08-01,3.354250907897949,3.4112462083808066,3.3068489674613915,3.4016528483345074,139977600
2008-08-04,3.2949981689453125,3.349736176814827,3.2758116662577166,3.3446573903602674,125732800
2008-08-05,3.464292049407959,3.47952841442615,3.335629698498898,3.3440942022200617,111857600
2008-08-06,3.490813732147217,3.5145145947590035,3.426482573324721,3.445669078172368,117139200
2008-08-07,3.3909313678741455,3.4682416081851044,3.3655374304678567,3.44059059932792,100760000
2008-08-08,3.5218505859375,3.544987234012696,3.357636762948501,3.366665693532317,143148800
2008-08-11,3.5782811641693115,3.630197672243566,3.507178368527037,3.5229789419438386,138784000
2008-08-12,3.512822389602661,3.5664317703286583,3.4772708738187452,3.5630458399269944,120240000
2008-08-13,3.471627712249756,3.5280585914177944,3.4225329076482436,3.479528000890606,156076800
2008-08-14,3.520157814025879,3.560787895004274,3.4247895037024634,3.4287396474744365,161744000
2008-08-15,3.5545804500579834,3.5715096673094933,3.5077427265532406,3.543294233468085,120291200
2008-08-18,3.4597766399383545,3.5726383774181247,3.4180177023535,3.569816661767786,148241600
2008-08-19,3.385289192199707,3.419711854340525,3.3576379613302008,3.4039112739960995,144774400
2008-08-20,3.413503408432007,3.430996840296831,3.345221892381075,3.398831261736758,156942400
2008-08-21,3.423096179962158,3.4563903981220823,3.359329243771118,3.3666653163193487,102699200
2008-08-22,3.508871555328369,3.5212864157605663,3.4637269018476826,3.469934332063781,104280000
2008-08-25,3.381337881088257,3.480656340298702,3.3644086618698203,3.4761417670315446,120659200
2008-08-26,3.3988311290740967,3.4242250625426363,3.355379335198302,3.379644625483053,121860800
2008-08-27,3.4541335105895996,3.473884444304239,3.3920596395245872,3.405602927812702,114049600
2008-08-28,3.5410375595092773,3.5528879921081655,3.488556826266528,3.4930713997899407,105859200
2008-08-29,3.4659831523895264,3.5427291527679716,3.455261366997428,3.517899653049443,97793600
2008-09-02,3.42704701423645,3.574895846518653,3.4027817207557782,3.5438589083100536,203571200
2008-09-03,3.4202747344970703,3.4535689531891114,3.3700512994949516,3.4197103053022913,172761600
2008-09-04,3.217125415802002,3.3858538963543845,3.211482412081462,3.371746171786241,289851200
2008-09-05,3.2363104820251465,3.2605757746483426,3.113291161603682,3.177622537679151,275025600
2008-09-08,3.3700520992279053,3.429868692069449,3.2667834892768592,3.4185826886956066,287700800
2008-09-09,3.160128355026245,3.3847231658550396,3.1454564252380965,3.3711798791685426,241788800
2008-09-10,3.1883444786071777,3.2481612843744068,3.1313493888396926,3.1962447667663634,212321600
2008-09-11,3.2803263664245605,3.2899195105083145,3.0794324019529236,3.1065191923423563,235913600
2008-09-12,3.3102352619171143,3.3153140494972253,3.192859148784244,3.218252871418086,239796800
2008-09-15,2.999300241470337,3.2165589624784525,2.993657026411266,3.086768029852826,404283200
2008-09-16,3.0833823680877686,3.1065190136688567,2.8463726967286562,2.8463726967286562,508224000
2008-09-17,2.8215436935424805,3.012280107500628,2.7933282566070554,2.9710855954069118,674088000
2008-09-18,3.000429391860962,3.0579889077266826,2.6804664476486053,2.8870034326883354,665785600
2008-09-19,3.2301032543182373,3.385852368554393,3.1883443137220535,3.3198283506955963,317664000
2008-09-22,3.0743534564971924,3.238003048821821,3.024130021790208,3.2272810468506696,282344000
2008-09-23,2.935533046722412,3.1104686077660952,2.923682619063315,3.054037753846633,493596800
2008-09-24,2.957202911376953,2.984924799584676,2.891009430564945,2.97134679355353,462259200
2008-09-25,3.029618501663208,3.0941145481986,2.9560703822073826,2.9787006724176868,442366400
2008-09-26,3.0516841411590576,3.070354170451279,2.921560459751692,2.9436248828653873,419115200
2008-09-29,2.63076114654541,2.965122393312315,2.5379773470906724,2.9566359807057614,753420800
2008-09-30,2.785778760910034,2.803317034371184,2.6347220069686164,2.677153647900022,348766400
2008-10-01,2.7863450050354004,2.807843768041512,2.676022672332221,2.72807227500725,371763200
2008-10-02,2.557779312133789,2.7263743427388234,2.53854362591343,2.7150594109303103,502249600
2008-10-03,2.48762583732605,2.7495703557384834,2.4576406631148457,2.623406964233268,786876800
2008-10-06,2.284519910812378,2.377303743409411,2.068967068631334,2.3541077852601524,1149632000
2008-10-07,2.0389811992645264,2.369382148552472,2.033889395313473,2.349580592823523,959094400
2008-10-08,1.9546844959259033,2.13572623301397,1.9150815822162455,1.9473296166810412,1396329600
2008-10-09,1.6802932024002075,2.07632189312935,1.6723725552073314,2.0304956383646005,1155249600
2008-10-10,1.6406903266906738,1.8273895275986685,1.363470258590308,1.5326310758758563,2174492800
2008-10-13,2.0084309577941895,2.0225748377786554,1.7628931926311184,1.7974042943241726,985563200
2008-10-14,1.9807101488113403,2.2517071177076566,1.883400337862004,2.1866453568721442,1318080000
2008-10-15,1.641822099685669,1.9065956285061227,1.6271124472057246,1.8958461384174154,1232217600
2008-10-16,1.7493150234222412,1.7719452090733288,1.482278616920934,1.6610572454283812,1946729600
2008-10-17,1.7481833696365356,1.923001825300342,1.6655831705857544,1.6757667804214353,1441132800
2008-10-20,1.902068853378296,1.9116868036570631,1.7476177152463406,1.8007987323431107,931081600
2008-10-21,1.7934441566467285,1.923002158596989,1.7934441566467285,1.852848413771899,1049700800
2008-10-22,1.6140999794006348,1.7317770825623877,1.5026461114291365,1.7170674311785104,1281808000
2008-10-23,1.615796685218811,1.6768982373684105,1.4449387111860996,1.605047415016667,1823566400
2008-10-24,1.499251365661621,1.586943383508319,1.3640358996668716,1.373087974751334,1611561600
2008-10-27,1.399112582206726,1.5682733738768562,1.399112582206726,1.451162064867477,1320307200
2008-10-28,1.708580732345581,1.7148039661133248,1.3985468034234088,1.4958567660413766,1788302400
2008-10-29,1.6667150259017944,1.8273895362542567,1.6435190677369698,1.697265863236495,1866328000
2008-10-30,1.7447893619537354,1.8030621969722955,1.674069949124577,1.778168933441839,1365766400
2008-10-31,1.8126802444458008,1.8794393948987447,1.7289483682674305,1.748749827659125,1114577600
2008-11-03,1.8375732898712158,1.8483225634695308,1.7826950615912007,1.8115485964320126,574604800
2008-11-04,1.937711477279663,1.963170503356521,1.8664264200829332,1.8975429115908828,949092800
2008-11-05,1.7572360038757324,1.9411065918491808,1.7396976190688196,1.8947146726061612,1306166400
2008-11-06,1.5897722244262695,1.7532754520383844,1.5592213900840663,1.7187643483353578,1744937600
2008-11-07,1.674635410308838,1.674635410308838,1.5863776294959218,1.612402316848622,1281264000
2008-11-10,1.6044820547103882,1.7504469168278303,1.5846805977596083,1.7380002312482925,1024873600
2008-11-11,1.5552616119384766,1.6254152699555546,1.506040951609136,1.5790233435175902,1400283200
2008-11-12,1.4053360223770142,1.517921301994374,1.3906263732131898,1.4930280412625752,1663260800
2008-11-13,1.5897722244262695,1.5948640301499701,1.2853958490041026,1.4194798865461384,2585113600
2008-11-14,1.4387155771255493,1.6124024166736919,1.4387155771255493,1.520750021298487,2162342400
2008-11-17,1.3832712173461914,1.4890673571510284,1.3747848047968383,1.418347971967874,1436080000
2008-11-18,1.393454909324646,1.4353208860564106,1.3040655985069738,1.377048065824237,1956382400
2008-11-19,1.2548450231552124,1.4296633847275042,1.2373066425570933,1.3974153563051037,1941939200
2008-11-20,1.075500249862671,1.2848295315969083,1.0183589828744977,1.2112814259974305,2931585600
2008-11-21,1.199966549873352,1.2078871948798082,1.0358975877285415,1.124155463565798,2904603200
2008-11-24,1.3380110263824463,1.4047701572461433,1.230517559967163,1.2520162100865233,2164436800
2008-11-25,1.3787455558776855,1.4217428587994594,1.3068946150978504,1.4149538564051782,1749956800
2008-11-26,1.471529245376587,1.477752586926652,1.3204726070509376,1.325564412335675,1466392000
2008-11-28,1.5049086809158325,1.5066058772591904,1.4568194728515098,1.460779741531649,399675200
2008-12-01,1.2446613311767578,1.4217426458141165,1.237306561699866,1.4211769856237053,1533457600
2008-12-02,1.3323532342910767,1.3408396472264472,1.2435296997262346,1.282566832337581,1823729600
2008-12-03,1.4047701358795166,1.4132564421683649,1.2689889115302275,1.2780409859595643,2399865600
2008-12-04,1.3249989748001099,1.4245719248991524,1.284264630267928,1.3583785475910666,1804945600
2008-12-05,1.4189139604568481,1.4302291070078883,1.2401353355695166,1.2842642776274913,2112918400
2008-12-08,1.5190528631210327,1.5603529703447347,1.4788841843827918,1.4964226747730625,1928152000
2008-12-09,1.4630428552627563,1.5535635931105793,1.4477674402849743,1.4935935773090887,1501462400
2008-12-10,1.4913307428359985,1.5252759685337587,1.4488991028045577,1.492462171225814,1509500800
2008-12-11,1.4143881797790527,1.5145268888056307,1.3945867236802951,1.4675692055533363,1380990400
2008-12-12,1.4290977716445923,1.444938957460835,1.3249987972161401,1.3351824089616355,1679288000
2008-12-15,1.3962838649749756,1.4511620810821952,1.3583782618755684,1.448899116372133,1069273600
2008-12-16,1.5348942279815674,1.5405518031036414,1.4206117284801716,1.5348942279815674,1545867200
2008-12-17,1.5071719884872437,1.558090048565261,1.4794499935054637,1.5037774871184602,1304476800
2008-12-18,1.4511619806289673,1.5320649867116558,1.4155194526161332,1.5218813764482078,1407084800
2008-12-19,1.4409786462783813,1.5088693224279826,1.4341896434089743,1.4670034450357887,1172592000
2008-12-22,1.3945865631103516,1.4551223529694428,1.3493261897323137,1.4511620837875199,935915200
2008-12-23,1.370711326599121,1.4262883422534487,1.3610704068902555,1.413811902464158,748062400
2008-12-24,1.3837547302246094,1.391694380224036,1.3656071442284536,1.3831876046412115,217889600
2008-12-26,1.399067759513855,1.4081415587578412,1.3826214307789926,1.4058731630309542,220425600
2008-12-29,1.3945300579071045,1.4070064976504153,1.3519966078485344,1.4047381032280666,490958400
2008-12-30,1.4506748914718628,1.4580473120738562,1.399067622753282,1.4109769425337813,592670400
2008-12-31,1.489805817604065,1.5215641140516605,1.4540776394533306,1.4614501687338004,769459200
2009-01-02,1.5816779136657715,1.6015268876801176,1.4881043026475183,1.5062518989458211,812174400
2009-01-05,1.5799766778945923,1.6151376194321714,1.5527551746969919,1.576573922389762,990352000
2009-01-06,1.6054962873458862,1.6406573281201207,1.5822446714769274,1.6140029576106938,1125137600
2009-01-07,1.5136243104934692,1.5669328434551542,1.4960437332918732,1.5572919201462199,928454400
2009-01-08,1.5238326787948608,1.5238326787948608,1.4795978258484712,1.4932085248700786,848684800
2009-01-09,1.45577871799469,1.5340402451907815,1.4501075677530733,1.530070472472108,1004788800
2009-01-12,1.3899933099746704,1.452375731718216,1.372412845685328,1.4506743545928593,889272000
2009-01-13,1.3911280632019043,1.4149468107079954,1.3650408120437059,1.3809200131038357,1044182400
2009-01-14,1.3043595552444458,1.3514299174765394,1.285077709687377,1.3451916415115488,1511782400
2009-01-15,1.3071951866149902,1.3327153102921199,1.2238296295500355,1.2986885147786809,1776382400
2009-01-16,1.3242086172103882,1.3548326569634146,1.265228824844264,1.3531313875243682,1351417600
2009-01-20,1.1852658987045288,1.3071951463879736,1.182430377569085,1.3009569782563577,1508334400
2009-01-21,1.2862123250961304,1.2924506028253413,1.182997774494035,1.2266653940938443,1215240000
2009-01-22,1.2487825155258179,1.2873462064432875,1.200010776051584,1.2374402153142592,1447542400
2009-01-23,1.2595573663711548,1.2856446091298277,1.1824301058923312,1.1926381527036305,1530889600
2009-01-26,1.27203369140625,1.3276107051524182,1.2499163326674625,1.2737349601288313,1204963200
2009-01-27,1.2998225688934326,1.3208057905227601,1.2731683056809968,1.2901816467666904,1106473600
2009-01-28,1.3877252340316772,1.4064399554949303,1.3497286652222604,1.3576683194148116,1386736000
2009-01-29,1.3026577234268188,1.3571005942964907,1.2969866834381931,1.3497280692422304,1134942400
2009-01-30,1.2442450523376465,1.322506542137911,1.2289329864523308,1.314567000494329,1285950400
2009-02-02,1.2414098978042603,1.2572890953138818,1.2017120662824818,1.2085173593807599,1015536000
2009-02-03,1.275436520576477,1.2924499674278898,1.2295004195971841,1.2555875533339134,1114851200
2009-02-04,1.2635270357131958,1.3230738212884516,1.2533189906047166,1.2913155428595255,1186219200
2009-02-05,1.2964197397232056,1.3196713530774007,1.2255306482364716,1.241976861213946,1256214400
2009-02-06,1.370144248008728,1.3826206882265375,1.3026578077287623,1.3071947049141621,1186228800
2009-02-09,1.3758152723312378,1.3967983793564092,1.3525636628340745,1.3712783755554048,893452800
2009-02-10,1.249916434288025,1.3746811625453885,1.2300674682883053,1.351429550655711,2256097600
2009-02-11,1.2686314582824707,1.2782723807950291,1.2295006424175932,1.260691805045653,1171868800
2009-02-12,1.2709002494812012,1.2709002494812012,1.1886688195876178,1.2215614780796293,1681812800
2009-02-13,1.238574504852295,1.2828093472285178,1.238574504852295,1.2618261236457957,1210091200
2009-02-17,1.1325243711471558,1.1739236931829282,1.1313902276062744,1.160880014864925,1594577600
2009-02-18,1.125719428062439,1.15294082855475,1.105870449640376,1.1489710545039833,1344926400
2009-02-19,1.103601336479187,1.158611341305373,1.0967960441958091,1.150104671867065,1328726400
2009-02-20,1.0792160034179688,1.1070045255189147,1.0349811535319375,1.0610682978098085,2021603200
2009-02-23,1.0037899017333984,1.103601679477603,1.002088524049682,1.103034661751235,1984820800
2009-02-24,1.0797832012176514,1.0911253962883254,1.0077598244375794,1.0196691454870201,1677872000
2009-02-25,1.060501217842102,1.104735956965699,1.0276086723691835,1.0701421419376924,1937080000
2009-02-26,1.0281755924224854,1.1030345826120533,1.0247729454673857,1.0882896349156927,1657377600
2009-02-27,0.9816721081733704,1.0253398144696382,0.9777023363588313,0.9828063595970012,1754377600
2009-03-02,0.8932026624679565,0.9544508407104605,0.886397315339244,0.9436756671935972,2104496000
2009-03-03,0.8750550746917725,0.9192898042172261,0.8665483501734154,0.9170214092465742,2056968000
2009-03-04,0.9181557893753052,0.9482127029961296,0.8869645699421471,0.908514866021709,2175166400
2009-03-05,0.8444311618804932,0.8971726269462516,0.8285519610947503,0.8784579048125788,2018292800
2009-03-06,0.8427298665046692,0.8846962680138042,0.8030319688300733,0.8591761407163206,2255283200
2009-03-09,0.824582040309906,0.873920849291049,0.8166424413385143,0.8234478427906176,2090297600
2009-03-10,0.9249606728553772,0.9289304439739773,0.8574742934188003,0.8608769930090826,1962892800
2009-03-11,0.9340350031852722,0.9657934067245798,0.9170216577070959,0.9465115574929333,1775206400
2009-03-12,1.0088940858840942,1.016833633325062,0.9192901274241594,0.9363035824425179,1801273600
2009-03-13,1.0253397226333618,1.034413516873361,0.9896116713343843,1.024205471311322,1775052800
2009-03-16,1.021370530128479,1.076947578393832,1.0179678824017608,1.0491590542611555,1438868800
2009-03-17,1.0826187133789062,1.0854542350794694,1.0094610852876094,1.025340288048133,1270507200
2009-03-18,1.1279875040054321,1.1591787778676688,1.0519943680644044,1.071843340855246,2106748800
2009-03-19,1.101332664489746,1.1625808204604489,1.0956615169026518,1.1620136948849251,1498734400
2009-03-20,1.0559639930725098,1.1166450403016928,1.0508599696449923,1.11380941163742,1340468800
2009-03-23,1.2068159580230713,1.2068159580230713,1.103034330210652,1.1126752511841849,1631705600
2009-03-24,1.1605318784713745,1.2129724179963282,1.1588218218807849,1.1810520139585432,1414400000
2009-03-25,1.1799122095108032,1.2220926313850262,1.1172115412631773,1.1793421905870984,2077961600
2009-03-26,1.23235285282135,1.2380528250728442,1.1856122758310847,1.2084125997170685,1773630400
2009-03-27,1.1867519617080688,1.2146822305906158,1.179911953547429,1.19986206794927,1235843200
2009-03-30,1.1046712398529053,1.136021625426966,1.0824410474916495,1.133741549943769,1580067200
2009-03-31,1.124621033668518,1.170221547344935,1.1132209867893696,1.1269011082763125,1230745600
2009-04-01,1.1679421663284302,1.1793423286975924,1.0921313801175172,1.0978314613020983,1337145600
2009-04-02,1.2346322536468506,1.2722526185940992,1.2186720559916733,1.2295021939976847,1828750400
2009-04-03,1.2608534097671509,1.2619933392212437,1.2158228803697413,1.2397631384260803,1195748800
2009-04-06,1.2426127195358276,1.2488828187268028,1.2038524127479484,1.2346326723618508,1013211200
2009-04-07,1.183902382850647,1.2141126285843182,1.1810522878719942,1.2027125748297276,1081884800
2009-04-08,1.2101222276687622,1.2215223865949196,1.1821919578916469,1.1964421021893572,1077179200
2009-04-09,1.3053128719329834,1.3053128719329834,1.2631324683278067,1.2733925870706773,1182724800
2009-04-13,1.311583161354065,1.3292533080517792,1.2699727703123664,1.2785228342809405,918995200
2009-04-14,1.2642725706100464,1.3047429202631777,1.254012451340252,1.283082753031352,1009704000
2009-04-15,1.2899231910705566,1.292773285553339,1.2391927051968987,1.2466028421321447,956043200
2009-04-16,1.329823613166809,1.3452137968562285,1.2745330861255435,1.308163439200948,985004800
2009-04-17,1.3429332971572876,1.3617434794853838,1.3150030330167781,1.3366633088612228,915382400
2009-04-20,1.2300723791122437,1.2996130400575077,1.2289323415426574,1.2967630548535085,925228800
2009-04-21,1.279092788696289,1.2808027361720071,1.2112620816805884,1.212972137876263,858062400
2009-04-22,1.2642725706100464,1.3172831143573493,1.2494524104114493,1.255722507458535,1048620800
2009-04-23,1.287072777748108,1.2893528525769034,1.2363423087268783,1.26940263270475,895142400
2009-04-24,1.326973557472229,1.3469236737357884,1.297903248276783,1.3075933513419316,987907200
2009-04-27,1.30132257938385,1.3378028973568954,1.292772518448908,1.2973325581955388,841184000
2009-04-28,1.2927736043930054,1.3246939094328285,1.2694033674702758,1.2762433784759448,835161600
2009-04-29,1.3480631113052368,1.3777034261585106,1.3150027935750257,1.3212728894493535,884516800
2009-04-30,1.3531935214996338,1.3987940428241463,1.3349533564578127,1.3851138103228209,986793600
2009-05-01,1.3663039207458496,1.3731440384694258,1.3281135261958414,1.351483756278087,659128000
2009-05-04,1.4575049877166748,1.4586450255459702,1.379414244649801,1.3845443061616383,828507200
2009-05-05,1.4449646472930908,1.4580747538975871,1.423304367170906,1.4472446138364947,773888000
2009-05-06,1.4939846992492676,1.498544848645779,1.448384292483607,1.4820146332432613,1023332800
2009-05-07,1.4586448669433594,1.52989559272715,1.4358446564365424,1.5253355506257866,1082046400
2009-05-08,1.5236250162124634,1.5298951129053366,1.4734645688293135,1.4928447688618804,929334400
2009-05-11,1.4666250944137573,1.4939853503980343,1.4592150658546796,1.4803052224058957,667251200
2009-05-12,1.4529445171356201,1.484294895886627,1.4204542096110904,1.4791648358859162,962782400
2009-05-13,1.3868237733840942,1.4261541945628653,1.3777036914759666,1.4170341126547374,927612800
2009-05-14,1.4062048196792603,1.4272950897159977,1.377134500357279,1.3856845686943282,857288000
2009-05-15,1.3822638988494873,1.4238742911550513,1.3657336804508586,1.4044940875869871,911048000
2009-05-18,1.4637750387191772,1.4637750387191772,1.403924359297536,1.409054420639962,648340800
2009-05-19,1.4580748081207275,1.485435059978886,1.448954724168008,1.4603548834688957,742608000
2009-05-20,1.4398345947265625,1.5122253539442099,1.4352745528942683,1.4848649942304715,922542400
2009-05-21,1.3959441184997559,1.4164643610221443,1.3680138487998228,1.4050642021274902,998593600
2009-05-22,1.391384482383728,1.4221648551422068,1.3811243581309018,1.4050646118141616,633590400
2009-05-26,1.4649150371551514,1.470615008520281,1.3680140018681626,1.3708639875507274,794278400
2009-05-27,1.410764455795288,1.476885124621832,1.405634394531161,1.4671950209807012,786368000
2009-05-28,1.4495246410369873,1.4626347472067827,1.3919540471853133,1.4352744972733047,1013523200
2009-05-29,1.5048151016235352,1.510515180653011,1.4421144497392284,1.4649147658571324,766052800
2009-06-01,1.5732163190841675,1.586326428802536,1.5298958572704298,1.5378759051476978,712065600
2009-06-02,1.580056071281433,1.5937361977191966,1.5532658372641437,1.5606758649812729,696352000
2009-06-03,1.536165714263916,1.5521258074963844,1.5070954046648013,1.549275821910581,677555200
2009-06-04,1.5646661520004272,1.5686561756834023,1.524765697730693,1.5481359296338257,635092800
2009-06-05,1.5663758516311646,1.6028562953476222,1.5407256568567524,1.597726234648745,955083200
2009-06-08,1.5538356304168701,1.584045973195322,1.5162152609976474,1.5412955435171174,758585600
2009-06-09,1.5658055543899536,1.5846157373678615,1.54870542758093,1.571505632899613,655924800
2009-06-10,1.5606755018234253,1.596015901770846,1.521345188236726,1.5954458830452474,943580800
2009-06-11,1.574355959892273,1.6171063919719837,1.567515842922732,1.567515842922732,732168000
2009-06-12,1.584615707397461,1.584615707397461,1.5469953421531726,1.5612454837978258,538772800
2009-06-15,1.5070958137512207,1.5469961663829335,1.4945556128418165,1.5458562370711781,805513600
2009-06-16,1.4700450897216797,1.523055540657791,1.467765014213038,1.521345592746294,681809600
2009-06-17,1.4626349210739136,1.4899951742597746,1.4426846956892303,1.467194963271557,689417600
2009-06-18,1.4842947721481323,1.5013948982449743,1.4563643994860334,1.4700446308274473,527164800
2009-06-19,1.495125412940979,1.5190656645026719,1.4808752657904474,1.5145056217633015,535128000
2009-06-22,1.4056340456008911,1.4700447504969347,1.4056340456008911,1.4683346942600628,711291200
2009-06-23,1.410764455795288,1.4267246584747935,1.3948042531157827,1.4141844603980442,720811200
2009-06-24,1.4311274290084839,1.4637310334395255,1.4168275948475657,1.4362753780343407,617112000
2009-06-25,1.4951906204223633,1.4986226591619172,1.4162555840969202,1.4202595201939903,894441600
2009-06-26,1.4883265495300293,1.5009103624886555,1.470594679194027,1.4871825367795013,499667200
2009-06-29,1.5163542032241821,1.5197861323674275,1.480890571747113,1.4974784292877426,511075200
2009-06-30,1.4951906204223633,1.5272223273970753,1.470594888284275,1.5157824164633815,618436800
2009-07-01,1.502626657485962,1.5329422372472536,1.4997666250845603,1.504342567827722,413491200
2009-07-02,1.4219754934310913,1.4654470008300893,1.4202594741169867,1.4648749943920545,586460800
2009-07-06,1.422547698020935,1.4242636084749825,1.3859400445809982,1.3945199241484987,453585600
2009-07-07,1.3659203052520752,1.421975746048062,1.364204394732208,1.4185437068101436,579201600
2009-07-08,1.3642042875289917,1.3893720278005102,1.3338885979042288,1.3830800654578597,781129600
2009-07-09,1.3727837800979614,1.3916595527103461,1.3613438716241906,1.3830796759045445,612950400
2009-07-10,1.3619160652160645,1.3785039238738943,1.3441843028328173,1.3550522064672896,521753600
2009-07-13,1.429983139038086,1.429983139038086,1.3516200150152144,1.3733558198240643,566046400
2009-07-14,1.446570873260498,1.4471427704604916,1.4168272003047089,1.436274978075875,505473600
2009-07-15,1.5277941226959229,1.5369461162909583,1.4797467836416331,1.482606706634472,566521600
2009-07-16,1.5552502870559692,1.5701221304785757,1.5152107002182518,1.520930656780654,557816000
2009-07-17,1.5575376749038696,1.5638296358941455,1.5386619010321023,1.5558217648876562,439872000
2009-07-20,1.5884252786636353,1.5958611428970835,1.5598256162135116,1.5758413573621861,501836800
2009-07-21,1.6044410467147827,1.6164529618767527,1.5666895003755448,1.6147369428253124,593624000
2009-07-22,1.6038694381713867,1.6244611250000416,1.5827056357902107,1.585565558958362,542569600
2009-07-23,1.6736524105072021,1.6902401594916985,1.60501317080133,1.606729189978649,665883200
2009-07-24,1.6919561624526978,1.6919561624526978,1.642192697778032,1.659924568476523,466672000
2009-07-27,1.7005358934402466,1.7016799061155257,1.6650723732990234,1.683948146044914,485884800
2009-07-28,1.690812110900879,1.699963994684178,1.6547765821415212,1.6759402724782528,590504000
2009-07-29,1.674224615097046,1.6845205131816783,1.6519167995473172,1.6673606466742656,597564800
2009-07-30,1.709115982055664,1.749727564267168,1.7074000719292084,1.716551956267196,737996800
2009-07-31,1.7114042043685913,1.7377158475893395,1.6999642930818697,1.7096881849458592,669360000
2009-08-03,1.7697473764419556,1.7737513122573585,1.7325678321715545,1.7520155048322161,602091200
2009-08-04,1.7800430059432983,1.7857628510481818,1.7480113060408806,1.7554472792357123,545542400
2009-08-05,1.7703193426132202,1.7857630791073926,1.7405756642334422,1.7829031561897113,565097600
2009-08-06,1.7525873184204102,1.7914828776603922,1.7354275642140917,1.7863349295786854,518768000
2009-08-07,1.7960586547851562,1.8269463404446311,1.769747019533645,1.789194797371304,642681600
2009-08-10,1.7874791622161865,1.7977750596464028,1.7645994507596332,1.7823312135010783,494056000
2009-08-11,1.7422915697097778,1.7771831965278206,1.7359997174878021,1.7743232736177468,561656000
2009-08-12,1.780614972114563,1.8092146351424805,1.7382874839251319,1.739431496630022,570401600
2009-08-13,1.8092148303985596,1.8115028560552708,1.7634554082550151,1.7989190422405632,560739200
2009-08-14,1.7834750413894653,1.8109306922899804,1.7428634623041106,1.8092146731965513,493531200
2009-08-17,1.690812110900879,1.7165518522283203,1.6873801817569067,1.7136918203591265,537676800
2009-08-18,1.72227144241333,1.7325673367655658,1.6959597002799458,1.7022516599616537,446080000
2009-08-19,1.7520155906677246,1.762311488468364,1.6908123194073406,1.6942443580736029,502048000
2009-08-20,1.7886232137680054,1.795487072803964,1.7480116295921384,1.75601961059952,444144000
2009-08-21,1.8532578945159912,1.8635537886787077,1.8092142866537952,1.8166502587042173,516120000
2009-08-24,1.8578341007232666,1.8927257248410392,1.843534269081433,1.8721339323651003,575768000
2009-08-25,1.8629826307296753,1.9013063049628964,1.8561187704931965,1.8727066327463546,587142400
2009-08-26,1.863554835319519,1.8818586089559595,1.8401028935122492,1.853258935374247,486801600
2009-08-27,1.8738499879837036,1.8841458850219217,1.8200826953826674,1.8601222707315006,464705600
2009-08-28,1.8669861555099487,1.907025731419648,1.8458224638341028,1.9024496801393922,487398400
2009-08-31,1.8378146886825562,1.8418186246637134,1.8143628610374998,1.8349547655814646,417595200
2009-09-01,1.7560192346572876,1.8664139439262983,1.7497272743054635,1.8212264270341958,792246400
2009-09-02,1.7428635358810425,1.7657433550297608,1.734855664638429,1.7428635358810425,489675200
2009-09-03,1.770890712738037,1.7760386597366156,1.7354271990800898,1.7628828436731523,331798400
2009-09-04,1.821226716041565,1.8229427352550245,1.76860332691854,1.7794712304056501,353544000
2009-09-08,1.8526859283447266,1.8578338758405746,1.8338102663253422,1.8572619786512974,320121600
2009-09-09,1.8818570375442505,1.8950128502225245,1.8486813391571162,1.8595491274918614,372560000
2009-09-10,1.917893648147583,1.923613712612464,1.8635544540191815,1.885862159936845,369859200
2009-09-11,1.918465495109558,1.9390572879039978,1.9018776377809132,1.9264733660411473,388444800
2009-09-14,1.9407734870910645,1.9447774231534696,1.8875780871783674,1.8881499845309322,299040000
2009-09-15,1.9522134065628052,1.9693731637916247,1.9196098023686023,1.9464933420210977,385998400
2009-09-16,2.0117008686065674,2.0139888947851547,1.95507363897474,1.9699453727391858,396836800
2009-09-17,2.0076961517333984,2.042015876481535,1.9853884506560653,2.008268267154823,541129600
2009-09-18,2.009983777999878,2.026571630758543,1.9968279624941268,2.025999515450695,357958400
2009-09-21,2.0019757747650146,2.010555758221796,1.9705161990868874,1.9790959643456256,298067200
2009-09-22,2.0225679874420166,2.035151907648795,2.00598013229637,2.023712000024277,304681600
2009-09-23,1.9911091327667236,2.0591762698004534,1.9825291443632875,2.0328646253872305,434408000
2009-09-24,1.9452300071716309,2.007738884503376,1.9291727531368013,1.9985632795172334,486377600
2009-09-25,1.926878809928894,1.9584201573680795,1.9119685337642902,1.9377749913219509,414358400
2009-09-28,1.9916819334030151,2.001431138238213,1.9389222513988775,1.9400692295420603,303800000
2009-09-29,1.9802122116088867,2.0197821886959355,1.9733305620664978,1.9997104009487339,404912000
2009-09-30,1.9681700468063354,1.998564211478002,1.9303206312432821,1.9951234947310397,571089600
2009-10-01,1.8701053857803345,1.9578471491611102,1.8683850276791416,1.9578471491611102,578564800
2009-10-02,1.852901577949524,1.8735465362402415,1.8328297808070584,1.8351237379828482,491320000
2009-10-05,1.9050872325897217,1.9171301753947647,1.8551946659453085,1.8660908493282984,382225600
2009-10-06,1.9601407051086426,1.9836532089946977,1.9320402888722834,1.9343342450474355,462142400
2009-10-07,1.9721839427947998,1.9756248775738157,1.9452305006018444,1.9532593484195482,366286400
2009-10-08,2.0031521320343018,2.0232237090030694,1.985374293316406,2.001431773655202,416350400
2009-10-09,2.024369716644287,2.0255166946015355,1.9928285884928196,2.00315117134438,277209600
2009-10-12,2.0432956218719482,2.0582059057943995,2.0266647607079795,2.045015980349671,238060800
2009-10-13,2.035839796066284,2.0410010888068606,2.007165996121689,2.0318254815751393,308518400
2009-10-14,2.1035094261169434,2.1080971191398015,2.0639396713946323,2.0811439030667818,393000000
2009-10-15,2.1161258220672607,2.1184195590421764,2.081717142279605,2.0834377184653663,331956800
2009-10-16,2.0863053798675537,2.1017892553777378,2.061645898732486,2.0845848034128482,422942400
2009-10-19,2.1212873458862305,2.134477264685006,2.0811439911104834,2.093760311529839,341246400
2009-10-20,2.100642442703247,2.1287426414325386,2.0782769159045875,2.12759566329367,366598400
2009-10-21,2.06107234954834,2.141359064756229,2.058205013740279,2.091466721652139,418147200
2009-10-22,2.100069046020508,2.116126522743713,2.0329724591780827,2.0587789228727584,433270400
2009-10-23,2.057058334350586,2.118993846863527,2.0381337402585635,2.116699890378515,568136000
2009-10-26,2.010033130645752,2.101215814069442,1.9991371665152182,2.05935209660323,588038400
2009-10-27,1.9911084175109863,2.028384220177863,1.9819328117568955,2.0151943005790884,614497600
2009-10-28,1.9177032709121704,1.9939756682350458,1.9142625556284658,1.9807857491989063,735529600
2009-10-29,1.9968427419662476,2.0054449665745286,1.936054227684754,1.944083072742191,524916800
2009-10-30,1.8838694095611572,1.9962709217653734,1.878134734518541,1.9865217116763296,970713600
2009-11-02,1.9102493524551392,1.9492457526075837,1.863797700247835,1.9022205016770823,837361600
2009-11-03,1.9199978113174438,1.9268794627430517,1.8810014219660751,1.8873096935911133,601336000
2009-11-04,1.9285993576049805,1.9830796074693304,1.9217174898494553,1.9538322164175412,613766400
2009-11-05,2.001431941986084,2.002578701826078,1.9509659772381542,1.960141587304705,362982400
2009-11-06,2.0129003524780273,2.022649556685213,1.9721836154545829,1.979065265106674,447657600
2009-11-09,2.1052305698394775,2.105804168408838,2.0410013121877473,2.0444422473126416,310096000
2009-11-10,2.1052305698394775,2.118994091575298,2.082291658631452,2.0949079832285515,366795200
2009-11-11,2.126448631286621,2.1528284688073076,2.1075238225672046,2.133903660087891,457742400
2009-11-12,2.0834383964538574,2.1436533322227085,2.073115811034771,2.1201408251600626,470067200
2009-11-13,2.106376886367798,2.124154717448128,2.073115398999969,2.0949073249857686,369344000
2009-11-16,2.1671645641326904,2.185515767688004,2.133329491559406,2.1350498485290905,373990400
2009-11-17,2.171753406524658,2.1740473628756174,2.1396388926661034,2.1562695293012615,323401600
2009-11-18,2.170606851577759,2.1763417435733556,2.1430800262901775,2.1694600919424007,304929600
2009-11-19,2.1132583618164062,2.141358773952142,2.0868785259428058,2.139638416453676,435446400
2009-11-20,2.100069046020508,2.1109652300047776,2.081717831562901,2.090320059049037,288409600
2009-11-23,2.1545488834381104,2.1815023200499284,2.1425059423508386,2.1476672340687677,361545600
2009-11-24,2.1568431854248047,2.163151456176708,2.120714137604457,2.1568431854248047,318281600
2009-11-25,2.171753406524658,2.177488297402056,2.1511082368934624,2.1637247780600193,215144000
2009-11-27,2.1023635864257812,2.1310373943250767,2.0513242433672425,2.0564855375396673,327657600
2009-11-30,2.1161258220672607,2.123580850072142,2.079996784857503,2.0989213727916027,395168000
2009-12-01,2.1642985343933105,2.182076150500645,2.145947101010804,2.1539759488247845,304857600
2009-12-02,2.1677393913269043,2.1958398135932455,2.153402490301245,2.1660190332082245,286870400
2009-12-03,2.1333305835723877,2.202147741512861,2.1287426709532893,2.178061637790024,381244800
2009-12-04,2.1562700271606445,2.2096033214340736,2.118994212287709,2.1895317456381678,611072000
2009-12-07,2.1482410430908203,2.1763414633415534,2.1361980995963914,2.1534023358403944,295017600
2009-12-08,2.1035094261169434,2.1270219271137383,2.08917252992954,2.120140278197613,350894400
2009-12-09,2.1167008876800537,2.124156140387083,2.0794248429087414,2.1012170022564547,367968000
2009-12-10,2.1407861709594727,2.1602841463849014,2.1344778994918343,2.1442268872045487,280844800
2009-12-11,2.160857915878296,2.1688865461036095,2.1402127417196235,2.1597109374512846,259000000
2009-12-14,2.1889584064483643,2.1935463207532933,2.1694604269438003,2.1889584064483643,199942400
2009-12-15,2.1683130264282227,2.1906785574030807,2.1545495049555203,2.173474319635017,206608000
2009-12-16,2.1757678985595703,2.199280406169035,2.1654453129004163,2.1866640827351977,241744000
2009-12-17,2.123582124710083,2.151682552465209,2.118994429242919,2.1436539213248276,269662400
2009-12-18,2.1465206146240234,2.1499615492653494,2.110391566563142,2.145947016135273,256832000
2009-12-21,2.1872377395629883,2.2038685984276944,2.1677395440438967,2.1677395440438967,195284800
2009-12-22,2.2050156593322754,2.2141912682278293,2.1935460935218902,2.1998543656557907,172755200
2009-12-23,2.214709758758545,2.2204457751531566,2.1963542437177876,2.215857005800467,147361600
2009-12-24,2.2388010025024414,2.2399482493969396,2.2233134976491726,2.224460744543671,52748800
2009-12-28,2.2451112270355225,2.254862718298836,2.2284764717607635,2.2525682240233484,104827200
2009-12-29,2.2405219078063965,2.255435679309394,2.2370801672372598,2.2537149184323075,112488000
2009-12-30,2.234785795211792,2.239948296939121,2.2215927838675023,2.2233135448382866,113265600
2009-12-31,2.1934869289398193,2.245685482366131,2.1917659484253886,2.245685482366131,135121600
2010-01-04,2.26404070854187,2.268629478747958,2.229050433108412,2.229050433108412,175697600
2010-01-05,2.27895450592041,2.2801017531861074,2.2439642301692855,2.2640407290964277,155121600
2010-01-06,2.280674934387207,2.2921471865539607,2.2697764151770468,2.273791670613159,169998400
2010-01-07,2.2996041774749756,2.305340194136356,2.260025137355427,2.27321815072861,182819200
2010-01-08,2.315664291381836,2.3173852707575917,2.278379760069291,2.2875575144186016,164000000
2010-01-11,2.323122501373291,2.3386100109735843,2.3024724885729,2.33631551648131,211537600
2010-01-12,2.2795279026031494,2.301324940989994,2.2611721678755283,2.290426421796572,307198400
2010-01-13,2.3162388801574707,2.3300054073618663,2.2674818643698083,2.2898526351882045,240659200
2010-01-14,2.3294315338134766,2.3374620432461355,2.308781527378085,2.3105022883093773,165747200
2010-01-15,2.2783801555633545,2.3271369429797457,2.2600246436784803,2.321400927571333,313502400
2010-01-19,2.334594964981079,2.3368894596797083,2.274365901439939,2.274365901439939,194171200
2010-01-20,2.285837173461914,2.303045659136145,2.250273392777475,2.301898412170197,375145600
2010-01-21,2.198648691177368,2.301898515795875,2.192912456089399,2.288131770399743,589192000
2010-01-22,2.1028549671173096,2.1957797574833164,2.097118952690552,2.1802922559531615,680384000
2010-01-25,2.1206369400024414,2.1464492234707024,2.108590959727008,2.1395659624668277,354564800
2010-01-26,2.1034293174743652,2.1481710792915987,2.093678045308245,2.104576564578911,339297600
2010-01-27,2.1235058307647705,2.133257103009798,2.0661447879633936,2.099414079004385,566857600
2010-01-28,2.0747487545013428,2.140140525252786,2.0500837081031316,2.138419545223138,695964800
2010-01-29,2.028860092163086,2.1217851422334717,2.0231240752123307,2.0931046198496532,601084800
2010-02-01,2.090810537338257,2.093105032096479,2.0558202581280964,2.0598355145474527,376672000
2010-02-02,2.142434597015381,2.1516123539796923,2.0856472941783872,2.0999875531110606,368198400
2010-02-03,2.1217844486236572,2.144728727741231,2.1097384668608608,2.122931476586829,331036800
2010-02-04,1.992148518562317,2.0913830728555953,1.9904277577064962,2.0885150651575737,755452800
2010-02-05,2.0024735927581787,2.0082096083588334,1.9210210333910454,1.997311091191602,904494400
2010-02-08,1.9703519344329834,2.0236977272051986,1.9663366785309917,1.9996061917932486,457404800
2010-02-09,2.0185348987579346,2.053525167820455,1.9841183626261114,2.0168141375958437,635508800
2010-02-10,2.00993013381958,2.0340216564752818,1.9772343708926023,2.013371654876155,454240000
2010-02-11,2.0512313842773438,2.0575411358107187,1.9823982881698081,2.0053425806006278,402220800
2010-02-12,2.048362970352173,2.050657464786423,1.992149169603244,2.0093574402300534,493745600
2010-02-16,2.113180160522461,2.1177689287186463,2.064423377011403,2.080484393920468,261656000
2010-02-17,2.1332571506500244,2.139566900509488,2.114328119886651,2.1332571506500244,262382400
2010-02-18,2.1590702533721924,2.167674499858303,2.12522721937661,2.1269481999628788,238908800
2010-02-19,2.170541524887085,2.18545529737686,2.1378457531693273,2.1470235098126453,305593600
2010-02-22,2.1682469844818115,2.1854552504667915,2.156201220173823,2.1837344895127857,217683200
2010-02-23,2.1171958446502686,2.1705416260044155,2.1051500795225553,2.157348613890969,340708800
2010-02-24,2.1533334255218506,2.1613639358556407,2.117769424307929,2.1286681616023544,255300800
2010-02-25,2.1498918533325195,2.151039100443891,2.0816322913185044,2.093104543617208,394054400
2010-02-26,2.152759075164795,2.1659520839028112,2.1269467904423336,2.152185561226156,227164800
2010-03-01,2.1957805156707764,2.2009430179634037,2.168247243048431,2.169394490092904,180302400
2010-03-02,2.2066783905029297,2.230196398682948,2.2003686436325736,2.215856144455744,199028800
2010-03-03,2.2118406295776367,2.2382266417241476,2.201515630248152,2.2204446498089485,220256000
2010-03-04,2.2238879203796387,2.231344918099638,2.202090660252354,2.2192989313780886,177030400
2010-03-05,2.289278745651245,2.292720486295449,2.2433899644700372,2.2548622144690817,200440000
2010-03-08,2.2898521423339844,2.3001771449224906,2.2823953662094745,2.2904258751527666,126064000
2010-03-09,2.296736001968384,2.318533038747064,2.273791499362938,2.2749387463747097,214513600
2010-03-10,2.3168129920959473,2.330006008577295,2.2955894628707414,2.30017823351792,245814400
2010-03-11,2.3368890285491943,2.338036056871837,2.2921472654405233,2.3082085065527465,190611200
2010-03-12,2.3368890285491943,2.3581125535583607,2.3248430430112728,2.3575388205820222,216451200
2010-03-15,2.338609457015991,2.3426247120188393,2.3030456760700577,2.3300052141156105,167905600
2010-03-16,2.375894069671631,2.3804830577056335,2.3386095265628275,2.3518025389380957,233480000
2010-03-17,2.4040017127990723,2.419489223304527,2.388514202293617,2.3913822111690606,172232000
2010-03-18,2.4017062187194824,2.411457707416037,2.383350706977102,2.405721473237193,156464000
2010-03-19,2.377615213394165,2.4183415003342477,2.359259697623564,2.377615213394165,200758400
2010-03-22,2.4017062187194824,2.4108839745906727,2.3472131975027457,2.3500814239996477,163569600
2010-03-23,2.4366981983184814,2.440713455665446,2.3936773963309057,2.4085913968897295,194536000
2010-03-24,2.4133756160736084,2.434106150503513,2.403010348858656,2.4191340002293487,210091200
2010-03-25,2.4030096530914307,2.465201238374198,2.3995544917974287,2.446774150809277,237980800
2010-03-26,2.405313730239868,2.4375612518431318,2.3828557250584916,2.4168307179316244,229345600
2010-03-29,2.4306507110595703,2.4410159770926465,2.417982223427783,2.427195768827378,164675200
2010-03-30,2.435257911682129,2.453109034662133,2.414527376908195,2.43813710380778,170462400
2010-03-31,2.419133186340332,2.4404396838184543,2.4024337900396913,2.415678244876572,198086400
2010-04-01,2.451380491256714,2.4703835463782955,2.4231641132296278,2.4496530206704543,223744000
2010-04-05,2.491115093231201,2.495146226053999,2.457140096880154,2.4709605274586695,114694400
2010-04-06,2.503206968307495,2.5124205114803297,2.472111177723604,2.477869559831052,130380800
2010-04-07,2.4761433601379395,2.505511475429705,2.4519578792704038,2.492842984356938,234609600
2010-04-08,2.491115093231201,2.5003286403941143,2.4433198859699297,2.4582918177340543,208628800
2010-04-09,2.523939371109009,2.5268185643024963,2.493419308186631,2.502057107435454,207384000
2010-04-12,2.533151388168335,2.5452441240639643,2.5250893445696883,2.5302719770489905,173299200
2010-04-13,2.5371832847595215,2.5446691415038805,2.500904843325528,2.527969736739431,188694400
2010-04-14,2.5930404663085938,2.59361643665499,2.5469727236714843,2.5550345511744377,188384000
2010-04-15,2.5982232093811035,2.6085884793650287,2.583827025477689,2.584978746550162,166507200
2010-04-16,2.517028331756592,2.5884334889631813,2.489963659792572,2.5803716624348225,582284800
2010-04-19,2.5348799228668213,2.5383350858590563,2.477870941670699,2.5003289519494287,339075200
2010-04-20,2.5780677795410156,2.5832504128036513,2.5498511718514973,2.566550792327574,188649600
2010-04-21,2.5682783126831055,2.593615728971292,2.541213644831994,2.5815229910164383,250211200
2010-04-22,2.5838263034820557,2.590736627985951,2.503783578492252,2.533727659004314,335443200
2010-04-23,2.6160738468170166,2.620104759643006,2.5682784237827576,2.580947132474879,243912000
2010-04-26,2.5976459980010986,2.6316209816954745,2.5936150863482244,2.620679747493493,218092800
2010-04-27,2.4761433601379395,2.595343732226929,2.466354061596787,2.5682788391594693,552940800
2010-04-28,2.5106937885284424,2.5256659392459575,2.4675052470766805,2.500328521006557,431100800
2010-04-29,2.5723094940185547,2.585554173735326,2.542365631098332,2.5446688530910735,222424000
2010-04-30,2.48708438873291,2.5820992803023013,2.485932667782385,2.574613203958042,350091200
2010-05-03,2.5544588565826416,2.5653998770528275,2.5043601990940783,2.5118460564149965,227897600
2010-05-04,2.4323785305023193,2.4957216310164805,2.4070411145620456,2.4957216310164805,569996800
2010-05-05,2.4007067680358887,2.4433195551880336,2.3678834969824276,2.3914932221203253,499790400
2010-05-06,2.2400460243225098,2.4104967677951072,1.9377261999937248,2.381128433274631,987075200
2010-05-07,2.175550937652588,2.2757484602946456,2.108176911825577,2.2308324430766384,864512000
2010-05-10,2.3667330741882324,2.386887867953239,2.3183618766879523,2.353488608400682,491921600
2010-05-11,2.3523356914520264,2.415679014372971,2.3160574765171917,2.322967581314074,410360000
2010-05-12,2.419133186340332,2.4254675385814926,2.3638519262381683,2.373065469588529,310897600
2010-05-13,2.359246253967285,2.4289237185094006,2.354639370525678,2.407041461498351,346604800
2010-05-14,2.2745962142944336,2.3321809285803687,2.2331351497147196,2.324119103727258,561172800
2010-05-17,2.276324510574341,2.2987825221397427,2.1893716571370585,2.286689780476577,482307200
2010-05-18,2.214708089828491,2.3269983281971474,2.1991601903926843,2.313753870085517,557113600
2010-05-19,2.189946174621582,2.2285280396797975,2.1340891623454783,2.188794454206748,706148800
2010-05-20,2.0223755836486816,2.1150870307745637,2.0200723614791034,2.0955082144891706,991745600
2010-05-21,2.081688404083252,2.092053674683521,1.9509710201072792,1.9624880118485055,799622400
2010-05-24,2.0281336307525635,2.092052696339834,2.02467846894549,2.0592292083432477,478460800
2010-05-25,2.032740592956543,2.033892313728572,1.9025992210731384,1.929663890376852,773075200
2010-05-26,2.0056755542755127,2.0943558407070832,1.9953102889044583,2.0563499409026282,580707200
2010-05-27,2.1421523094177246,2.142728060146848,2.0672921935360904,2.084567571098261,406563200
2010-05-28,2.086869716644287,2.138120066756517,2.0678666593658876,2.136968346345565,506364800
2010-06-01,2.0166168212890625,2.109328251062926,2.0114341879579687,2.0488643419790082,472126400
2010-06-02,2.1202690601348877,2.1219965311862774,2.0200717851259493,2.037922905105618,399776000
2010-06-03,2.1398487091064453,2.1496382281251987,2.0943567164738934,2.1352420446086944,375427200
2010-06-04,1.9907037019729614,2.083415133951523,1.9728523601484047,2.0551985252182905,652734400
2010-06-07,1.9359978437423706,2.015464803204391,1.9331186522428676,2.0010686260386454,374614400
2010-06-08,1.9763082265853882,1.9860977464512444,1.905479023915421,1.940029779477433,641145600
2010-06-09,1.9561529159545898,2.039074829742766,1.9423324871557621,2.001068925131319,452224000
2010-06-10,2.072474479675293,2.0753536721726142,2.0171929732525147,2.0252548001123367,427062400
2010-06-11,2.091477394104004,2.0943565866952274,2.0315892216659717,2.033316912955357,346097600
2010-06-14,2.0874454975128174,2.14618192132026,2.0805353946143565,2.1237239221491047,345632000
2010-06-15,2.1807332038879395,2.182460894798189,2.1070248353197387,2.113934939955941,273830400
2010-06-16,2.1784303188323975,2.19570569292722,2.1484862345561657,2.1571238117694267,289275200
2010-06-17,2.1847646236419678,2.1928266705350237,2.1421520455488268,2.1916749495503014,324030400
2010-06-18,2.188795566558838,2.2049194408925064,2.1755511045596845,2.193978201225317,174400000
2010-06-21,2.1767027378082275,2.2475319289491553,2.1530930074279184,2.2440769857563314,361883200
2010-06-22,2.1052021980285645,2.1958043594847734,2.098854239432006,2.1779148981381673,370942400
2010-06-23,2.090776205062866,2.1236699896030027,2.06307618756276,2.1075117010963167,419774400
2010-06-24,2.022678852081299,2.0763476677918344,2.0117143381716267,2.0717311114604002,449248000
2010-06-25,2.0405690670013428,2.059035737460534,1.9978647539769148,2.0342211077547314,346300800
2010-06-28,2.024986743927002,2.0555721100628443,2.0117138450352217,2.04460759884093,254216000
2010-06-29,1.902068853378296,1.970741991791982,1.8761000287739642,1.9695877973495581,558020800
2010-06-30,1.8587870597839355,1.9251517917241472,1.8518621151047903,1.8893726540518703,368860800
2010-07-01,1.8507081270217896,1.8732143648398207,1.7889601647528155,1.862249849532075,589779200
2010-07-02,1.82704758644104,1.871483072375845,1.8068496282824906,1.8610955447474473,380377600
2010-07-06,1.8507081270217896,1.9043769495755776,1.8160830695609562,1.8789853361649869,414516800
2010-07-07,1.9672788381576538,1.9718953944489448,1.8570558324703703,1.8587870135621023,348273600
2010-07-08,2.0053670406341553,2.010560805803991,1.9609315431011343,1.999596288285489,343155200
2010-07-09,2.0347979068756104,2.0359521011901696,1.9972875822826957,2.005943709431804,230024000
2010-07-12,2.039415121078491,2.046340068309459,2.0053671519944207,2.0226796301418912,226323200
2010-07-13,2.1017398834228516,2.116166983842196,2.072885682584163,2.0809650437366645,307208000
2010-07-14,2.100008249282837,2.1161665278257002,2.069999860460352,2.0867353461740517,285574400
2010-07-15,2.1017398834228516,2.1150130095319204,2.0428775074351986,2.0982775202118615,350998400
2010-07-16,1.984014630317688,2.080964749016147,1.977089464596333,2.0780791532288907,441576000
2010-07-19,2.008829116821289,2.0203706186039514,1.9690101871949843,2.0001727703442573,233272000
2010-07-20,2.0515329837799072,2.0555725530026456,1.9528517010986992,1.954582882154155,283596800
2010-07-21,2.0001730918884277,2.0757711735020723,1.9834376034171515,2.0740397718443075,409868800
2010-07-22,2.0884673595428467,2.1057800593255163,2.0457632577672387,2.046340245027937,334872000
2010-07-23,2.1236684322357178,2.1311705836008517,2.068845424825908,2.080387145355343,323480000
2010-07-26,2.1721444129943848,2.174452802117294,2.120783965780219,2.1334798858161172,238483200
2010-07-27,2.167527198791504,2.1981125749216863,2.1525228941744072,2.1934957980733376,243528000
2010-07-28,2.140403985977173,2.1732977474705226,2.1259768898786855,2.160024845476716,199432000
2010-07-29,2.1190526485443115,2.1784922337487878,2.0861588761360004,2.167527716326047,348688000
2010-07-30,2.120206594467163,2.141558639635622,2.069423143663741,2.0769252968840344,319848000
2010-08-02,2.2131168842315674,2.2211962445369684,2.167527418992844,2.1848398936528706,216532800
2010-08-03,2.1929190158843994,2.215425254772383,2.17906890418561,2.2033065446234774,199336000
2010-08-04,2.2217726707458496,2.228120627884667,2.1906100921407488,2.205037187405332,236025600
2010-08-05,2.217733144760132,2.219464325780707,2.1877247596101164,2.1946497038324253,182140800
2010-08-06,2.1986896991729736,2.2067690591617986,2.142135500091501,2.172721098270498,313729600
2010-08-09,2.2223503589630127,2.2304297197782446,2.1963817554043077,2.220619177429785,132430400
2010-08-10,2.1992664337158203,2.2217726670689233,2.158870523013839,2.18599353251117,277190400
2010-08-11,2.0780792236328125,2.131171061928328,2.071731485049923,2.131171061928328,434321600
2010-08-12,2.0521106719970703,2.0671147583220035,2.0134459316204056,2.0151771130817266,316886400
2010-08-13,2.038837432861328,2.064806031083791,2.03537485036632,2.039991406886303,231582400
2010-08-16,2.038837432861328,2.0509561413838147,1.997864310493831,2.0128686144988377,220694400
2010-08-17,2.0861587524414062,2.117898328480112,2.0613441227780367,2.072885626690238,217736000
2010-08-18,2.0959692001342773,2.1173212478167986,2.062498440535197,2.086158877194231,239969600
2010-08-19,2.023833990097046,2.083850791377113,2.0059443031366064,2.0717320776975194,363449600
2010-08-20,2.009406089782715,2.0163310348318246,1.9799749082189737,2.009983296951827,260920000
2010-08-23,1.9949791431427002,2.047493772355208,1.9920937674993855,2.0278729097845978,221734400
2010-08-24,1.9349631071090698,1.9667029118419552,1.9147652496791752,1.9499674184628222,387553600
2010-08-25,1.948236346244812,1.9632406601396502,1.8887967384787763,1.912457184106631,372876800
2010-08-26,1.9216902256011963,1.9724736937651715,1.9101484982720922,1.9667029401706886,349740800
2010-08-27,1.9822827577590942,1.9857453397969438,1.8887952441371454,1.9465036239279778,364707200
2010-08-30,1.9257292747497559,1.9840148828874409,1.9245750803159318,1.9718959514023269,272748800
2010-08-31,1.9239977598190308,1.9493893725435985,1.8951435643929146,1.910147649152877,408860800
2010-09-01,2.039991855621338,2.0446086332968965,1.9742043147251587,1.9765127035629382,298230400
2010-09-02,2.077502489089966,2.077502489089966,2.040569146728558,2.04980248231891,200331200
2010-09-03,2.1323249340057373,2.1357872963204154,2.095968588721443,2.1190520314727466,306470400
2010-09-07,2.0850043296813965,2.1167439022441195,2.080387552510065,2.110973150920007,229593600
2010-09-08,2.1121273040771484,2.129439999796854,2.090198271074977,2.0913524654656293,228547200
2010-09-09,2.132901906967163,2.161756100146286,2.121360185667509,2.1606019060023183,164689600
2010-09-10,2.1554086208343506,2.1588712040348015,2.130017004451262,2.140404533912542,127939200
2010-09-13,2.2027294635772705,2.2102316170163796,2.179069029013991,2.1958045174012075,180273600
2010-09-14,2.1986896991729736,2.2235043259313816,2.1767606681948855,2.192918947892435,230504000
2010-09-15,2.215425729751587,2.220042508021023,2.172721631459825,2.1854173314205654,184436800
2010-09-16,2.213693380355835,2.2165787551822866,2.186570372679216,2.2015746740007454,175339200
2010-09-17,2.218311309814453,2.241971750267865,2.204461414014474,2.2367779843078415,222804800
2010-09-20,2.2835214138031006,2.293331956462458,2.2206192478016016,2.232160972049048,265888000
2010-09-21,2.274724006652832,2.3088738167565155,2.256781032041474,2.2880366145510727,411166400
2010-09-22,2.254464864730835,2.293245026521189,2.2405733283770117,2.267777467470739,234540800
2010-09-23,2.2151055335998535,2.2619892154064583,2.203529291336666,2.2145266000475434,255406400
2010-09-24,2.304821729660034,2.3088733825715586,2.2608322605641176,2.2643049797462678,220070400
2010-09-27,2.2851414680480957,2.3135032504153865,2.2805111036443586,2.307715018912646,163307200
2010-09-28,2.301927089691162,2.314660978649486,2.2417308047225846,2.290929780644359,253873600
2010-09-29,2.2909302711486816,2.310030887877281,2.2741447268003445,2.2891936908653467,227456000
2010-09-30,2.278775215148926,2.344759528709876,2.2573593040875783,2.3158190248113173,396516800
2010-10-01,2.2972967624664307,2.317555244521836,2.2706715560149138,2.311767012163797,265196800
2010-10-04,2.2619903087615967,2.3071374325320306,2.2405741729435413,2.2880365904454236,242438400
2010-10-05,2.3540196418762207,2.3650171707479153,2.299032880711521,2.304820891108297,260046400
2010-10-06,2.354599714279175,2.36559702767166,2.3349201602936143,2.3528633544799797,201291200
2010-10-07,2.3488106727600098,2.3742782287920776,2.319870177851474,2.373699295246773,193688000
2010-10-08,2.373699188232422,2.3870120095928007,2.336655391747308,2.355177289989865,189328000
2010-10-11,2.3789093494415283,2.391064528974192,2.3621240248651785,2.3823822894220785,125924800
2010-10-12,2.3933794498443604,2.407270988087828,2.337813738467509,2.3638602346749424,195905600
2010-10-13,2.4292657375335693,2.4558909456037328,2.4090072542465744,2.4194258523259426,214041600
2010-10-14,2.4142167568206787,2.433317595176015,2.3812246003873887,2.4252142894974553,264108800
2010-10-15,2.4211621284484863,2.447787333174615,2.3829604597564664,2.445472040381437,316923200
2010-10-18,2.4466307163238525,2.459943324288882,2.4130596190914217,2.4223205733626845,147224000
2010-10-19,2.378330707550049,2.42637183099074,2.351126562219476,2.3985889727120515,367438400
2010-10-20,2.4263710975646973,2.449523582864502,2.3864332922609206,2.388748584950594,273556800
2010-10-21,2.4362118244171143,2.475570930572276,2.399168011753089,2.448366784047771,312859200
2010-10-22,2.4472086429595947,2.452996875518198,2.431580746249109,2.443735924222928,148176000
2010-10-25,2.45878529548645,2.5039324129464133,2.456470002078623,2.478464847855914,212046400
2010-10-26,2.4599428176879883,2.466309763838003,2.4257930144457904,2.4350539668098516,232819200
2010-10-27,2.4466307163238525,2.451840016901348,2.4009046580101208,2.4257935140138702,235308800
2010-10-28,2.4501025676727295,2.4773064845506556,2.424634789150669,2.475570125396322,254292800
2010-10-29,2.4512600898742676,2.460521040393237,2.4338958352510094,2.442578072961877,174616000
2010-11-01,2.4529969692230225,2.502774667136048,2.4252141142759047,2.4767281716235923,256537600
2010-11-02,2.491199016571045,2.503353977109867,2.476149828552788,2.491199016571045,164056000
2010-11-03,2.513193368911743,2.5143510156170996,2.4489456327534573,2.4993020500445313,309132800
2010-11-04,2.608116865158081,2.610431936397608,2.5612331949828353,2.5670212042792553,232376000
2010-11-05,2.628955125808716,2.6364797182384847,2.6052239227288396,2.6115908685695275,204358400
2010-11-08,2.6202728748321533,2.6260608864649027,2.5942263808878,2.61101192374066,212134400
2010-11-09,2.580335855484009,2.637059225904079,2.5589197201224327,2.6324286385398814,237235200
2010-11-10,2.6011719703674316,2.603487263278832,2.5403969666333226,2.5791773501045823,305272000
2010-11-11,2.5809144973754883,2.589017804240949,2.5409766760534795,2.5554469299699605,207744000
2010-11-12,2.519559621810913,2.5687585996517344,2.4964073564727074,2.5461850471076333,338369600
2010-11-15,2.512035369873047,2.5548671842063047,2.510298789811954,2.5357665699221443,229667200
2010-11-16,2.4333178997039795,2.4894623335598007,2.41074433940335,2.4819379606586223,459060800
2010-11-17,2.433896541595459,2.4558913882605955,2.4217415819115184,2.436211835096745,264761600
2010-11-18,2.509141683578491,2.525348516446553,2.4825164720932515,2.483095405837752,220392000
2010-11-19,2.5212974548339844,2.5236125279594286,2.4778866873521235,2.503932971202375,192028800
2010-11-22,2.5178239345550537,2.518981581250673,2.458206564921119,2.496408022682427,293883200
2010-11-23,2.4448931217193604,2.4680453853062727,2.4252135762313345,2.4570480766623732,323099200
2010-11-24,2.5166656970977783,2.517244630708954,2.4749913090322515,2.4749913090322515,174737600
2010-11-26,2.4622578620910645,2.500459314331189,2.459942569034451,2.473834106575632,95217600
2010-11-29,2.4738335609436035,2.48540958207645,2.4142159922768847,2.44547177925185,258712000
2010-11-30,2.441419839859009,2.473254335818037,2.417109712589538,2.42463430207752,251211200
2010-12-01,2.547342300415039,2.557182183637105,2.5137714406656264,2.514929086974014,276492800
2010-12-02,2.613906145095825,2.617379084840943,2.5542887813282835,2.5560251408015877,200433600
2010-12-03,2.626640796661377,2.6330077443036517,2.5942273453909652,2.59596370536665,194249600
2010-12-06,2.620851516723633,2.6341641197573464,2.6110118530546425,2.6167998645306976,139435200
2010-12-07,2.6249029636383057,2.6758382996784755,2.6225878917080228,2.67236536058535,307216000
2010-12-08,2.6457412242889404,2.649214164783571,2.6081186958572804,2.630692257075988,178478400
2010-12-09,2.6642627716064453,2.6758390175574256,2.6393739200913213,2.674681370882475,161865600
2010-12-10,2.6972544193267822,2.701306071524175,2.663683555291463,2.680469097708365,138492800
2010-12-13,2.698411703109741,2.727931131778669,2.6978329903586733,2.7198278284729884,172755200
2010-12-14,2.7036211490631104,2.7285099938921245,2.6879932543473246,2.7076728009377433,173684800
2010-12-15,2.680469512939453,2.7157767417292393,2.670629626936859,2.6937821180500645,170310400
2010-12-16,2.7082526683807373,2.714040681397907,2.6642629745754913,2.685679108495815,168257600
2010-12-17,2.7157764434814453,2.7227223225317188,2.695518181581051,2.7053580665030244,132019200
2010-12-20,2.7267744541168213,2.741823419773472,2.7024643147655745,2.730247173453761,130985600
2010-12-21,2.7609245777130127,2.766133878117697,2.740666089117658,2.7464543233442846,99227200
2010-12-22,2.7788660526275635,2.7817602785787283,2.7638170933543296,2.7655534522862766,72683200
2010-12-23,2.772498607635498,2.780024767270792,2.7586043969105685,2.77423532876499,65156800
2010-12-27,2.7759718894958496,2.7794453312778016,2.747604196824592,2.751656692799848,64345600
2010-12-28,2.7811827659606934,2.7863931504015973,2.7661304460894125,2.7846562083582915,48704000
2010-12-29,2.785235643386841,2.7979721895044296,2.7846565890117487,2.7892881406343397,49617600
2010-12-30,2.7782886028289795,2.79160398279359,2.768446665819329,2.7800253243064597,81976000
2010-12-31,2.7817609310150146,2.7829188184841676,2.7597615107900166,2.766708835604934,63993600
2011-01-03,2.8350231647491455,2.8593381434796092,2.8182341246669718,2.8199708457635784,141404800
2011-01-04,2.830970525741577,2.8494962859874993,2.796813613879818,2.848338398366569,190265600
2011-01-05,2.8604958057403564,2.8651273560923136,2.8078131351314624,2.813602352226933,159584000
2011-01-06,2.8500754833221436,2.868601245933752,2.8332864419414636,2.8628120279343157,146968000
2011-01-07,2.839075803756714,2.866864446920176,2.794498119668085,2.857601565865689,191270400
2011-01-10,2.831549644470215,2.839075804342446,2.796234841428788,2.813602715803972,181400000
2011-01-11,2.8506553173065186,2.8651285871081784,2.8298137734569973,2.852392039012455,148750400
2011-01-12,2.9033374786376953,2.909126697159903,2.8755486113664137,2.8865484357409508,152384000
2011-01-13,2.8969690799713135,2.9073898495344457,2.87902214998047,2.903916186065228,151043200
2011-01-14,2.934020519256592,2.9363362948335365,2.882495727314401,2.885969169835304,143531200
2011-01-18,2.945599317550659,2.950230648082126,2.9230210567040116,2.9293891085792128,117724800
2011-01-19,2.887127161026001,2.943862339626026,2.871496006588567,2.940388896980722,231569600
2011-01-20,2.8801794052124023,2.8923368934176605,2.8361807818219313,2.8738111340064654,250337600
2011-01-21,2.891758441925049,2.9276520779185944,2.885390169878153,2.914336700386223,184902400
2011-01-24,2.927652359008789,2.931704856001448,2.8871271682376807,2.8877062225763592,142377600
2011-01-25,2.9264941215515137,2.958914314464107,2.879600884568875,2.908547414397959,215134400
2011-01-26,2.9490723609924316,2.9670192888779554,2.9305465996855338,2.941546422292095,176643200
2011-01-27,2.9658615589141846,2.973966552311411,2.9409675244258415,2.9513882933207065,126369600
2011-01-28,2.8616535663604736,2.980334278307714,2.8512327993754023,2.970492565513183,339209600
2011-01-31,2.902179002761841,2.9085472743527294,2.862811706422244,2.877284970639905,189600000
2011-02-01,2.9977033138275146,3.0069661968732158,2.9357577420510346,2.9392314060098794,205726400
2011-02-02,2.984386920928955,3.0011759597682617,2.9780186495868404,2.9809134789928757,163278400
2011-02-03,2.998281955718994,3.0069657831544987,2.942704665091487,2.9745458073773805,213539200
2011-02-04,3.016228675842285,3.0173865636734476,2.973387930311892,3.00117657572622,160782400
2011-02-07,3.053858757019043,3.0723845175931164,3.0278068371978506,3.029543779082254,146184000
2011-02-08,3.081648588180542,3.0839643643579016,3.0417024429216624,3.059070322562716,145012800
2011-02-09,3.0654373168945312,3.083384022665395,3.0364907892956112,3.06370037506435,214776000
2011-02-10,3.0694897174835205,3.075857988692043,3.0220174313674986,3.035332807146922,213355200
2011-02-11,3.105384349822998,3.1134893445759046,3.042859946840185,3.0451755018806272,199236800
2011-02-14,3.1198575496673584,3.124489101336129,3.0949635115590626,3.1013317846813533,106891200
2011-02-15,3.103067636489868,3.110014962046013,3.0845418766957686,3.100752082148963,130166400
2011-02-16,3.137803792953491,3.147066673415017,3.108857263905663,3.121593586512454,188022400
2011-02-17,3.1586456298828125,3.1655927356791476,3.1152258321778254,3.1204362167362047,159531200
2011-02-18,3.1713812351226807,3.1777495060115952,3.148224147433717,3.162118355878203,169851200
2011-02-22,3.044595956802368,3.1389617040388793,3.026649029154783,3.103067848743708,288873600
2011-02-23,3.004650115966797,3.053859132127732,2.967019535953484,3.0393858660986908,303710400
2011-02-24,3.002912998199463,3.0249124231131095,2.9444411040343113,2.998860501615962,319246400
2011-02-25,3.0654373168945312,3.0694898130908217,3.0231754131014457,3.027227909297736,175993600
2011-02-28,3.103646993637085,3.111173153301921,3.068332191568815,3.0880158408768095,176374400
2011-03-01,2.9988603591918945,3.1279618519858174,2.9988603591918945,3.12217263452562,317715200
2011-03-02,3.011596918106079,3.040543447244917,2.983808276634133,2.9913342152021976,272356800
2011-03-03,3.114647150039673,3.122752144577952,3.0665960163436443,3.0665960163436443,202657600
2011-03-04,3.0700690746307373,3.1169625353848796,3.028965052710476,3.1117521508566415,284171200
2011-03-07,3.020280122756958,3.101330476003059,2.9884389914261487,3.0880151018408823,293347200
2011-03-08,3.0718064308166504,3.0920689173555664,3.0034925892789612,3.0307021825105713,180321600
2011-03-09,3.064279556274414,3.0828053170378804,3.0272280347474805,3.059648005661303,223936000
2011-03-10,2.9508090019226074,3.000597063172517,2.9444407307146694,3.0000180089657196,353790400
2011-03-11,2.991913318634033,3.012175801026465,2.931704484032958,2.931704484032958,260008000
2011-03-14,2.956019639968872,2.983808281486004,2.9102840708524607,2.953124810374688,280032000
2011-03-15,2.8900201320648193,2.9218614772286897,2.793917705097385,2.797391366618279,452635200
2011-03-16,2.780604362487793,2.887706685320208,2.740658219654148,2.8686018642837525,658316800
2011-03-17,2.8500754833221436,2.8755483517019775,2.819392230405012,2.8593383646279475,306960000
2011-03-18,2.8732316493988037,2.923019699348129,2.8628108844864135,2.9218618120418167,270571200
2011-03-21,2.9612293243408203,2.980912968369926,2.93749318485082,2.9455981757726093,191294400
2011-03-22,2.9403882026672363,2.9681768414905503,2.9357566524411154,2.960650682795339,163616000
2011-03-23,2.9592506885528564,2.9737596637986963,2.8977325538103136,2.9244290151292045,179620800
2011-03-24,3.0143847465515137,3.023670482251199,2.959250815366172,2.9946525305160074,189868800
2011-03-25,3.033536672592163,3.0596528731874613,3.017866952234984,3.030054438716323,173561600
2011-03-28,3.0190269947052,3.062553911777554,3.0172859888668975,3.046884195064785,137857600
2011-03-29,3.0608134269714355,3.0608134269714355,2.994072054210256,3.0132237858597666,138512000
2011-03-30,3.0991177558898926,3.118269491520576,3.082287288458172,3.089251535833927,148966400
2011-03-31,3.0915722846984863,3.1095634926138094,3.086349045070772,3.092733029214576,168427200
2011-04-01,3.1165285110473633,3.1472874734874337,3.104341022690668,3.1316177507190677,195604800
2011-04-04,3.124072313308716,3.1426437818738693,3.106081106278375,3.1321973031322994,142470400
2011-04-05,3.1223323345184326,3.1496092867391607,3.1084038382193704,3.1107251066762425,163019200
2011-04-06,3.140321969985962,3.157732692301497,3.1171075259723513,3.1525094534679017,174299200
2011-04-07,3.1281347274780273,3.1548311851776836,3.095054286113375,3.1298757334268945,229652800
2011-04-08,3.103179693222046,3.1571530987920156,3.0788044997117083,3.1525101204512302,206979200
2011-04-11,3.0863494873046875,3.1310371613251027,3.070099504529777,3.1113049445029635,165297600
2011-04-12,3.038760185241699,3.06197441566106,3.016706478162299,3.049206666416709,218268800
2011-04-13,3.0370187759399414,3.0718402276441474,3.0149650717862695,3.0666169877495775,208512000
2011-04-14,3.0422415733337402,3.0515275292619712,2.9830451540168887,3.003357629136458,204168000
2011-04-15,3.066617012023926,3.0793849810649174,3.0358580553954195,3.05326878138534,156012800
2011-04-18,2.994652271270752,3.0074202397735297,2.9470628522559776,2.998134504877705,285249600
2011-04-19,3.028313398361206,3.0317956321978206,2.990009711716034,3.004518687284499,147398400
2011-04-20,3.111304759979248,3.1252332525632758,3.097956529007306,3.1025992860721825,194500800
2011-04-21,3.142064332962036,3.146707312325953,3.110724886423924,3.1443858226439945,120590400
2011-04-25,3.139162540435791,3.1467072711086095,3.1171088315249422,3.139162540435791,87179200
2011-04-26,3.1919748783111572,3.2030016209178607,3.149608692856666,3.156572939693036,140793600
2011-04-27,3.232600450515747,3.241886187889937,3.1774662879986133,3.2041627552757292,160291200
2011-04-28,3.256394386291504,3.2633586323064727,3.220412190259879,3.2215727134378827,156585600
2011-04-29,3.26916241645813,3.275546179614438,3.2482694566319776,3.2552337027775637,135324800
2011-05-02,3.260457992553711,3.30456519419682,3.245368529425396,3.3005026975213814,242224000
2011-05-03,3.2337605953216553,3.2569748237548994,3.201840671468168,3.246528343473649,205774400
2011-05-04,3.1908140182495117,3.2349214298605435,3.1635370721582,3.23318020217234,239316800
2011-05-05,3.1351003646850586,3.197198780179874,3.1055019220760767,3.1565735926831215,339705600
2011-05-06,3.160634994506836,3.2279566282377963,3.136840284861998,3.194876183643494,275672000
2011-05-09,3.186170816421509,3.2047422856487384,3.151349145578421,3.162376107637285,110262400
2011-05-10,3.241304874420166,3.2517513539636473,3.200099439214981,3.2070636851141736,115387200
2011-05-11,3.1745643615722656,3.230859044441997,3.142644654944998,3.2296985210499627,212412800
2011-05-12,3.202420949935913,3.2151889186618043,3.1229118296641962,3.155992274645472,188123200
2011-05-13,3.152510166168213,3.2140283017393845,3.1304564615084502,3.205903310914576,182833600
2011-05-16,3.1118860244750977,3.178046939044747,3.1020200241642937,3.1304575014985265,174238400
2011-05-17,3.1124651432037354,3.119429388687129,3.0619737546283585,3.089250696406594,223676800
2011-05-18,3.1658577919006348,3.1734025196770634,3.101437917831993,3.11536662900468,164582400
2011-05-19,3.1815285682678223,3.1977785522220765,3.147287372514624,3.187912553789687,155744000
2011-05-20,3.132777690887451,3.1739831245897263,3.1194294611552795,3.165858134438785,213913600
2011-05-23,3.059072494506836,3.0770637047281477,3.037019010042605,3.0532689925719136,209204800
2011-05-24,3.0544302463531494,3.088671444811137,3.041082012566401,3.0764837344932845,152008000
2011-05-25,3.072420597076416,3.0985367974659215,3.026572402380838,3.0288936702237064,170624000
2011-05-26,3.0996973514556885,3.111884837091481,3.0439829416440216,3.0555901657021316,181374400
2011-05-27,3.12349271774292,3.1409034467953236,3.1095642230567693,3.1176892151885953,132185600
2011-05-31,3.1913950443267822,3.1913950443267822,3.1403233774407457,3.1826895685726533,160278400
2011-06-01,3.0451433658599854,3.1751436417453784,3.041080871075402,3.171081146960795,291016000
2011-06-02,3.039339780807495,3.062554227528579,3.003357587640249,3.050947004168037,233888000
2011-06-03,2.9795637130737305,3.0248316533177397,2.963893990360935,2.9662154799604825,251859200
2011-06-06,2.916884660720825,2.9755010522220506,2.9081794072886638,2.9644743093188777,202292800
2011-06-07,2.911081075668335,2.961572252585515,2.9070185799042756,2.943000780124267,167752000
2011-06-08,2.8867061138153076,2.920947307827264,2.875679149787586,2.902375613894694,222860800
2011-06-09,2.9302330017089844,2.9534472313573934,2.88844707839667,2.902375571907833,153216000
2011-06-10,2.849562644958496,2.9087592904291855,2.8338931465418775,2.9052772780652223,249924800
2011-06-13,2.851884126663208,2.8768395816901258,2.824026920877451,2.8611698619251267,197649600
2011-06-14,2.925009250640869,2.9459019872601173,2.9035358096934667,2.904696554181654,192006400
2011-06-15,2.822286367416382,2.8948312549710637,2.806616645137839,2.876840043157309,309283200
2011-06-16,2.8327319622039795,2.8634909140540583,2.7903657877006802,2.8257674957784324,290198400
2011-06-17,2.851304531097412,2.8901884874053336,2.830991828261956,2.8890277425527837,215512000
2011-06-20,2.879741668701172,2.8913488944812324,2.829830752819502,2.832152242253398,159465600
2011-06-21,2.956348419189453,2.969696648506997,2.9012144959094077,2.9093394858079673,213097600
2011-06-22,2.92219614982605,2.9750524006283343,2.919291782476861,2.9402019865871485,186880000
2011-06-23,2.907674551010132,2.9088362533763448,2.8095128059997982,2.854237350024684,391241600
2011-06-24,2.839716672897339,2.9088365300427115,2.8304232746557876,2.904770460588197,303539200
2011-06-27,2.8856029510498047,2.9111597410636936,2.8315850040166426,2.8426208452919846,189996800
2011-06-28,2.96285343170166,2.9634343935646266,2.903608172856832,2.9105781642082182,169884800
2011-06-29,3.0168721675872803,3.023261420351268,2.9675010315289723,2.9884112327303556,248579200
2011-06-30,3.072052001953125,3.0807646601718828,3.026165748935592,3.033135964139439,188305600
2011-07-01,3.1626622676849365,3.169632260131525,3.06217734208936,3.072051479591022,205164800
2011-07-05,3.157435178756714,3.169632722711384,3.137105717260166,3.1545310332778063,156168000
2011-07-06,3.1620819568634033,3.171956317970449,3.1237466581551017,3.141171975217875,166113600
2011-07-07,3.233524799346924,3.245722564835256,3.2073872685470173,3.2195848124632533,144566400
2011-07-08,3.1853151321411133,3.185895872563927,3.135943998034962,3.156853976837466,210073600
2011-07-11,3.0714709758758545,3.126069660463262,3.0552073634845622,3.1063211623661857,222544000
2011-07-12,3.042428970336914,3.1063210504581114,3.040105565568706,3.056368955802013,231537600
2011-07-13,3.0621771812438965,3.126069255387741,3.0476562351592,3.0749554631294336,223297600
2011-07-14,3.0220999717712402,3.105740783603355,3.00874072467519,3.0772796247833476,299588800
2011-07-15,3.0552072525024414,3.0633391691887324,3.0133870745476017,3.0540457716907596,234011200
2011-07-18,3.0035126209259033,3.034877919587936,2.95994977997488,3.0261652627689046,261809600
2011-07-19,3.100512981414795,3.108644677111864,3.0366206751610862,3.0377823776281088,187211200
2011-07-20,3.097609281539917,3.1220043721396924,3.0877349199361115,3.1167768210722944,147574400
2011-07-21,3.183573007583618,3.199255659432456,3.120842400188267,3.1324592039546766,195611200
2011-07-22,3.187638521194458,3.195189254514056,3.149303227888212,3.1864768187825017,139716800
2011-07-25,3.1539502143859863,3.18415381619608,3.120842466965176,3.1278124607453184,142270400
2011-07-26,3.1301348209381104,3.1585959701950848,3.115033135860473,3.148140872229015,158081600
2011-07-27,3.002352237701416,3.0947055099570897,2.9930588364115693,3.0947055099570897,319408000
2011-07-28,2.9831840991973877,3.054046408374803,2.973890699761999,3.001189935969136,221011200
2011-07-29,2.9425251483917236,2.998285540357815,2.897219857615787,2.9233576105911743,315608000
2011-08-01,2.9146454334259033,3.0162920949937635,2.860627475552641,3.0116452841103207,394790400
2011-08-02,2.7665302753448486,2.90418876055499,2.7665302753448486,2.8734044305961532,403363200
2011-08-03,2.797895908355713,2.803704419988405,2.6805668538121443,2.7758242288676707,456107200
2011-08-04,2.534195899963379,2.7287765139942457,2.5266449449841626,2.7206448185883585,680265600
2011-08-05,2.5225796699523926,2.6108670801787293,2.3924718492051253,2.598088572170193,795868800
2011-08-08,2.1984710693359375,2.45345905951102,2.190920337175989,2.3936326131299106,879371200
2011-08-09,2.4035074710845947,2.405249914011186,2.1177350878028616,2.2687530859833194,657702400
2011-08-10,2.181627035140991,2.351231580269236,2.1740760810827444,2.308830443987175,823742400
2011-08-11,2.3837592601776123,2.4464896504074876,2.2095078561571224,2.2251905091076205,613078400
2011-08-12,2.4174468517303467,2.4610096865532176,2.382015710622886,2.428482911691577,421241600
2011-08-15,2.5185136795043945,2.522579527901404,2.452298180956389,2.459268175126674,264252800
2011-08-16,2.4761126041412354,2.5214178999479557,2.421513687069417,2.4703040908505494,356408000
2011-08-17,2.479015827178955,2.5417461963619012,2.439518837793675,2.502249428548665,306566400
2011-08-18,2.2635254859924316,2.352974358891914,2.2188009387566474,2.34774680865469,452953600
2011-08-19,2.191502094268799,2.3181248160356325,2.183951137033488,2.203699641022044,349593600
2011-08-22,2.1920814514160156,2.2896619755664207,2.1810453939436587,2.288500495216475,467718400
2011-08-23,2.339033842086792,2.341357246459013,2.1874351411659303,2.210668741744068,421713600
2011-08-24,2.401184320449829,2.4093160170646226,2.316962765448394,2.32799882934457,464188800
2011-08-25,2.330902576446533,2.4575252575514632,2.312896521612906,2.430225805094175,496174400
2011-08-26,2.3976988792419434,2.4186090799563695,2.2321601595395446,2.3059266024722875,439764800
2011-08-29,2.5359385013580322,2.538842646817114,2.4586871686004,2.461591314059482,258182400
2011-08-30,2.545231580734253,2.5812434673715092,2.4766926929449817,2.5138662819346744,385892800
2011-08-31,2.565561294555664,2.625387758173251,2.5330345089334743,2.581243946868695,450916800
2011-09-01,2.5190935134887695,2.6201593896620525,2.510961819621088,2.5748541115009465,351475200
2011-09-02,2.3866634368896484,2.439519687931956,2.370980783735717,2.413381932675404,347036800
2011-09-06,2.3529746532440186,2.3605256093250806,2.248423856992548,2.248423856992548,357377600
2011-09-07,2.4859862327575684,2.4883096375956826,2.4087349052529534,2.424417555552104,232764800
2011-09-08,2.4331295490264893,2.5127042669035986,2.4226744507276528,2.4552014478320374,317635200
2011-09-09,2.3047640323638916,2.3959555343705374,2.2797879933101477,2.378530447525879,480844800
2011-09-12,2.337292194366455,2.339615377956615,2.231579475204208,2.2484238302725106,425276800
2011-09-13,2.3791117668151855,2.397117819828139,2.3175430968734485,2.351231576763295,372268800
2011-09-14,2.4435853958129883,2.5016691945659897,2.3372921593124927,2.4023459518756636,406443200
2011-09-15,2.5283873081207275,2.530710712898323,2.4534593874059087,2.49586052752269,330536000
2011-09-16,2.5597522258758545,2.578339018178512,2.5092193981512563,2.548716387187415,310480000
2011-09-19,2.508059024810791,2.534196784576549,2.4412625522507607,2.4749512696315508,382321600
2011-09-20,2.502830743789673,2.578339633227977,2.495860750406531,2.5301301984341125,296329600
2011-09-21,2.347622871398926,2.519882700941393,2.347622871398926,2.505333724351662,421232000
2011-09-22,2.202132225036621,2.2568362752221085,2.1410265921911953,2.2178451401111037,791020800
2011-09-23,2.222501277923584,2.253927116310498,2.1701251026117947,2.1759446036465264,492321600
2011-09-26,2.3336551189422607,2.340638785638134,2.206788059963385,2.271967617126643,417180800
2011-09-27,2.38603138923645,2.467505720595621,2.3586792510516426,2.4267685549160354,359094400
2011-09-28,2.28651762008667,2.4250237419724403,2.2824439236782537,2.3965078671135247,386668800
2011-09-29,2.3249266147613525,2.387778081198573,2.2417064469233527,2.3650817121518055,440768000
2011-09-30,2.2096986770629883,2.3022301787946162,2.2056249813011997,2.261492999176961,433468800
2011-10-03,2.0845768451690674,2.2393779098622577,2.079921289223258,2.1829278232712284,634704000
2011-10-04,2.166632890701294,2.182927668354799,1.9885533929177386,2.0228889758302633,745600000
2011-10-05,2.255091667175293,2.2655669494537682,2.1445193417912964,2.183510719605575,451316800
2011-10-06,2.3359837532043457,2.341803477307859,2.218427990310683,2.2521817241117335,421459200
2011-10-07,2.306885242462158,2.3656632207366424,2.278369378229751,2.3633353316565255,436240000
2011-10-10,2.4587769508361816,2.4599408955593884,2.3819583751025823,2.3819583751025823,206043200
2011-10-11,2.4611048698425293,2.477399652163626,2.425023248989016,2.4290971665690493,269246400
2011-10-12,2.5053327083587646,2.5635285911173873,2.4896197933739757,2.5024229586207687,281513600
2011-10-13,2.4960217475891113,2.511734664913139,2.438407939400718,2.4768172188595496,255019200
2011-10-14,2.582735061645508,2.583899006716981,2.5268668082139225,2.555964769001277,251899200
2011-10-17,2.483800172805786,2.5612005776614373,2.470997008183183,2.5571268838269114,280611200
2011-10-18,2.5821526050567627,2.618234231060109,2.4413186017526907,2.480309757014634,399539200
2011-10-19,2.518136739730835,2.6007748151119996,2.502423819341511,2.5722589470719224,297131200
2011-10-20,2.5390872955322266,2.5594557726658653,2.4645963891583107,2.5321036273723356,343380800
2011-10-21,2.6345276832580566,2.6438390157754386,2.585643132041882,2.6013560472899036,246612800
2011-10-24,2.7014527320861816,2.716001702565749,2.6415110447502603,2.6444207944462392,272555200
2011-10-25,2.5990283489227295,2.6787566533143092,2.5862251825241933,2.67759270891447,289137600
2011-10-26,2.6502413749694824,2.670027990115929,2.562365440466244,2.6531511256087184,381025600
2011-10-27,2.8329756259918213,2.8678930672851943,2.7491736336879202,2.792238463149768,343633600
2011-10-28,2.8329756259918213,2.8446148470895047,2.7980581846984487,2.8091153226414254,194736000
2011-10-31,2.691560745239258,2.7741988280467136,2.690396800439182,2.7695432708461807,279411200
2011-11-01,2.5466513633728027,2.6106669583449356,2.5262828961541857,2.5483973905627146,576875200
2011-11-02,2.6275453567504883,2.6461680297046635,2.5786607847458356,2.6234716609167483,306356800
2011-11-03,2.7241506576538086,2.734625939331589,2.6118325323307756,2.685159282075454,339708800
2011-11-04,2.689232110977173,2.70028947251617,2.6281264688921557,2.681084721632465,266824000
2011-11-07,2.7235679626464844,2.7293876856049697,2.6368561995625055,2.687486568302803,251299200
2011-11-08,2.7928218841552734,2.7998053313593068,2.700872237636405,2.75208470179881,289412800
2011-11-09,2.585061550140381,2.6892322555025614,2.575750215817487,2.6647900861548615,419308800
2011-11-10,2.633946657180786,2.661880887943435,2.5815704740002974,2.6560611640346465,304590400
2011-11-11,2.7363715171813965,2.7491746874965037,2.698544089613905,2.700290117747632,200288000
2011-11-14,2.683413505554199,2.722404659565176,2.6607171356672388,2.715421212369138,220012800
2011-11-15,2.7119290828704834,2.738699367877176,2.651987371789795,2.672937933099485,221617600
2011-11-16,2.626962661743164,2.7212399493742536,2.615905521625846,2.6560606092095256,285424000
2011-11-17,2.5390872955322266,2.627545094226423,2.5035877593852414,2.615905869293022,406937600
2011-11-18,2.535013198852539,2.566438812598862,2.513480558434115,2.5565456172712477,227003200
2011-11-21,2.4378256797790527,2.465759679000716,2.395924569946712,2.45994017907942,295294400
2011-11-22,2.417457103729248,2.455284295584616,2.3906870500470463,2.427350297568447,247009600
2011-11-23,2.3121228218078613,2.3773021603592817,2.31095887729805,2.372064521064989,283552000
2011-11-25,2.3004837036132812,2.35576984935197,2.2999018423317,2.3039755373019455,115844800
2011-11-28,2.4343345165252686,2.454120908698096,2.3994168445738335,2.426768987635831,195572800
2011-11-29,2.447719097137451,2.4820546794876805,2.430842236558593,2.448300958329964,208268800
2011-11-30,2.6496593952178955,2.6659543990341334,2.5780784610957945,2.5885537414063218,245446400
2011-12-01,2.650822877883911,2.6787568798432044,2.626962570668699,2.644421294143293,185470400
2011-12-02,2.647331714630127,2.7154208143096787,2.641511991153402,2.6991260325743505,192331200
2011-12-05,2.7037816047668457,2.74335483663513,2.670609957759571,2.7288058608600183,215304000
2011-12-06,2.7055273056030273,2.741026615721088,2.684576747500745,2.702617333200146,178038400
2011-12-07,2.720076084136963,2.746846141121694,2.649658886242749,2.6863223602868773,218851200
2011-12-08,2.606595039367676,2.7008723578163987,2.592046060878684,2.689815214084691,294044800
2011-12-09,2.6921420097351074,2.7072730667814517,2.6240529190257234,2.629290558464885,186281600
2011-12-12,2.6129963397979736,2.6467498507629683,2.57051313189411,2.6455859059711035,239713600
2011-12-13,2.567021608352661,2.6717742012480774,2.5402515432126793,2.642094385027624,244044800
2011-12-14,2.5105714797973633,2.563529748129676,2.4983503921821626,2.544907075001815,256134400
2011-12-15,2.528029203414917,2.5705121734792455,2.521045759267275,2.5629468681525025,183406400
2011-12-16,2.534430503845215,2.5914624390256975,2.5233733666774567,2.5612005550932584,244412800
2011-12-19,2.482055425643921,2.5652755871714734,2.4704162002974557,2.5548003065596308,218782400
2011-12-20,2.6298720836639404,2.6391834168103614,2.557709307279101,2.557709307279101,206830400
2011-12-21,2.640929698944092,2.6490770884825285,2.5809877779118375,2.629872337142172,228140800
2011-12-22,2.690978527069092,2.6927243330378614,2.648495324497941,2.658970604310041,169132800
2011-12-23,2.7357401847839355,2.736904356188577,2.694413099112624,2.7066365657968725,115552000
2011-12-27,2.7392327785491943,2.754366563163058,2.7211884543177045,2.725845140071508,89406400
2011-12-28,2.6734580993652344,2.7415604520808046,2.662980780171614,2.740978477478031,143369600
2011-12-29,2.7211875915527344,2.728172395925877,2.68277083443606,2.6862633476440947,113073600
2011-12-30,2.7002346515655518,2.7310844271200696,2.6990704797653535,2.7194431532042214,80804800
2012-01-03,2.7834696769714355,2.8195580968306837,2.778231017472274,2.792200850151024,227060800
2012-01-04,2.7904551029205322,2.795693763584836,2.747381868163376,2.76833651082059,137081600
2012-01-05,2.807917356491089,2.8137379916763603,2.735158306460197,2.7613513868369184,190955200
2012-01-06,2.796276330947876,2.8137384614621928,2.772411367434935,2.812574289822167,214761600
2012-01-09,2.803260564804077,2.8108275678934556,2.777649460096245,2.803260564804077,148697600
2012-01-10,2.852154493331909,2.8748552792825723,2.844587490667362,2.8643779592987313,158659200
2012-01-11,2.856229543685913,2.862632376273311,2.824797577553064,2.834110728032091,168995200
2012-01-12,2.868452548980713,2.877183723289084,2.8259612929021465,2.870198917068179,163593600
2012-01-13,2.8498265743255615,2.8498265743255615,2.7892909880956855,2.829454128018878,189438400
2012-01-17,2.857975959777832,2.9033777669362286,2.848080833603683,2.8929004439029864,138022400
2012-01-18,2.922004222869873,2.9266606877715664,2.8492451546810966,2.8597224782637247,157204800
2012-01-19,2.954598903656006,2.9598375632493465,2.925495288591438,2.942957635264548,116251200
2012-01-20,2.9586737155914307,2.9586737155914307,2.9301520741503384,2.9447038821820657,91806400
2012-01-23,2.9615843296051025,2.9901057518616994,2.933062685305514,2.9575098407113027,125908800
2012-01-24,2.955181360244751,2.956345531594892,2.9156004225118872,2.9249135712700327,120691200
2012-01-25,3.004075527191162,3.018045139681025,2.9231675035548284,2.9452860936709424,139676800
2012-01-26,2.9726436138153076,3.0419101467950203,2.9493606299005686,3.0302688768806414,160252800
2012-01-27,2.9685683250427246,2.98079178838495,2.9406288850992386,2.9447033728799807,109976000
2012-01-30,2.9505245685577393,2.9528529111741473,2.889989214831943,2.9121078035588996,103176000
2012-01-31,2.942375898361206,2.986031327779156,2.9185109391611133,2.9790465212443227,142784000
2012-02-01,2.9947619438171387,3.027940046222077,2.983120453735434,2.9912694301797407,184182400
2012-02-02,3.006985664367676,3.0232836186431893,2.9871951961575633,3.009895981625021,98179200
2012-02-03,3.093715190887451,3.0954613372007986,3.0570445640060124,3.0681038607289133,114032000
2012-02-06,3.0890579223632812,3.090222093700403,3.059954305064179,3.06752130773398,92396800
2012-02-07,3.102445602416992,3.1140870939056096,3.0512231730928647,3.0750883527681703,139091200
2012-02-08,3.121654510498047,3.1228186820055335,3.0809093959080496,3.107684674451215,124256000
2012-02-09,3.1292202472686768,3.140279761875112,3.0931318307598974,3.1327127606248566,128412800
2012-02-10,3.0867297649383545,3.088476133070334,3.0593725140245853,3.073342126822469,144548800
2012-02-13,3.1263105869293213,3.1362059324947698,3.1006994830685444,3.126892783632398,104694400
2012-02-14,3.1239829063415527,3.125147077951472,3.0779993489864017,3.111759437501944,167579200
2012-02-15,3.093132257461548,3.151339489170024,3.0797446208137544,3.142608537639533,148505600
2012-02-16,3.156578302383423,3.165309476381405,3.082073113227761,3.0931324078546236,131864000
2012-02-17,3.175204038619995,3.184517185618838,3.1559957700786674,3.183935211075196,85395200
2012-02-21,3.181025266647339,3.206636368381501,3.1606526025479904,3.1926665352264347,83238400
2012-02-22,3.1589062213897705,3.183353150036587,3.1478469282461554,3.169383539964963,121819200
2012-02-23,3.1862642765045166,3.1909207400393207,3.1338776739692893,3.15483231498338,110761600
2012-02-24,3.2002336978912354,3.2130393604218526,3.1868460607196707,3.2002336978912354,82985600
2012-02-27,3.214203357696533,3.228755165404985,3.1478471500728684,3.1583242473434265,116262400
2012-02-28,3.230501651763916,3.2345761405882874,3.2008160586087837,3.21362149975267,110897600
2012-02-29,3.190920829772949,3.259023414983895,3.190338855080854,3.2386507480726223,151368000
2012-03-01,3.2403969764709473,3.250292322831795,3.20954721001766,3.2171142134650137,211769600
2012-03-02,3.2206063270568848,3.242142941219141,3.2037261760991553,3.2357401100253145,125121600
2012-03-05,3.1949949264526367,3.2124570516303765,3.1699657989487875,3.20896475982061,121203200
2012-03-06,3.0972068309783936,3.1298029615658183,3.0791627307607077,3.126310447631924,182198400
2012-03-07,3.1396987438201904,3.1507582625779564,3.105356460077219,3.1129234641678454,106342400
2012-03-08,3.2019801139831543,3.215949949017169,3.1653097133494805,3.178697351650456,90812800
2012-03-09,3.2258448600769043,3.2444713795735236,3.207218562623266,3.215949736698463,87836800
2012-03-12,3.228172779083252,3.2363217553943224,3.2054719959187126,3.2264266333145804,68648000
2012-03-13,3.346334457397461,3.347498406845569,3.251456590280061,3.2630980831482157,128480000
2012-03-14,3.3381853103637695,3.3632144427156643,3.317230889317473,3.346916485665319,110035200
2012-03-15,3.3731093406677246,3.378929975398865,3.330035888711146,3.3480802116464528,113720000
2012-03-16,3.3864970207214355,3.3934818268951363,3.3719452116678172,3.387661192090883,93548800
2012-03-19,3.4121079444885254,3.433062583945763,3.3766014967463147,3.381840156610624,93116800
2012-03-20,3.392317533493042,3.4004665107430454,3.3533187932128894,3.3742734330231707,113115200
2012-03-21,3.379307270050049,3.402061771180107,3.3676385690391943,3.393893368879822,88950400
2012-03-22,3.3314647674560547,3.34838469492413,3.3098774042597294,3.329714506878736,155659200
2012-03-23,3.3530519008636475,3.3606365107196003,3.300541864966148,3.338465804510583,102168000
2012-03-26,3.4458200931549072,3.4458200931549072,3.397977706444703,3.399727967096035,90009600
2012-03-27,3.4253995418548584,3.4580724847508235,3.4213154518136397,3.453988394709605,110110400
2012-03-28,3.3915603160858154,3.4324014439920982,3.3507191881795326,3.4224827794336297,133246400
2012-03-29,3.3787243366241455,3.388643000774051,3.3244640245460113,3.351885964915843,119238400
2012-03-30,3.4049789905548096,3.4189815209757626,3.371139133999458,3.4137305164263534,101344000
2012-04-02,3.4545722007751465,3.4749928762667066,3.385725784389448,3.3985616248375,92611200
2012-04-03,3.430649995803833,3.4586552755474593,3.388058618950015,3.4464030073907814,140358400
2012-04-04,3.3559694290161133,3.383974710255109,3.335548758431756,3.3746396165087775,183547200
2012-04-05,3.3565526008605957,3.376973270385504,3.3320480645101203,3.33963289733744,110593600
2012-04-09,3.2842063903808594,3.308127585922261,3.2632023703803643,3.2713705509213953,108129600
2012-04-10,3.169267416000366,3.28712311679313,3.164599980285885,3.267286014232641,231081600
2012-04-11,3.215942144393921,3.246864816957289,3.2106911413221146,3.235195896512592,134977600
2012-04-12,3.3081276416778564,3.3104614711764078,3.2235282141683372,3.2281958731654394,104822400
2012-04-13,3.2246947288513184,3.2917906493637923,3.221193985037805,3.291207303344642,123891200
2012-04-16,3.218860149383545,3.2684530184277625,3.2013568754834343,3.2585343555924378,124769600
2012-04-17,3.3180460929870605,3.330881932700733,3.252700424798444,3.260868605501242,116206400
2012-04-18,3.294708251953125,3.3174625317398285,3.2842062424259972,3.288290332512523,111784000
2012-04-19,3.2562007904052734,3.3209628824034754,3.2223609342102404,3.2952914285275994,183484800
2012-04-20,3.2637860774993896,3.305210776001055,3.2608689016357872,3.2818729239597295,103532800
2012-04-23,3.206608295440674,3.214193130054549,3.1686845675037616,3.1955229391328808,101596800
2012-04-24,3.232863187789917,3.2491995485317995,3.2089419927466367,3.2153599123427252,77417600
2012-04-25,3.323880672454834,3.323880672454834,3.2906243809270945,3.296458732134468,102196800
2012-04-26,3.367638111114502,3.375222721226976,3.3034591514507037,3.3075432407623975,93428800
2012-04-27,3.3810579776763916,3.397394338228897,3.350718863388724,3.3874758971980814,83291200
2012-04-30,3.3501346111297607,3.369971711709644,3.3349651683645205,3.364720707951258,95643200
2012-05-01,3.3921427726745605,3.4388182397992346,3.3419665620532175,3.350718309511799,170158400
2012-05-02,3.3734729290008545,3.380474194140233,3.3320484616240704,3.3536358256341092,94281600
2012-05-03,3.3227128982543945,3.380473716992293,3.309877061838784,3.375806281746909,123187200
2012-05-04,3.215359926223755,3.2935414312872027,3.2118591820927143,3.2865401655913455,123006400
2012-05-07,3.217693328857422,3.241030952270242,3.1902713932170097,3.19377213688372,112366400
2012-05-08,3.193772315979004,3.2036907564082493,3.117341077549628,3.181519823741539,156769600
2012-05-09,3.1535143852233887,3.196105765244543,3.0969204755722033,3.127259363959336,176240000
2012-05-10,3.165184497833252,3.207192547643216,3.1540991391628577,3.2019415414169705,101454400
2012-05-11,3.1482632160186768,3.2083580887780183,3.1260925081717197,3.1278427686422203,91600000
2012-05-14,3.078834295272827,3.1220090305701254,3.0700825454488174,3.088169391220857,93827200
2012-05-15,3.0455775260925293,3.110923187516688,3.0339086023395203,3.074749724191948,130110400
2012-05-16,3.021073341369629,3.0986715099771303,3.0193230803703246,3.071249567301359,132697600
2012-05-17,2.9294722080230713,3.028657730418136,2.9271383786570184,3.0222398109446,179228800
2012-05-18,2.8775455951690674,2.963311928577446,2.871127675993446,2.9533932655152473,145401600
2012-05-21,2.9773144721984863,2.9808152161005927,2.8886309631076705,2.8985496262138675,107035200
2012-05-22,2.987816095352173,3.0356584763359784,2.950475722151757,2.994817582251886,107713600
2012-05-23,2.9936509132385254,3.00065217814614,2.889214395365898,2.946975220344566,143019200
2012-05-24,3.005319595336914,3.0175720870573244,2.9533931210075566,3.009987253623965,106779200
2012-05-25,2.983149528503418,3.018156082929119,2.9697303418880248,3.0006528057162685,93156800
2012-05-29,3.0566625595092773,3.0659976530158524,3.0111540064854956,3.0350751975064814,143168000
2012-05-30,2.966813087463379,3.0070708718286543,2.9545608150766673,3.005320388226084,114900800
2012-05-31,2.969146251678467,2.998902018023489,2.9026336764124725,2.9644788157724316,187033600
2012-06-01,2.8046157360076904,2.8810469922808055,2.8046157360076904,2.8612098842249116,233464000
2012-06-04,2.8046157360076904,2.8302871959645057,2.7602740828884174,2.8151177474823554,182803200
2012-06-05,2.841372489929199,2.852457846450714,2.788279091740914,2.7906129212926762,135368000
2012-06-06,2.9732303619384766,2.9749808451606685,2.8827965927978862,2.884546853453871,137742400
2012-06-07,2.9732303619384766,3.04266033550863,2.9633119214662873,3.040326506256512,173297600
2012-06-08,3.0234060287475586,3.023989597237671,2.9411404543688557,2.960977554275516,118910400
2012-06-11,2.9481427669525146,3.075917158664662,2.94055815441251,3.0724164141772583,185150400
2012-06-12,3.015238046646118,3.016988307098029,2.9347227273655063,2.963894921916985,145259200
2012-06-13,2.974980592727661,3.033908329663149,2.9545599223536767,2.995401040535457,115969600
2012-06-14,3.0368261337280273,3.0619142448406027,2.971480464641574,2.986066565401618,125595200
2012-06-15,3.0980870723724365,3.105088559538508,3.053745433151594,3.065414355862191,85281600
2012-06-18,3.1109230518341064,3.1278429794096985,3.0613304062545565,3.0741660215134545,105436800
2012-06-19,3.1739349365234375,3.1978561277581754,3.1371779081401425,3.1459294331872782,97652800
2012-06-20,3.1633052825927734,3.190756489174457,3.114827861671761,3.172650341011509,170457600
2012-06-21,3.0202088356018066,3.175570568034439,3.014952226418592,3.1697299901880953,172092800
2012-06-22,3.0616769790649414,3.0780309952048768,3.0283852010283825,3.051747953911877,80105600
2012-06-25,2.9670584201812744,3.0038546800621373,2.946616177360649,3.0021025514785795,153940800
2012-06-26,2.9968459606170654,3.016120043561198,2.950704643345258,2.9845803920485396,114496000
2012-06-27,3.0505805015563965,3.06284584940345,3.012616297819739,3.0167047471020902,93808000
2012-06-28,3.034226417541504,3.0429872839737286,2.9658905007906258,3.0108636614480617,132507200
2012-06-29,3.184915781021118,3.191340550646524,3.128845428878297,3.1457834173809536,118001600
2012-07-02,3.2036049365997314,3.2106138956161496,3.1574638484953663,3.202436999567369,214387200
2012-07-03,3.247410297393799,3.2514987458834583,3.1965965641625074,3.2030213325901817,50809600
2012-07-05,3.2176239490509033,3.246827288496708,3.193677219617496,3.2240487193775884,96912000
2012-07-06,3.154543399810791,3.169145063844509,3.1259242630747823,3.155711559669934,132294400
2012-07-09,3.1451988220214844,3.158632551042594,3.118916001007018,3.1516235908219077,98422400
2012-07-10,3.095553159713745,3.190171892021835,3.0710224680353932,3.1802428661911897,101097600
2012-07-11,3.094968557357788,3.113658667991385,3.0581723045712774,3.0967206856035334,144920000
2012-07-12,3.066349983215332,3.090296707505435,3.0213768233917238,3.056420956882149,119969600
2012-07-13,3.1603846549987793,3.1720660324715597,3.07861523549306,3.08036758693641,90326400
2012-07-16,3.1510396003723145,3.1697297152238204,3.1265086853773734,3.150455408956099,88160000
2012-07-17,3.1930923461914062,3.207110044165663,3.1101549868219545,3.177906710956067,133569600
2012-07-18,3.2392337322235107,3.2538353991262174,3.1755704556155604,3.181411256058896,102188800
2012-07-19,3.255587577819824,3.2789501099415697,3.2333929829209844,3.255587577819824,100216000
2012-07-20,3.197765588760376,3.2304734083250985,3.1913408185955383,3.220544157305679,105691200
2012-07-23,3.135270118713379,3.1510399466279244,3.0756952875263517,3.104314654364698,133867200
2012-07-24,3.0856242179870605,3.140526402861543,3.038314739141645,3.1393582428254376,201086400
2012-07-25,3.0791995525360107,3.108402886007547,3.04824386754963,3.092633059196467,169582400
2012-07-26,3.176739454269409,3.1948456062176054,3.1393592127798042,3.1685625542940348,142718400
2012-07-27,3.300560474395752,3.3174984603762505,3.2047735813806764,3.215286798692452,175227200
2012-07-30,3.297640800476074,3.330348618521274,3.27953487391137,3.292384190840306,102625600
2012-07-31,3.265516519546509,3.3081533568017405,3.2544193337854175,3.291215371058176,114024000
2012-08-01,3.247995376586914,3.3011454442842547,3.2386503170842103,3.2988091237076302,113790400
2012-08-02,3.204190492630005,3.246243373424608,3.1522085832054554,3.1977657221970737,120483200
2012-08-03,3.328012228012085,3.3426138963814624,3.289463832429079,3.2929683130470897,101176000
2012-08-06,3.339693307876587,3.367728481896084,3.3385251477753046,3.3467020456805217,51160000
2012-08-07,3.371816635131836,3.4039402552866185,3.3677281865377946,3.369480315134173,56766400
2012-08-08,3.3823301792144775,3.3905070771928445,3.3502065559549976,3.3537108134864346,46409600
2012-08-09,3.389922618865967,3.402187964061793,3.3671440569869393,3.37240066532854,65163200
2012-08-10,3.3998525142669678,3.4027728034699454,3.3513750896469405,3.3636404379817177,63366400
2012-08-13,3.3998525142669678,3.400436705789834,3.3613041174978218,3.38933929489322,57532800
2012-08-14,3.3969316482543945,3.426718949552846,3.3776575645445135,3.4220465321822298,65001600
2012-08-15,3.4004359245300293,3.4167897185524017,3.3864182276510437,3.3905066761566367,64651200
2012-08-16,3.4535863399505615,3.463515366561094,3.3975157693603983,3.4121174363550097,66577600
2012-08-17,3.4646832942962646,3.469939902973938,3.4489134682632456,3.4670196143316176,76366400
2012-08-20,3.4646832942962646,3.4664354229209087,3.4348959936586114,3.4547542683516275,56732800
2012-08-21,3.441904306411743,3.5090720509188653,3.4284708020710615,3.482204819433788,80260800
2012-08-22,3.443657398223877,3.4576750978248256,3.410365612325873,3.4267194095238325,111806400
2012-08-23,3.3893392086029053,3.4302239248150497,3.3788259894968173,3.4302239248150497,103294400
2012-08-24,3.4302241802215576,3.4454100413071793,3.3683130211874768,3.3735696311319154,81752000
2012-08-27,3.4302241802215576,3.4582593589906336,3.422047280931052,3.4483303306532465,63462400
2012-08-28,3.426135301589966,3.4465775472566573,3.4045248957703533,3.4138699541899507,70192000
2012-08-29,3.4284708499908447,3.4489130910550565,3.4115328657926587,3.4308071697706737,51753600
2012-08-30,3.3805789947509766,3.4021894058450943,3.365977323481255,3.399269116151914,80752000
2012-08-31,3.416205883026123,3.4448250236799685,3.3735688221435707,3.4191261716718993,111766400
2012-09-04,3.3934268951416016,3.42671867389269,3.361887467716806,3.4074445917332996,235824000
2012-09-05,3.3975160121917725,3.426719348268252,3.385834856004199,3.4091973911831186,89854400
2012-09-06,3.535940408706665,3.5371085690259534,3.440153490563014,3.4407374593207583,115846400
2012-09-07,3.566895008087158,3.568063168121761,3.5429482843871627,3.549373053175606,65300800
2012-09-10,3.524841785430908,3.5709830995648852,3.522505688399151,3.558133563273468,68772800
2012-09-11,3.543532371520996,3.5668951273869625,3.527178576097071,3.5295148962444185,51209600
2012-09-12,3.566895008087158,3.575656096944807,3.5441164444217654,3.568063168121761,76976000
2012-09-13,3.679619550704956,3.699477823859005,3.5563814634375115,3.5680628399052563,148091200
2012-09-14,3.70707106590271,3.753796130122973,3.6854604396260653,3.6907170483415,155561600
2012-09-17,3.6854608058929443,3.707071434317287,3.665602529083727,3.693637926888076,78129600
2012-09-18,3.6813721656799316,3.687796934726398,3.660345729820134,3.673779459355702,76614400
2012-09-19,3.6813721656799316,3.706487050423162,3.6679386589481173,3.6866287746448814,71972800
2012-09-20,3.68312406539917,3.6866283224101037,3.628805853692434,3.6463278071582814,90310400
2012-09-21,3.677283525466919,3.721088523627733,3.677283525466919,3.721088523627733,79272000
2012-09-24,3.6650187969207764,3.6854610437183446,3.637567588817945,3.643408389905664,70531200
2012-09-25,3.5970215797424316,3.697085082036886,3.5882439855523245,3.6847966287495306,107176000
2012-09-26,3.550208330154419,3.5905849988414014,3.532653363571323,3.5888295691501453,101641600
2012-09-27,3.618089199066162,3.632133088003383,3.5601575433352535,3.5800532386826416,65483200
2012-09-28,3.582392454147339,3.6116508042185234,3.557815324011326,3.587658966089092,87411200
2012-10-01,3.6022884845733643,3.6684122013176785,3.5853185863404975,3.6110658564974725,277371200
2012-10-02,3.608139753341675,3.6414942548560663,3.575370320615475,3.630961230880627,105164800
2012-10-03,3.6373980045318604,3.6549529696046372,3.5899993979342213,3.6274502728392344,77281600
2012-10-04,3.6947450637817383,3.700011576653581,3.6555389749096605,3.6649016396569873,69873600
2012-10-05,3.690063238143921,3.741557774201458,3.6689971901097014,3.7304396813938414,74339200
2012-10-08,3.6643166542053223,3.6771904030190976,3.6485171142675674,3.6625612241756453,40371200
2012-10-09,3.594681739807129,3.664901840879302,3.590000295564662,3.6578796745156015,94233600
2012-10-10,3.5490384101867676,3.5976071614863763,3.537335024005715,3.5917555800076126,89028800
2012-10-11,3.550208330154419,3.6057992436871484,3.550208330154419,3.5952662190925886,69420800
2012-10-12,3.5273866653442383,3.578296355942313,3.5115871292851977,3.555474655041366,62980800
2012-10-15,3.582392454147339,3.591755117241178,3.5203646716359693,3.5449418017719823,77612800
2012-10-16,3.6555380821228027,3.6625600231624555,3.6139910581814445,3.6169170715694907,77265600
2012-10-17,3.6918187141418457,3.696499934195234,3.650856978363066,3.662560363331789,76795200
2012-10-18,3.674264907836914,3.7064490592400543,3.646761977964477,3.671339116477278,121656000
2012-10-19,3.5478675365448,3.6572937015939115,3.532068000967095,3.6567086328199934,169302400
2012-10-22,3.549623489379883,3.5624972365388747,3.493447503415506,3.5373350343045864,133171200
2012-10-23,3.4507298469543457,3.4823286950895054,3.421471497153406,3.47355132408332,180308800
2012-10-24,3.4331750869750977,3.484084782703473,3.42030156324797,3.4747221185275974,95376000
2012-10-25,3.448974132537842,3.4928616564549393,3.4103531204197357,3.4794028425738484,113134400
2012-10-26,3.444877862930298,3.4706253522718464,3.3998199798060704,3.4442927941832093,96097600
2012-10-31,3.433760643005371,3.479403606468437,3.413864952199297,3.471211302587737,96246400
2012-11-01,3.5186100006103516,3.526802304680633,3.4554118436849635,3.4618487178040542,248420800
2012-11-02,3.454240322113037,3.5630814069901144,3.4478034501565586,3.558985256331168,112102400
2012-11-05,3.4688704013824463,3.483499578477647,3.4243978012313887,3.443708198920819,75198400
2012-11-06,3.520364761352539,3.550208180967369,3.4829141080227517,3.4899360497162113,81668800
2012-11-07,3.36529541015625,3.4600926274511035,3.33077054728989,3.4600926274511035,172555200
2012-11-08,3.279860496520996,3.396308810206219,3.2786901359103924,3.3623690221691067,129198400
2012-11-09,3.2862980365753174,3.348325822210611,3.2593804067278063,3.262306197237578,136768000
2012-11-12,3.2915639877319336,3.319066904927604,3.2781051751022456,3.30911895102181,52427200
2012-11-13,3.2710843086242676,3.3401340470334056,3.2494329643406354,3.257040199446332,86363200
2012-11-14,3.182138681411743,3.3009275286338657,3.167509504237648,3.290979795302775,204236800
2012-11-15,3.169849157333374,3.20730002841627,3.145857322096962,3.1844783306049296,138320000
2012-11-16,3.197937488555908,3.2143220918141413,3.1236212587120282,3.179797232646094,157548800
2012-11-19,3.327845335006714,3.331941486971684,3.2710842763963295,3.275765497260492,98468800
2012-11-20,3.3360376358032227,3.3448152318476505,3.2816172992878045,3.3190679590600896,74204800
2012-11-21,3.347740650177002,3.3524220937392526,3.3266746005939045,3.3395483471665783,73337600
2012-11-23,3.4366862773895264,3.4390269993126887,3.3752437778594464,3.3799249984822426,52569600
2012-11-26,3.4267382621765137,3.427323330997414,3.3805100125025525,3.403331491317328,89134400
2012-11-27,3.3939690589904785,3.438441658786485,3.382850964847358,3.4162054705002447,111892800
2012-11-28,3.4390268325805664,3.446048774786085,3.3231637816836788,3.3588590079989684,154185600
2012-11-29,3.4758925437927246,3.4934475115445007,3.437856594310938,3.4682853092516623,165892800
2012-11-30,3.465944766998291,3.488181179688934,3.451900881358386,3.4753074318327397,108099200
2012-12-03,3.4390268325805664,3.513343075861485,3.435515749866048,3.509246924306306,121083200
2012-12-04,3.4290788173675537,3.460677891582746,3.411523850544729,3.440782202990608,144401600
2012-12-05,3.4437079429626465,3.4747219478913136,3.3875319606660774,3.437271293026934,168772800
2012-12-06,3.462432861328125,3.468869733726869,3.4261525716175054,3.436100526203787,136616000
2012-12-07,3.488180637359619,3.501639452015142,3.4513150526454024,3.494032218262541,164104000
2012-12-10,3.4905214309692383,3.506906036414,3.474721894337429,3.477647684849207,111788800
2012-12-11,3.5367496013641357,3.570689397713943,3.5156837748841188,3.5197799264127485,138177600
2012-12-12,3.540260076522827,3.592339899784018,3.532067774871423,3.5642519127405716,164675200
2012-12-13,3.5016403198242188,3.55723124507305,3.479989197249421,3.537920621505364,152003200
2012-12-14,3.472381830215454,3.4957886051893126,3.4606784427285247,3.4811594266365384,113483200
2012-12-17,3.551964521408081,3.556645742368758,3.488181295351098,3.489936725308409,131281600
2012-12-18,3.63388729095459,3.640909456275026,3.5543047596679487,3.564252492369961,136974400
2012-12-19,3.5771265029907227,3.64325022379688,3.576541210892385,3.642665154922073,122827200
2012-12-20,3.6198434829711914,3.621013843882571,3.5642525674100205,3.582977895545054,86771200
2012-12-21,3.5531342029571533,3.569518808021469,3.511002106250625,3.5215351304272575,202961600
2012-12-24,3.530898094177246,3.5420161880991317,3.523876151869925,3.5390903974063743,32979200
2012-12-26,3.498185157775879,3.5497756851727735,3.4811839245757445,3.5480169908924317,85017600
2012-12-27,3.495253801345825,3.5181177207287933,3.4102467438245943,3.5040477197109516,146697600
2012-12-28,3.4178671836853027,3.484114072515196,3.4096596480784895,3.447766318982777,114827200
2012-12-31,3.5380494594573975,3.539221996500791,3.392658220655189,3.3996934429155514,236536000
2013-01-02,3.710409641265869,3.7139270297417486,3.6465078081699693,3.6652679588367807,110841600
2013-01-03,3.6922359466552734,3.727997556648796,3.6746483319348053,3.7074787100813595,99990400
2013-01-04,3.7244794368743896,3.7408947355307864,3.6928218241456325,3.706305667715749,85686400
2013-01-07,3.7068917751312256,3.7145131557044255,3.6799240883505138,3.702201849605225,76024000
2013-01-08,3.684614658355713,3.703961191585765,3.6576469668580582,3.6939947346870126,93524800
2013-01-09,3.7051331996917725,3.7250658870026307,3.6910629753858495,3.7027881250343473,85115200
2013-01-10,3.7596542835235596,3.763758051865405,3.7068914518547165,3.745584284533975,113041600
2013-01-11,3.7625858783721924,3.766689646866795,3.739721961434089,3.7614135647782576,67804800
2013-01-14,3.7537922859191895,3.7619998236189343,3.7297558296676665,3.753205905432848,69961600
2013-01-15,3.7602405548095703,3.7690344716517994,3.7174439550304865,3.721547723253235,65699200
2013-01-16,3.7590696811676025,3.7731396851382297,3.7385506085556397,3.7485168427316107,62625600
2013-01-17,3.8065550327301025,3.830591263353771,3.780173727632404,3.793070966323736,120070400
2013-01-18,3.825316905975342,3.8346972081007817,3.780761365434349,3.8100741386602137,94251200
2013-01-22,3.8651797771453857,3.8663520905085487,3.808312962573663,3.827073107324188,91849600
2013-01-23,3.8763201236724854,3.8862863562178136,3.8534562032321253,3.8686985186741727,77153600
2013-01-24,3.879251718521118,3.9197034826238593,3.860491564366306,3.8681131705174634,116184000
2013-01-25,3.9249777793884277,3.9249777793884277,3.884526480979363,3.9073903944688375,90126400
2013-01-28,3.917356252670288,3.929667555130197,3.8862848063747406,3.9284952418242054,73019200
2013-01-29,3.94549822807312,3.956636774286243,3.895080238022297,3.89918400710656,75192000
2013-01-30,3.9155993461608887,3.961327189675727,3.907978188000854,3.9449121122373048,113696000
2013-01-31,3.90152907371521,3.9308418377633267,3.890390080248195,3.905632842790855,80380800
2013-02-01,3.971879243850708,3.984776930671853,3.932013869711375,3.9443251760559446,105830400
2013-02-04,3.8862855434417725,3.941393672094421,3.8815953947740587,3.927909606494043,140896000
2013-02-05,3.9648447036743164,3.9865363122756547,3.9261520838158517,3.929083092149657,105844800
2013-02-06,3.969534397125244,3.975983240906065,3.9320140954608003,3.9367042449881753,95212800
2013-02-07,3.96132755279541,3.980087706912895,3.902702015268601,3.9730524813898302,146587200
2013-02-08,4.001192092895508,4.008227316935797,3.97363802450095,3.9742244049902893,112428800
2013-02-11,4.00060510635376,4.008226709728791,3.9818449590322267,4.001191486754268,70696000
2013-02-12,4.013503551483154,4.029918627588142,3.993571086863464,4.001778624915957,75948800
2013-02-13,4.021125316619873,4.046334315098,3.9988477738651302,4.029919236512679,103110400
2013-02-14,4.0299177169799805,4.038125253177883,3.987707275232381,3.995915258707461,67123200
2013-02-15,4.020539283752441,4.0445755204351626,3.9894678218741912,4.036954361931341,122833600
2013-02-19,4.076818466186523,4.080922234445507,4.032262948462425,4.0328493288643354,93025600
2013-02-20,3.9742226600646973,4.075644523604251,3.9742226600646973,4.0727135169989666,198236800
2013-02-21,3.9284963607788086,3.958395055007307,3.9027009879285868,3.958395055007307,193800000
2013-02-22,4.002950668334961,4.003537048806905,3.94667021951404,3.9666031300649016,116721600
2013-02-25,3.855799913406372,4.055713133661384,3.8540412195258944,4.042815448834973,238784000
2013-02-26,3.9044594764709473,3.9144257073557593,3.838799181439512,3.8903894771466705,235532800
2013-02-27,4.002362251281738,4.025226605280663,3.891560104159578,3.898008944237758,141606400
2013-02-28,3.985948324203491,4.053954130915226,3.978327168876341,4.002363395540214,102774400
2013-03-01,4.011744499206543,4.025814499286989,3.924392596427802,3.960154200726749,406961600
2013-03-04,4.053368091583252,4.055126785477695,3.9830176521423977,3.997087650575131,101953600
2013-03-05,4.127237796783447,4.151860414395376,4.094993573284011,4.094993573284011,139094400
2013-03-06,4.140720367431641,4.16358428473025,4.121960218692339,4.160653277060589,105424000
2013-03-07,4.158308506011963,4.166516043729527,4.142479811064449,4.153031976177952,71284800
2013-03-08,4.192896842956543,4.201690760096041,4.149514084952812,4.191138148984084,122736000
2013-03-11,4.222210884094238,4.222797264688864,4.174137962713811,4.18469057703036,65388800
2013-03-12,4.202864170074463,4.225141709295115,4.17765517559547,4.216934171304492,90108800
2013-03-13,4.212242603302002,4.226312599793869,4.179412462395272,4.20813883568866,84288000
2013-03-14,4.257385730743408,4.262661813231201,4.232176737432583,4.236280506237729,67876800
2013-03-15,4.246247291564941,4.2597313606981055,4.219279600575924,4.250937441461461,82078400
2013-03-18,4.201691627502441,4.237453236582489,4.158895241080285,4.165344085162084,101104000
2013-03-19,4.1805853843688965,4.229244669780532,4.126063636838589,4.22045075296393,172459200
2013-03-20,4.234663486480713,4.252259220868656,4.216481555763789,4.228798390844103,74777600
2013-03-21,4.166627407073975,4.21824087310702,4.153137284912264,4.187742108514334,102006400
2013-03-22,4.2293829917907715,4.231142474884084,4.186566964115937,4.193605343967087,60702400
2013-03-25,4.2006449699401855,4.269267515803658,4.166040151420551,4.256950683018781,134792000
2013-03-26,4.26457405090332,4.265747337965874,4.224104149325376,4.236421426092675,73828800
2013-03-27,4.260469913482666,4.266921652122608,4.198885298275241,4.212962063023146,95608000
2013-03-28,4.280413627624512,4.29918220794181,4.245808791974282,4.262231243817136,83164800
2013-04-01,4.254019260406494,4.30328705464047,4.235250683431211,4.284518477665187,85880000
2013-04-02,4.297421455383301,4.319709447895491,4.274547266473123,4.28686410300336,99328000
2013-04-03,4.209442615509033,4.3097376617796606,4.188328363506751,4.302112635730728,162443200
2013-04-04,4.244046211242676,4.261055294664721,4.2035763076702946,4.22058539109234,139449600
2013-04-05,4.2053375244140625,4.216481519261827,4.130263226967899,4.139647737887724,137622400
2013-04-08,4.263402938842773,4.263402938842773,4.184222586719059,4.2123756704151925,89398400
2013-04-09,4.290382385253906,4.323227273990181,4.249912470576676,4.277478908256642,85553600
2013-04-10,4.398888111114502,4.407099333123672,4.313256476248838,4.3156026036054635,98352000
2013-04-11,4.426455497741699,4.454021940747877,4.3895045432959146,4.398302410901013,90396800
2013-04-12,4.4035797119140625,4.417656026485503,4.354311939697063,4.398300814276039,100384000
2013-04-15,4.201230049133301,4.366628177162363,4.19947056598585,4.360176440636436,143379200
2013-04-16,4.32088041305542,4.327332150458782,4.241700528306306,4.262815223903132,102691200
2013-04-17,4.194194316864014,4.26340352433177,4.151964909259532,4.261057396411727,214248000
2013-04-18,4.140819072723389,4.212961019890305,4.112079801565552,4.2112015366019815,149235200
2013-04-19,4.208856105804443,4.219413454758357,4.1443391721874265,4.163693939037917,101788800
2013-04-22,4.254019260406494,4.274547321554746,4.176598824448679,4.2317317150852745,95937600
2013-04-23,4.340821743011475,4.348446319256315,4.252844004508887,4.295073390586596,130393600
2013-04-24,4.351967811584473,4.368390708185296,4.327334137900505,4.34551607121798,74585600
2013-04-25,4.382465839385986,4.421762467328766,4.359005012375442,4.368389522170882,81379200
2013-04-26,4.366044044494629,4.38481261940067,4.337890958396507,4.370149656271634,86652800
2013-04-29,4.421175003051758,4.443462985940376,4.376013288607617,4.390089603210236,79931200
2013-04-30,4.445809841156006,4.447569324834781,4.385398067490414,4.422935658375829,71868800
2013-05-01,4.365455627441406,4.429972549506969,4.355484923958479,4.42586693939765,186643200
2013-05-02,4.444049835205078,4.454607184578096,4.3801195427359385,4.38715792481063,78048000
2013-05-03,4.530854225158691,4.565458592800891,4.519124037223908,4.5249891311913,69572800
2013-05-06,4.561941623687744,4.5736722642376115,4.53965407786027,4.543759690183178,47446400
2013-05-07,4.605929374694824,4.608862145973262,4.554315911532042,4.578362935598563,60851200
2013-05-08,4.648159503936768,4.650505631831715,4.590680489205905,4.597718872890748,43089600
2013-05-09,4.625283241271973,4.668685469161646,4.598303453801206,4.645224648215519,66862400
2013-05-10,4.65402364730835,4.656369774723071,4.601236899172242,4.628803336947656,58836800
2013-05-13,4.659889221191406,4.673379343343468,4.618246462124402,4.638774519766151,51361600
2013-05-14,4.757837772369385,4.761943383572696,4.664581107211231,4.664581107211231,55177600
2013-05-15,4.807692527770996,4.825874459256706,4.736723838367589,4.7431755780840925,74158400
2013-05-16,4.762528896331787,4.8200078924070375,4.747279741181166,4.787749203669193,70878400
2013-05-17,4.855785369873047,4.858717693073767,4.7842300611013755,4.794200765444188,75795200
2013-05-20,4.852854251861572,4.890978046278048,4.834085676568895,4.84522967196953,58105600
2013-05-21,4.869864463806152,4.9027093662571675,4.8276350478101415,4.859893753773271,66414400
2013-05-22,4.786576747894287,4.9766085861734215,4.749626249402743,4.876900636129427,179649600
2013-05-23,4.769567966461182,4.792442149968156,4.678657428692799,4.690974709791688,132459200
2013-05-24,4.756663799285889,4.7572504429383935,4.680416681146102,4.70622318464237,95048000
2013-05-28,4.809450626373291,4.899187865244508,4.785989802114894,4.859304598248633,107700800
2013-05-29,4.753144264221191,4.783643018336233,4.699770885172442,4.761355484462854,90451200
2013-05-30,4.785991191864014,4.828807242129301,4.751386812829962,4.759598036583063,61025600
2013-05-31,4.648159503936768,4.813557716966369,4.636429311940171,4.7601847616602715,116550400
2013-06-03,4.697426795959473,4.704465179567395,4.601824434545411,4.670446996679642,189761600
2013-06-04,4.656956672668457,4.741415026818744,4.60592940543831,4.705637812355808,126908800
2013-06-05,4.52264404296875,4.645812834488021,4.515605660104359,4.627044260994399,161976000
2013-06-06,4.602412223815918,4.604171708286259,4.466339905877798,4.5197128738838925,193665600
2013-06-07,4.716782093048096,4.727926088741526,4.627631469935082,4.66692810556814,133553600
2013-06-10,4.716782093048096,4.755492532312763,4.696254033200837,4.750800276496777,113854400
2013-06-11,4.624111175537109,4.706223846799048,4.602996923334154,4.634082329120631,121771200
2013-06-12,4.549622535705566,4.695665470337941,4.537892348437618,4.688627536968356,142680000
2013-06-13,4.684523105621338,4.700358907166229,4.521470597702805,4.5419991018050245,87422400
2013-06-14,4.625283241271973,4.7103282137889995,4.610033640535299,4.6757238496888665,110142400
2013-06-17,4.696254253387451,4.740829790772979,4.646400263570063,4.689215869333474,88176000
2013-06-18,4.766634941101074,4.784817316172128,4.702118005227042,4.70387748886791,64353600
2013-06-19,4.638774394989014,4.778952721921987,4.634668783571099,4.7619436324826045,166684800
2013-06-20,4.409445285797119,4.561353334426873,4.385397816952891,4.5478636620082264,250678400
2013-06-21,4.4334940910339355,4.474550663450958,4.346689584740941,4.465752794541725,186238400
2013-06-24,4.323814868927002,4.3994758163921,4.249326761684197,4.341410157130282,257411200
2013-06-25,4.407099723815918,4.438771774721055,4.343755622005644,4.401821272404101,119651200
2013-06-26,4.490622043609619,4.512338266101833,4.443080192203817,4.477709453049872,85872000
2013-06-27,4.5428571701049805,4.5862900452343665,4.536987935270293,4.547552737090296,85755200
2013-06-28,4.503533363342285,4.5634002825600275,4.477121131615716,4.51938034414305,118539200
2013-07-01,4.554010391235352,4.62150773813536,4.4548190740774105,4.554597449290229,438195200
2013-07-02,4.5428571701049805,4.610354490188675,4.509402038973955,4.543444227926623,105419200
2013-07-03,4.553421974182129,4.5815944805201605,4.493554614574461,4.509402041209279,44641600
2013-07-05,4.653201103210449,4.656135945026619,4.554596418626634,4.62092008220254,81644800
2013-07-08,4.704263210296631,4.73126204658681,4.684307276120659,4.700741311445649,80596800
2013-07-09,4.7735209465026855,4.785846472211623,4.724805453609849,4.763543203946953,65441600
2013-07-10,4.775869369506836,4.809324500282944,4.745348632219984,4.765304567798911,75728000
2013-07-11,4.9067559242248535,4.916147059766511,4.854518964207853,4.887387043015677,77443200
2013-07-12,4.905582427978516,4.930820545888103,4.8891483879990645,4.9044083120976945,67595200
2013-07-15,4.951951026916504,4.961928774692703,4.920256609456149,4.937864320626957,47182400
2013-07-16,4.910278797149658,4.959580925132899,4.885040675121834,4.953711688153096,98532800
2013-07-17,4.9366888999938965,4.9660355226557105,4.9237763143756705,4.949601485612122,62974400
2013-07-18,4.989512920379639,5.012990308115096,4.951949279120476,4.956057788389637,77099200
2013-07-19,5.010641574859619,5.010641574859619,4.956643458964535,4.968382374504268,62171200
2013-07-22,5.028249263763428,5.041748904651522,4.99890264667907,5.023553697559409,54260800
2013-07-23,5.007121562957764,5.047620053190233,5.0006652689266735,5.047032995243586,54980800
2013-07-24,4.96955680847168,5.047618929621244,4.948427205035799,5.045271146151268,102939200
2013-07-25,4.988926887512207,5.0006653598946285,4.933755082167987,4.946667670465061,102416000
2013-07-26,4.999492168426514,5.0053614051772986,4.909104489523432,4.949602984353751,86350400
2013-07-29,4.97073221206665,5.0000788413544806,4.94373336685713,4.977775116507553,73128000
2013-07-30,4.971906661987305,5.011818102006155,4.947842655040374,5.001840353949967,99505600
2013-07-31,4.9724907875061035,5.044683213565291,4.964860380603347,4.9918596619293325,103448000
2013-08-01,5.092226982116699,5.1016176701614375,5.049380708491947,5.053489218472896,68681600
2013-08-02,5.110422134399414,5.110422134399414,5.056424442626543,5.0716848156211505,59488000
2013-08-05,5.096334934234619,5.1104211886567965,5.074618270830215,5.0881179151721865,45811200
2013-08-06,5.041750431060791,5.08400964410342,5.014751588904439,5.073444840842763,81329600
2013-08-07,5.007121562957764,5.0176863670273635,4.966036462572656,5.004187168812547,82521600
2013-08-08,5.034707069396973,5.06170591149849,4.988339346724592,5.05114110825929,65409600
2013-08-09,5.008296489715576,5.056424949870623,4.97601501433362,5.027078316903056,79814400
2013-08-12,4.997729778289795,5.0100553057011314,4.9554705712829765,4.960166138237937,60017600
2013-08-13,5.029423236846924,5.044096544973756,4.957817421540972,5.015923596340954,59449600
2013-08-14,4.980121612548828,5.038227798128072,4.973665319951811,5.02062009378577,93964800
2013-08-15,4.832214832305908,4.896777310429853,4.818715189306563,4.896777310429853,126372800
2013-08-16,4.806388854980469,4.850995837818,4.7846721973819974,4.818127322561686,94451200
2013-08-19,4.744176387786865,4.825759984644767,4.743002271803762,4.794065570011662,75531200
2013-08-20,4.787609100341797,4.823999081987971,4.7482847244333035,4.758262470954439,72678400
2013-08-21,4.728915214538574,4.814607307252069,4.708959724142294,4.762957407584666,122480000
2013-08-22,4.81343412399292,4.828107438218657,4.749458241115822,4.7500452990671755,63465600
2013-08-23,4.845126152038574,4.858625343718288,4.798171390506316,4.842778369182581,57672000
2013-08-26,4.812260627746582,4.887387934609166,4.805804332832385,4.857454692145964,73814400
2013-08-27,4.654376029968262,4.752393673707276,4.6490934033375835,4.715416630674735,189302400
2013-08-28,4.686069488525391,4.720698743485561,4.640288819081453,4.65261434948605,97363200
2013-08-29,4.701915740966797,4.752391965860628,4.659069476470812,4.666699884662566,90654400
2013-08-30,4.67022180557251,4.722458761365194,4.645570748460133,4.722458761365194,98404800
2013-09-03,4.711893558502197,4.782325720005889,4.675504033796176,4.7617827263627825,111404800
2013-09-04,4.792303085327148,4.808150062931736,4.700154717404779,4.717175810561634,71044800
2013-09-05,4.798172950744629,4.829280300062671,4.791129599886342,4.796412224978542,60142400
2013-09-06,4.805217266082764,4.8627364090249525,4.718938103875452,4.834563895525031,133894400
2013-09-09,4.902646541595459,4.906755050715033,4.83221482874737,4.83221482874737,78675200
2013-09-10,4.973079204559326,4.975426540469974,4.938449954658875,4.959579560206347,87723200
2013-09-11,5.002427577972412,5.004774914703665,4.942560192060909,4.960168352104083,96936000
2013-09-12,4.981297016143799,5.014165097649584,4.964275917422867,5.0018395670849145,76246400
2013-09-13,4.997729778289795,5.007707522223652,4.966035373034681,4.990099370039507,60792000
2013-09-16,5.0593581199646,5.112182136079937,5.041750413122136,5.106312900465783,81614400
2013-09-17,5.103377342224121,5.104551457858484,5.066987817849236,5.067574427872507,43523200
2013-09-18,5.220765590667725,5.24952561209232,5.074032432438794,5.098683943344741,108835200
2013-09-19,5.204916954040527,5.255393180268538,5.193765094261759,5.251284671054347,84105600
2013-09-20,5.126267910003662,5.227807422995373,5.1233335163689695,5.227220365150862,90456000
2013-09-23,5.085183143615723,5.125681629405324,5.051140951148926,5.118051220318031,114185600
2013-09-24,5.058184623718262,5.118638603405416,5.039989858358358,5.080487898926982,93176000
2013-09-25,5.033863067626953,5.082039610163585,5.021525221784316,5.065589149040069,122228800
2013-09-26,5.065587043762207,5.09672546769639,5.030336006256364,5.046198816249551,64043200
2013-09-27,5.023285865783691,5.034448866700422,4.995672409773644,5.017410767284833,110316800
2013-09-30,4.97275972366333,4.998610697608471,4.915770321052268,4.935746195893875,132993600
2013-10-01,5.046785831451416,5.054423413349244,4.967470894889712,4.974520832567336,90547200
2013-10-02,5.030335903167725,5.03738584157966,4.955720767872232,4.9845090622838875,112582400
2013-10-03,4.946907997131348,5.020935489649578,4.896968989986682,5.013885102853136,161136000
2013-10-04,5.015059947967529,5.027397787589346,4.936919848788137,4.949845332651342,96539200
2013-10-07,4.932219982147217,4.990971860187047,4.919882141547804,4.9292826571899795,91710400
2013-10-08,4.8170671463012695,4.941033665189197,4.8094295622682806,4.929283466947472,189288000
2013-10-09,4.817654132843018,4.8570177846432205,4.759489897478444,4.83351694312744,169656000
2013-10-10,5.025635242462158,5.033272824543152,4.91753156365357,4.919881692349541,137838400
2013-10-11,5.093199253082275,5.097899061556982,5.006246296803512,5.01270903772753,98747200
2013-10-14,5.1360907554626465,5.143141144507027,5.023287220200983,5.032100094446107,138804800
2013-10-15,5.0620622634887695,5.147252311328781,5.046786648977421,5.106713370150744,122198400
2013-10-16,5.2007155418396,5.206003443435152,5.115525506250801,5.119638119384581,83500800
2013-10-17,5.270632743835449,5.2759206477691185,5.15665391767173,5.1590040473932035,76678400
2013-10-18,5.340547561645508,5.348772791419635,5.288258408835101,5.3088214832704175,75899200
2013-10-21,5.341132640838623,5.363458189754046,5.317631803524857,5.345245253750442,64340800
2013-10-22,5.401059627532959,5.435723016963993,5.358170563614665,5.372858531659925,111318400
2013-10-23,5.353471279144287,5.371684217868093,5.31410718026198,5.365221475435531,97467200
2013-10-24,5.3910722732543945,5.4004723403393875,5.347595562232419,5.371684046574965,78867200
2013-10-25,5.43337345123291,5.4368984202010004,5.388721901925139,5.40811012773208,72648000
2013-10-28,5.454524040222168,5.467449524868203,5.419860647981662,5.430436003761032,80011200
2013-10-29,5.513863563537598,5.514451207814799,5.462162073175054,5.475674753861955,77862400
2013-10-30,5.456872940063477,5.532075702135467,5.415746814762593,5.524437672978769,127148800
2013-10-31,5.423974990844727,5.492127404984328,5.408699372461473,5.448063483227604,111043200
2013-11-01,5.445123672485352,5.473911965091019,5.389896767769757,5.439248574763553,359265600
2013-11-04,5.487425804138184,5.492713258300399,5.446299218275396,5.480963061334621,52174400
2013-11-05,5.456286430358887,5.482724593057091,5.409872398401495,5.4457110756313645,78956800
2013-11-06,5.507988929748535,5.528551998771339,5.469212472527288,5.501526186878327,66904000
2013-11-07,5.367571830749512,5.537364729295121,5.358171314726992,5.529139501896053,126510400
2013-11-08,5.510339736938477,5.511514577495237,5.364047658468632,5.364634854626341,112308800
2013-11-11,5.513863563537598,5.5267890481885456,5.489187882790105,5.504463496308611,51204800
2013-11-12,5.490952014923096,5.5162153475279725,5.455113323361727,5.4921273038301415,94361600
2013-11-13,5.580255031585693,5.581429872227326,5.438662753355435,5.439250397796939,81976000
2013-11-14,5.638418674468994,5.6454686140437484,5.571441559060868,5.590829789374096,93361600
2013-11-15,5.685417175292969,5.687767303432432,5.64017844127136,5.6554540500573145,76409600
2013-11-18,5.6472320556640625,5.713033888240409,5.620206238964297,5.705396303599616,84513600
2013-11-19,5.6190290451049805,5.6724934641888005,5.600816108083167,5.639004914822865,106124800
2013-11-20,5.587891578674316,5.6754317580641835,5.553227734924763,5.641355558647006,117940800
2013-11-21,5.676018714904785,5.682481457054272,5.607866324325197,5.615504354997083,73680000
2013-11-22,5.728307247161865,5.731832215876785,5.665442765045737,5.6777806037891425,64520000
2013-11-25,5.726545333862305,5.752396302326105,5.703044494189871,5.750046173534738,77753600
2013-11-26,5.723020553588867,5.75474617271581,5.704219522637718,5.724783038180226,64691200
2013-11-27,5.745934009552002,5.7565093658195465,5.717732910091461,5.733595720372143,79300800
2013-11-29,5.737122058868408,5.788823559896955,5.7288968302557155,5.761797744706487,50659200
2013-12-02,5.7153825759887695,5.767671711145707,5.694231864212789,5.747696287935755,80600000
2013-12-03,5.669555187225342,5.703631377793801,5.624903642626712,5.674842640119841,101361600
2013-12-04,5.657807350158691,5.705983883424333,5.572029193821987,5.619030886479795,142264000
2013-12-05,5.611392974853516,5.659569505311086,5.599642328253295,5.640768918992067,107665600
2013-12-06,5.737709045410156,5.745346628748729,5.685419457737095,5.718320816656904,90582400
2013-12-09,5.76238489151001,5.780010187768935,5.748871760960994,5.767085149808911,60702400
2013-12-10,5.721259117126465,5.760035581243151,5.714796373107017,5.737122379080151,85419200
2013-12-11,5.59259033203125,5.7277193564342355,5.58025249381888,5.7259568721526355,121531200
2013-12-12,5.559103012084961,5.601991633200734,5.533252041609962,5.586716018989028,110864000
2013-12-13,5.5544023513793945,5.589065742692592,5.533839284647732,5.580253319979905,109681600
2013-12-16,5.624317169189453,5.659568204404656,5.604341298681391,5.606691427461236,102832000
2013-12-17,5.582016468048096,5.634893251815778,5.563215883624174,5.632543122732627,95435200
2013-12-18,5.771197319030762,5.77942254629935,5.496238505111641,5.604929392510507,155595200
2013-12-19,5.769434452056885,5.778247323728591,5.71597047420007,5.74652125465521,109872000
2013-12-20,5.8275980949401855,5.858148869936881,5.774721322598603,5.775896162765664,93891200
2013-12-23,5.892813205718994,5.899863143801443,5.864024464411559,5.886937659661979,63603200
2013-12-24,5.920100212097168,5.923628936966519,5.893049047628277,5.893637243216799,34657600
2013-12-26,5.98008394241333,5.9853763570280885,5.9436234410850535,5.944799383667732,57494400
2013-12-27,5.979496479034424,5.999490646021047,5.964794727310664,5.995374173484868,67920000
2013-12-30,5.973613262176514,5.987726812049176,5.95949926364219,5.978905675130639,52430400
2013-12-31,6.031243801116943,6.031243801116943,5.982434348085649,5.992431427132642,53532800
2014-01-02,5.915394306182861,5.990667622591151,5.887755400574093,5.984198818457144,114081600
2014-01-03,5.907750129699707,5.959500119102394,5.897164853610325,5.934801291114411,89019200
2014-01-06,5.8806986808776855,5.955971552207047,5.859528129733589,5.950090943258511,115792000
2014-01-07,5.948328018188477,5.968322182422264,5.9159839893846495,5.925393324550051,77683200
2014-01-08,5.950679302215576,5.9712616584316995,5.9106905321406575,5.947150577820158,104400000
2014-01-09,5.960089206695557,5.991256844106579,5.904810933209924,5.9889045103277745,94233600
2014-01-10,5.985962390899658,5.995959469558425,5.9177460805328375,5.981257724944365,71889600
2014-01-13,5.8318891525268555,5.9930206298737145,5.808954462076342,5.960088410034163,134673600
2014-01-14,5.955384254455566,5.964205393538962,5.847767793355802,5.869526094611505,89772800
2014-01-15,6.02418851852417,6.040066209254713,5.979495078129611,5.984787492152542,85704000
2014-01-16,6.004195213317871,6.01066401986053,5.968322903821979,5.997138659752679,59227200
2014-01-17,5.953619956970215,6.007722732524347,5.93421398990044,5.986552178755721,67280000
2014-01-21,5.986551284790039,6.027715995047639,5.9159826332119785,6.022423581726673,79364800
2014-01-22,5.998312473297119,6.015954748271493,5.971261314021652,6.011250081790101,63108800
2014-01-23,5.901280879974365,5.938917314640595,5.836593285933137,5.937741372346766,107662400
2014-01-24,5.6472368240356445,5.826010179585965,5.646648628338906,5.822481902729255,210553600
2014-01-27,5.587252140045166,5.6854597038123185,5.534913955826181,5.657232151734059,193964800
2014-01-28,5.654880523681641,5.671346409532313,5.596661279001669,5.59960180804432,106886400
2014-01-29,5.546675682067871,5.62430089656435,5.5184481274047155,5.562553373110936,160955200
2014-01-30,5.665465831756592,5.70075038861282,5.604894697101458,5.640179253957687,112651200
2014-01-31,5.594897270202637,5.668406011348521,5.519624391055131,5.524916805059995,117388800
2014-02-03,5.338498592376709,5.609598857855345,5.3214445110796325,5.582547695727417,725332800
2014-02-04,5.416712284088135,5.445527585686983,5.3549647605717,5.39318939662179,149636800
2014-02-05,5.404361724853516,5.427884607339369,5.313798918913064,5.3802506469235585,154494400
2014-02-06,5.5419697761535645,5.545498500111349,5.428472284624403,5.429060480060977,117587200
2014-02-07,5.685460090637207,5.694868976195639,5.5631414377453465,5.597837796855079,119019200
2014-02-10,5.7025146484375,5.708395258485128,5.654292928188093,5.684284622691318,74171200
2014-02-11,5.827772617340088,5.858352503380541,5.70780630394036,5.717215637694877,152017600
2014-02-12,5.836594104766846,5.883639879030675,5.811895275176124,5.846591185982839,95803200
2014-02-13,5.894813060760498,5.907162475886978,5.756028516488961,5.756028516488961,88897600
2014-02-14,5.958911895751953,5.981846584001409,5.873053751519839,5.885990911339728,68228800
2014-02-18,5.975966453552246,5.991255947834529,5.936565429478773,5.969497648793693,64737600
2014-02-19,5.8971662521362305,6.021249065686494,5.885405030875152,5.9436238388426075,113816000
2014-02-20,5.959499359130859,5.991255183349416,5.869524748175782,5.911865847133858,105548800
2014-02-21,5.949504375457764,6.014780184566896,5.944211960554668,5.988904959720227,90721600
2014-02-24,6.008897304534912,6.095931833362667,5.96949673515348,5.9730250104229645,70350400
2014-02-25,6.010075092315674,6.059473204565947,5.971850902060597,6.02301270382555,104078400
2014-02-26,6.008309841156006,6.0606480244513135,5.978318600387938,6.028892197171849,100873600
2014-02-27,6.0735859870910645,6.0753501250434345,5.980670833197824,5.994196638602228,84822400
2014-02-28,6.101813316345215,6.160620305461637,6.0235999131415605,6.070645683899387,127668800
2014-03-03,6.017719745635986,6.049475575928997,5.93774219867472,5.99831333012441,141980800
2014-03-04,6.192376136779785,6.217074964543254,6.133569147631493,6.133569147631493,400547200
2014-03-05,6.191199779510498,6.220015078725026,6.1806145034596085,6.198256779764998,64326400
2014-03-06,6.227071762084961,6.256475255323123,6.209429486677383,6.2294240953834175,81899200
2014-03-07,6.2288360595703125,6.278821909624241,6.177086071662743,6.275293633916958,91788800
2014-03-10,6.227660655975342,6.230012989537601,6.15474011019231,6.210606574145276,54252800
2014-03-11,6.163559436798096,6.261767434485632,6.135332337618532,6.244125161002166,81569600
2014-03-12,6.166501045227051,6.170029321077003,6.075350030701631,6.103577583486437,62078400
2014-03-13,6.027717590332031,6.212371537206331,5.99302167516974,6.204138592975895,114904000
2014-03-14,5.992432594299316,6.066529530089024,5.978906788683532,6.0012537328607625,141224000
2014-03-17,6.097109794616699,6.129453824169853,6.048299876804414,6.053592740123023,87892800
2014-03-18,6.187084197998047,6.204726476840685,6.112987254985471,6.1259248663151675,83798400
2014-03-19,6.127100944519043,6.206490297931702,6.04418286632105,6.19002441113936,110198400
2014-03-20,6.188845634460449,6.201195044794547,6.073584022680609,6.095342763933025,90094400
2014-03-21,6.142978668212891,6.2747062119097965,6.134157529195568,6.244126771799749,99180800
2014-03-24,6.093580722808838,6.201785373623509,6.0406543398400325,6.186495429952132,119512000
2014-03-25,6.15179967880249,6.19237664823801,6.083583350398531,6.154740207967466,74288000
2014-03-26,6.060622692108154,6.218270667036296,6.060034327801388,6.201211692463831,71985600
2014-03-27,6.040621757507324,6.086504292175081,5.9923862148065545,6.04885706122767,75104000
2014-03-28,6.09121036529541,6.15709279567528,6.064150997057509,6.071798385434028,66352000
2014-03-31,6.1947407722473145,6.212976474670256,6.160623273320471,6.168858578108721,47713600
2014-04-01,6.274152755737305,6.284152703642214,6.223564203195469,6.234740430763728,44204800
2014-04-02,6.317094802856445,6.335330057325397,6.269447615997329,6.291800523049284,46499200
2014-04-03,6.302976131439209,6.340623362607148,6.263564256433773,6.339446634188552,49192000
2014-04-04,6.154152870178223,6.373565633605406,6.133564158555378,6.3712126251687815,108936000
2014-04-07,6.017092704772949,6.142975729510683,5.992974706707372,6.121210739704463,107732800
2014-04-08,6.063564300537109,6.084740928499117,5.968857839037711,6.0082697221040355,66664000
2014-04-09,6.195329666137695,6.198858954551374,6.064740609345665,6.096505551440253,38878400
2014-04-10,5.932385444641113,6.200622517660518,5.920620853637882,6.194739773368522,88881600
2014-04-11,5.827092170715332,5.950622651493027,5.814150848059346,5.870622155792831,88652800
2014-04-14,5.917679309844971,5.945326591570052,5.823561238177946,5.917679309844971,76972800
2014-04-15,6.002387046813965,6.0076809790755155,5.825915457448252,5.941210175312329,99105600
2014-04-16,6.120621681213379,6.1259156122154685,6.028856171397326,6.081797725369981,53382400
2014-04-17,6.138857841491699,6.175916710374836,6.0888576520743305,6.10885754832511,77920000
2014-04-21,6.185917377471924,6.187682021478135,6.130034440796083,6.145917134432861,58137600
2014-04-22,6.23650598526001,6.274153671840378,6.19121180656577,6.197094103322226,57924800
2014-04-23,6.214151859283447,6.241210778088444,6.201798903880539,6.2341522028812895,49174400
2014-04-24,6.234151363372803,6.274151596391555,6.176503797131828,6.272974868155233,92292800
2014-04-25,6.13532829284668,6.202387452046006,6.105916365170119,6.194740063624244,76329600
2014-04-28,6.172388553619385,6.224741760799575,6.04591714630019,6.182976867924958,133672000
2014-04-29,6.225916385650635,6.247093008632335,6.184151503878499,6.211798786592962,58214400
2014-04-30,6.27121114730835,6.278270171393936,6.191210669499941,6.208858005318711,61560000
2014-05-01,6.264740943908691,6.300035169327557,6.227093710289846,6.261211656003932,77787200
2014-05-02,6.248270511627197,6.31944732872116,6.230623174024539,6.264741120701445,82444800
2014-05-05,6.272977828979492,6.279448490962415,6.152977073283285,6.187095027594965,52752000
2014-05-06,6.1653289794921875,6.252388494794125,6.160623411500823,6.24415318982116,66174400
2014-05-07,6.2347412109375,6.239447227760599,6.111799550769684,6.20532927897883,94696000
2014-05-08,6.220035552978516,6.310624361752094,6.182388314110339,6.223565290165868,66867200
2014-05-09,6.242388725280762,6.244741733739357,6.164741241309036,6.221800013465677,63907200
2014-05-12,6.360623836517334,6.365918217301913,6.291211663588036,6.29297675637652,49374400
2014-05-13,6.370034694671631,6.403564270821647,6.3594463838458175,6.37532862568936,51905600
2014-05-14,6.312387466430664,6.3670936671922735,6.292975936191676,6.361799735888107,51526400
2014-05-15,6.200033664703369,6.287681072501925,6.13885680897051,6.284151785237258,103478400
2014-05-16,6.245917797088623,6.2476824411737875,6.157093638214854,6.208270560636918,73768000
2014-05-19,6.290036201477051,6.2982715070653805,6.2076826968032535,6.219447739636936,42344000
2014-05-20,6.202974796295166,6.283563632272796,6.174151235487547,6.282975268112129,252667200
2014-05-21,6.310035705566406,6.317094730824124,6.2406235279654885,6.241800256570341,60000000
2014-05-22,6.342977046966553,6.369447604932204,6.293564770296109,6.3147413961848065,48312000
2014-05-23,6.394742965698242,6.4023899073674135,6.349448782473808,6.3529780711225765,38803200
2014-05-27,6.473565101623535,6.476506024953629,6.434741143827137,6.441211803459869,39326400
2014-05-28,6.461799621582031,6.492388273905051,6.441799728654964,6.471799568045565,53190400
2014-05-29,6.530036926269531,6.530624841749601,6.459448023892573,6.492977606664734,47678400
2014-05-30,6.547685146331787,6.558273461401278,6.506508614834064,6.518273209893261,51745600
2014-06-02,6.563565254211426,6.571212193104374,6.502388396696771,6.568859185262616,49388800
2014-06-03,6.558860778808594,6.5653314396954086,6.521801906376305,6.532390219755595,39942400
2014-06-04,6.5859174728393555,6.591799767438827,6.521211334664552,6.533564287960535,35568000
2014-06-05,6.668271541595459,6.684153783317338,6.552388487553526,6.598271017850457,66700800
2014-06-06,6.732977867126465,6.737095518705417,6.693565995043582,6.698859926163508,43236800
2014-06-09,6.747684955596924,6.781214537988673,6.720626033736077,6.729449702531893,46632000
2014-06-10,6.750038146972656,6.751214426741804,6.702390962489322,6.730626164853354,30648000
2014-06-11,6.702977657318115,6.715918976374276,6.671213172640734,6.701801377763177,48814400
2014-06-12,6.6076836585998535,6.693566431988838,6.577095003053404,6.683566484471511,71508800
2014-06-13,6.646508693695068,6.658273736523408,6.5888615546029365,6.632391091091556,41929600
2014-06-16,6.655333042144775,6.684744979028495,6.612979781225733,6.630038758473155,37699200
2014-06-17,6.690625190734863,6.70239023109473,6.62356603145002,6.635918987235081,34094400
2014-06-18,6.789450645446777,6.798862679619505,6.664744334191564,6.694156267795603,52147200
2014-06-19,6.808272838592529,6.814743498532982,6.759449380119657,6.801214263232325,48616000
2014-06-20,6.832980632781982,6.842392218167625,6.818274665974642,6.838862929746821,42492800
2014-06-23,6.831214904785156,6.840626938086393,6.804744346508712,6.834744641668345,28809600
2014-06-24,6.746507167816162,6.8718018005802906,6.731212841908177,6.803566371312189,63763200
2014-06-25,6.805438041687012,6.820155684704997,6.7159549697622625,6.7159549697622625,47628800
2014-06-26,6.79484224319458,6.811325933749006,6.706536373098542,6.811325933749006,57760000
2014-06-27,6.8219218254089355,6.827220410525858,6.758930330376889,6.766583792307241,36131200
2014-06-30,6.816035270690918,6.846648221972426,6.803672503531912,6.816035270690918,33299200
2014-07-01,6.906105995178223,6.94790404339145,6.845469383697812,6.849590305376672,147625600
2014-07-02,6.919057846069336,6.935541533390918,6.901396945001981,6.904929035386093,32699200
2014-07-03,6.992647171020508,6.993236002560623,6.949083069136116,6.958502128043642,24043200
2014-07-07,6.94025182723999,6.971453159121353,6.919058384990984,6.96085643799685,43584000
2014-07-08,6.848413944244385,6.917292407657307,6.81485773521141,6.913171485465427,61644800
2014-07-09,6.911403179168701,6.921411065625521,6.854298669514267,6.881967901956864,37774400
2014-07-10,6.856656074523926,6.891389498854187,6.764818119477412,6.77541439200107,49065600
2014-07-11,6.873730659484863,6.883149720938672,6.817214943321052,6.847238622780367,30817600
2014-07-14,6.943195819854736,6.960856723020845,6.931421435263816,6.94142977445281,31307200
2014-07-15,6.919057846069336,6.978517246033723,6.856066355720836,6.951436838413011,55196800
2014-07-16,6.970275402069092,6.988525134581934,6.928477352320675,6.977339582837009,129798400
2014-07-17,6.810146808624268,6.97675061124628,6.789542201213556,6.926710722064051,86273600
2014-07-18,6.947904586791992,6.960856184266155,6.844292705292311,6.854889426030553,50091200
2014-07-21,6.919057846069336,6.932009443006806,6.857832400912892,6.902574158747754,47227200
2014-07-22,6.9796953201293945,7.005009685678418,6.956735831508984,6.970276261561794,31793600
2014-07-23,7.0126633644104,7.0256145141971995,6.974397399146454,6.999711765476739,27328000
2014-07-24,7.0108962059021,7.039743109576091,6.999122271157448,7.026791511868883,31371200
2014-07-25,6.946138381958008,6.9838155105736,6.9184691423800695,6.97321879007879,48569600
2014-07-28,6.949671268463135,6.970864710510676,6.869018422385169,6.95025965080286,43710400
2014-07-29,6.890213489532471,6.995003061512349,6.889624657907041,6.977930537550345,48376000
2014-07-30,6.894923210144043,6.957325887723022,6.8366410064819005,6.939664532222931,50652800
2014-07-31,6.619996070861816,6.808971014480727,6.614109103109576,6.794841752899132,109910400
2014-08-01,6.580552101135254,6.664737032389622,6.515205733909641,6.583495809230633,213870400
2014-08-04,6.672389507293701,6.700058744233551,6.546995367682994,6.6035110552179646,63078400
2014-08-05,6.542874336242676,6.651784787969225,6.495777706181424,6.6188174164144,89340800
2014-08-06,6.544641971588135,6.601157671906649,6.478707212456631,6.481650471833939,55907200
2014-08-07,6.473407745361328,6.617640909612817,6.443383629261719,6.607044189174531,86427200
2014-08-08,6.624116897583008,6.632359191293385,6.470465110136071,6.505198533775701,54190400
2014-08-11,6.660617351531982,6.721253976761354,6.657085260476874,6.671802905402329,43243200
2014-08-12,6.642955780029297,6.68710871335715,6.60351260071833,6.647665534046182,64332800
2014-08-13,6.736557960510254,6.750098386455922,6.674155312844236,6.6941710869458975,52184000
2014-08-14,6.7971954345703125,6.7971954345703125,6.743623453554436,6.755397386988519,40118400
2014-08-15,6.795429706573486,6.8595984103331284,6.6977043477525955,6.846647262609991,96513600
2014-08-18,6.9084625244140625,6.914349492628353,6.8613663295528555,6.870196557300849,112153600
2014-08-19,6.978516578674316,6.989702129350049,6.927887858658655,6.938484577944416,35187200
2014-08-20,7.0173726081848145,7.032679083986533,6.95850203110559,6.962034571150208,56585600
2014-08-21,7.055638790130615,7.07565502050957,7.018550487122823,7.030324423242064,44592000
2014-08-22,7.033856391906738,7.072121905758698,7.004421104853331,7.0468075409268955,75612800
2014-08-25,7.106855392456055,7.1298148791803,7.08389590573181,7.102145638987796,52752000
2014-08-26,7.118040561676025,7.151596767324981,7.111564763292298,7.115685685068598,36553600
2014-08-27,7.112154960632324,7.132171192330276,7.089195469284049,7.122163301054751,33219200
2014-08-28,7.100969314575195,7.109799542000632,7.049162918229338,7.0609373033747,47193600
2014-08-29,7.140999794006348,7.142765839112612,7.07918552040646,7.125104489756424,47801600
2014-09-02,7.1333465576171875,7.162193459083686,7.081540619899592,7.162193459083686,124558400
2014-09-03,7.128636837005615,7.190451112834335,7.1068550143806055,7.1880962362254825,64411200
2014-09-04,7.103322505950928,7.201636240563313,7.066822594382215,7.148652642849621,81740800
2014-09-05,7.16984748840332,7.173968410747943,7.048574245849979,7.100380190917644,62190400
2014-09-08,7.132171154022217,7.174558045251952,7.090373094378146,7.155719476832837,65336000
2014-09-09,7.0438642501831055,7.128049188744932,7.01207408641009,7.1168636359877135,77672000
2014-09-10,7.0950822830200195,7.1015580829151865,7.000889442472436,7.050340964476725,67494400
2014-09-11,7.106855392456055,7.1103874829838425,7.0250253348190155,7.035033224078956,61969600
2014-09-12,7.026203155517578,7.095670453160951,6.9855827634989,7.095670453160951,82784000
2014-09-15,7.013251781463623,7.0373889339859925,6.971453725064587,7.025026166528266,54129600
2014-09-16,7.1215739250183105,7.144533414611322,6.979695615800442,6.989115123913918,111704000
2014-09-17,7.137467861175537,7.205169107265021,7.069766615086054,7.1433548284122725,96726400
2014-09-18,7.213410377502441,7.218708961996844,7.165725362786691,7.183386263092226,59952000
2014-09-19,7.19987154006958,7.2758141869702335,7.173968343206197,7.261685374656954,67806400
2014-09-22,7.0909600257873535,7.179265881396894,7.062702403514513,7.178088667613362,85569600
2014-09-23,7.0108962059021,7.099202063927449,7.006186901492331,7.038565446613534,83228800
2014-09-24,7.120562553405762,7.127629821621254,6.975677713527914,7.013959947943422,66377600
2014-09-25,6.885563850402832,7.082277196774158,6.884974761826166,7.082277196774158,129140800
2014-09-26,6.999233722686768,7.031037767913212,6.895576593070533,6.91383429614123,48654400
2014-09-29,6.971555233001709,6.995702482482664,6.86554171265258,6.875553975868022,55110400
2014-09-30,6.931504249572754,7.0245600427235795,6.907356555908915,6.984510549077054,61156800
2014-10-01,6.74892520904541,6.916190895240933,6.71712160997075,6.910889995833155,115227200
2014-10-02,6.748336315155029,6.794864433343748,6.608162871934008,6.732434066874551,97993600
2014-10-03,6.896166801452637,6.9256149482505585,6.797810098989913,6.8378595966088085,61705600
2014-10-06,6.878497123718262,6.973320177752638,6.831969005021525,6.9538842960167235,96732800
2014-10-07,6.670004844665527,6.838448270067658,6.664704394248462,6.808411036341856,126577600
2014-10-08,6.899700164794922,6.919136047496193,6.6046296388475865,6.672949547975805,132198400
2014-10-09,6.623476028442383,6.896165660928803,6.615230584650084,6.876730228757234,166012800
2014-10-10,6.475647926330566,6.688263602686425,6.471525203354543,6.622300035070051,159539200
2014-10-13,6.260087490081787,6.5139303874986245,6.253019772646629,6.469758164550836,144409600
2014-10-14,6.28776741027832,6.419105872062797,6.235349753427226,6.3284055407149635,174734400
2014-10-15,6.189411640167236,6.222982960848957,5.891985609725014,6.108724000803077,255444800
2014-10-16,6.179399013519287,6.269510270786457,5.960304729544096,5.970906080360414,218760000
2014-10-17,6.330173015594482,6.413805633853713,6.271276729607475,6.325461204873201,136827200
2014-10-20,6.453266620635986,6.460922976742522,6.301903169948332,6.307203620481385,88984000
2014-10-21,6.708287239074707,6.716532683380899,6.532187465188151,6.5457333596870315,110457600
2014-10-22,6.615231513977051,6.766005878038005,6.606986069026408,6.732435009498088,106432000
2014-10-23,6.764829158782959,6.849050887061879,6.719478755448017,6.745393271639412,80323200
2014-10-24,6.863184452056885,6.87201898523273,6.7359687020909895,6.785441368926887,86742400
2014-10-27,6.802521705627441,6.8702525310932065,6.7707176541215235,6.820190772911744,77094400
2014-10-28,7.004536151885986,7.006892057529649,6.889688560151511,6.897344916486125,59595200
2014-10-29,6.98745584487915,7.056364396684218,6.892632781553666,7.01690399002761,105049600
2014-10-30,7.076389789581299,7.114083381663951,6.934449505845796,6.94387312853799,77840000
2014-10-31,7.234819412231445,7.247776666787848,7.174156310756465,7.244832122152388,87841600
2014-11-03,7.242476940155029,7.290182791838061,7.211261977975117,7.254256018559246,58563200
2014-11-04,7.195950508117676,7.230699112118553,7.121741038566276,7.205373683187536,102016000
2014-11-05,7.286651611328125,7.301375688961961,7.22009849284354,7.297842054119662,70992000
2014-11-06,7.345545768737793,7.350257580041861,7.2336427216530055,7.291949926175905,62824000
2014-11-07,7.356735706329346,7.373815234790974,7.303139867424081,7.344367090164264,59604800
2014-11-10,7.400908946990967,7.4056203092822335,7.340245383220589,7.3614480862321,25374400
2014-11-11,7.415043830871582,7.425056093449976,7.377350236999792,7.408565202298954,29198400
2014-11-12,7.402085304260254,7.419165281264029,7.352612189948798,7.356735361372508,40046400
2014-11-13,7.413277626037598,7.462161214745354,7.344957700663872,7.41504444318638,51702400
2014-11-14,7.419754981994629,7.4368345110642755,7.381472302748465,7.408564542848339,26555200
2014-11-17,7.429179668426514,7.442726015907637,7.376172905544278,7.38913016417584,40148800
2014-11-18,7.513988494873047,7.541080283959036,7.432122690892814,7.432122690892814,56382400
2014-11-19,7.487485885620117,7.51398948820262,7.422700050434677,7.495731331043187,48142400
2014-11-20,7.516345024108887,7.525179108525307,7.413865151447889,7.4185769626986815,41385600
2014-11-21,7.591731548309326,7.673008717446216,7.545203873854172,7.664763272655958,48851200
2014-11-24,7.640614986419678,7.649449968595192,7.614111837265156,7.631780902930174,41107200
2014-11-25,7.632958889007568,7.678308381365235,7.605277563186141,7.657105682835759,42697600
2014-11-26,7.667117595672607,7.674185760652497,7.622356744667733,7.638847631810894,25088000
2014-11-28,7.635316848754883,7.681844533700975,7.611758686524052,7.654164097488575,21585600
2014-12-01,7.528123378753662,7.583485582924432,7.499264323968888,7.571117865931109,68652800
2014-12-02,7.619411945343018,7.6400260041412285,7.528122975086168,7.528122975086168,50764800
2014-12-03,7.682433128356934,7.700102197203108,7.622358653754409,7.6364940885685835,41296000
2014-12-04,7.661230087280273,7.70893594197869,7.594088347577663,7.653573281424827,48572800
2014-12-05,7.6912665367126465,7.723071037574642,7.655339762738077,7.6788988186888325,41924800
2014-12-08,7.587021827697754,7.696568083396884,7.535781435386297,7.655340852969326,59281600
2014-12-09,7.573473930358887,7.584664369566254,7.38677279360243,7.420932750614255,93104000
2014-12-10,7.33317756652832,7.538136414516149,7.31491941014683,7.53519186947227,115340800
2014-12-11,7.399730205535889,7.548737754708755,7.369692970334634,7.381472498522898,74848000
2014-12-12,7.167089462280273,7.377349193398599,7.163555379431355,7.29430521126583,110892800
2014-12-15,7.060486316680908,7.281936468847886,7.015136376016762,7.243065155327614,114411200
2014-12-16,6.949173927307129,7.269569925398044,6.946229382075653,7.0004138672401215,139726400
2014-12-17,7.230108737945557,7.263090516791761,6.9780326868369045,6.989811765183967,123755200
2014-12-18,7.58525276184082,7.58525276184082,7.37793801962191,7.435067492577008,83571200
2014-12-19,7.6470947265625,7.707757838513223,7.581719803169781,7.636493824832614,61928000
2014-12-22,7.714601039886475,7.718141327544962,7.643791685203345,7.666214707544893,26008000
2014-12-23,7.739969730377197,7.775964137067298,7.722858048681589,7.771834103710931,28875200
2014-12-24,7.739381313323975,7.781275903493453,7.739381313323975,7.760033284411818,11120000
2014-12-26,7.791900157928467,7.819633611174869,7.776557711226347,7.781278394797897,11014400
2014-12-29,7.80605936050415,7.826712233429106,7.768294801733053,7.768885449768574,14828800
2014-12-30,7.726401329040527,7.7812775816155915,7.716959962884096,7.767116432759179,19592000
2014-12-31,7.571210861206055,7.766524476224607,7.558819858044186,7.750593186445061,34265600
2015-01-02,7.561178207397461,7.667981033686434,7.468536974880923,7.628446340552708,42342400
2015-01-05,7.285616874694824,7.481520702033065,7.260833966160312,7.467948852013266,90105600
2015-01-06,7.154619216918945,7.359374164682861,7.080270058178876,7.315118788083362,117161600
2015-01-07,7.332823276519775,7.357016440422478,7.22661060501995,7.266735512081429,61499200
2015-01-08,7.59068489074707,7.605436688257102,7.449657742566292,7.449657742566292,58868800
2015-01-09,7.459688186645508,7.6237280881893765,7.4113023131671785,7.623138340478134,70956800
2015-01-12,7.3446245193481445,7.49037234091544,7.296238644796854,7.475030346490171,49008000
2015-01-13,7.306859016418457,7.55173889705425,7.193565341825725,7.453196566886809,101068800
2015-01-14,7.215987205505371,7.235459680547127,7.052537084975235,7.128066644210926,95172800
2015-01-15,7.084991931915283,7.2991878286314344,7.076140765068208,7.269684239267218,75382400
2015-01-16,7.266143798828125,7.2832559343199055,7.05076751098962,7.070239987603271,66670400
2015-01-20,7.299777984619141,7.347573655054644,7.165241689919912,7.32220055033933,67980800
2015-01-21,7.371765613555908,7.4148410448476545,7.220117207801686,7.257881759805067,69441600
2015-01-22,7.591271877288818,7.604253526406009,7.320429189610775,7.440803867530673,72606400
2015-01-23,7.505712509155273,7.5930428763895295,7.498041738443447,7.564719684385076,47694400
2015-01-26,7.542296886444092,7.552327997877347,7.428413023767531,7.49214087908881,37331200
2015-01-27,7.344034194946289,7.445526625230013,7.272045357178109,7.362916476148673,74860800
2015-01-28,7.15285062789917,7.454967109668026,7.139868975912714,7.446706140256476,69633600
2015-01-29,7.28974723815918,7.308629518184024,7.0495880280670535,7.171732875456629,56987200
2015-01-30,7.1056437492370605,7.299187206951765,7.082040789718168,7.180583111945369,74571200
2015-02-02,7.274405479431152,7.285616988309777,6.989400676272546,7.1463599998169665,69979200
2015-02-03,7.486240386962891,7.489190475572937,7.324560404781463,7.351703651014568,64270400
2015-02-04,7.42959451675415,7.527546204974166,7.392419703897874,7.417202612342677,53268800
2015-02-05,7.58655309677124,7.593633669813448,7.483880285768948,7.493321199888235,48936000
2015-02-06,7.538757801055908,7.6626727949059,7.493322018191162,7.613696725133435,48700800
2015-02-09,7.470308303833008,7.5428873275438315,7.433724143263618,7.4773893269378995,44804800
2015-02-10,7.6260881423950195,7.650280401511303,7.48447037248833,7.561179885307191,37910400
2015-02-11,7.638479232788086,7.675064296462546,7.556459289012708,7.611926181996279,39852800
2015-02-12,7.783636569976807,7.788357251961302,7.695125808618084,7.710467349784174,36441600
2015-02-13,7.8473639488220215,7.851493982570947,7.773604985510063,7.7942569550106295,36716800
2015-02-17,7.877457618713379,7.888078477703234,7.797797574777434,7.823171127438767,32032000
2015-02-18,7.875690460205078,7.880411143893351,7.814913120833383,7.837925891077244,30555200
2015-02-19,7.866837024688721,7.895160216660304,7.807239201533842,7.821401247708653,29740800
2015-02-20,7.957119941711426,7.963020120491926,7.769476609077492,7.82494351180814,52547200
2015-02-23,7.95475959777832,7.95475959777832,7.899292691924685,7.9352871159119385,28110400
2015-02-24,8.001376152038574,8.016717698889758,7.922305824969835,7.947088739288684,30403200
2015-02-25,7.982491970062256,8.030878294278946,7.952988377357893,7.988393048754407,33952000
2015-02-26,7.965379238128662,7.989571496686993,7.911092742715455,7.97600009792821,33574400
2015-02-27,7.915814399719238,7.981903066624668,7.910503968561512,7.957709901957308,28592000
2015-03-02,8.01140308380127,8.015533117175208,7.9158108637712585,7.920531545039966,35614400
2015-03-03,7.943548679351807,7.9807235020851905,7.866840042518021,7.97128213434681,45961600
2015-03-04,7.879820823669434,7.896933415298976,7.788950134928426,7.888672443595248,68803200
2015-03-05,7.893979549407959,7.919942849645991,7.84972416955986,7.90637145193175,34152000
2015-03-06,7.673295021057129,7.855627932653331,7.642021280636391,7.813142681444344,80409600
2015-03-09,7.7364325523376465,7.765346398958736,7.679195507224992,7.688046225385404,36833600
2015-03-10,7.483291149139404,7.617237260387726,7.481521005627833,7.607206147029426,74320000
2015-03-11,7.450835704803467,7.52105438631889,7.4402143954161675,7.502762306336491,65040000
2015-03-12,7.637300491333008,7.6426118229442945,7.498634129216953,7.504534758427762,54987200
2015-03-13,7.547608852386475,7.624908116609511,7.450836659903367,7.6136966079888,95446400
2015-03-16,7.74705171585083,7.7517723979609485,7.604845106437474,7.608385392925551,54422400
2015-03-17,7.696897506713867,7.729941386902709,7.625498415294385,7.675654883681296,67376000
2015-03-18,7.880411148071289,7.941778235294672,7.597766177092666,7.6544134810036235,94996800
2015-03-19,7.807240009307861,7.869787477389832,7.776556022943413,7.845595217357954,64356800
2015-03-20,7.945317268371582,7.992523197446989,7.889260621510004,7.8963420961171495,55256000
2015-03-23,7.919945240020752,7.999014659789801,7.918175096322809,7.947678691792897,45304000
2015-03-24,7.823761940002441,7.945907237280203,7.820221653190587,7.904602390511683,55776000
2015-03-25,7.600064277648926,7.865499335233544,7.5947439761110385,7.8448080709615775,84784000
2015-03-26,7.565186023712158,7.640855546124718,7.477102012562469,7.539174456248117,89476800
2015-03-27,7.595335006713867,7.611296813771628,7.5350359993396605,7.5521799453151495,57217600
2015-03-30,7.782145977020264,7.805792367986468,7.685194330775635,7.687558609051458,48142400
2015-03-31,7.643809795379639,7.768546399811165,7.639080338570428,7.705290929796077,68755200
2015-04-01,7.593561172485352,7.639672255286244,7.501339006883567,7.639672255286244,82193600
2015-04-02,7.638490200042725,7.682827846914909,7.5663671046072976,7.583511048854313,53435200
2015-04-06,7.74490213394165,7.790422384174282,7.5509992904844445,7.563413781177162,58547200
2015-04-07,7.708247184753418,7.813475121279269,7.701153450352203,7.7460819383126935,44406400
2015-04-08,7.754952430725098,7.793378946658361,7.689333555280854,7.723029710183248,62830400
2015-04-09,7.825297832489014,7.843623913268823,7.697606110843637,7.739578572877725,50176000
2015-04-10,7.906291961669922,7.91161226444859,7.8282572460413995,7.845401646619793,34164800
2015-04-13,7.838304042816162,7.952400048654022,7.831801152306733,7.89505662381224,43908800
2015-04-14,7.866090297698975,7.882052104604968,7.763227524875902,7.8182057790328106,45225600
2015-04-15,7.935850620269775,7.981369970252668,7.899197539776436,7.90924730154092,47715200
2015-04-16,7.93052864074707,7.977231478443599,7.8885561634801125,7.907473094938642,42201600
2015-04-17,7.748448848724365,7.845991326737596,7.679281314654614,7.822935782731639,89832000
2015-04-20,7.890329360961914,7.918705208324612,7.8241187497649785,7.831803330102671,46315200
2015-04-21,7.8708176612854,7.964222395953706,7.844806102004153,7.952399205930842,39377600
2015-04-22,7.947078704833984,7.964223098623599,7.819386978448822,7.901559374127286,41913600
2015-04-23,7.986687660217285,8.045804516615483,7.900967496798583,7.911609000017113,54478400
2015-04-24,8.022749900817871,8.048760562899302,7.983732554618106,8.02688761217447,39729600
2015-04-27,7.9553542137146,8.086001935179537,7.939983256800046,8.076543023547728,50787200
2015-04-28,8.006787300109863,8.012107600776506,7.848945399304549,7.955946766730306,55100800
2015-04-29,7.938806533813477,7.996741733831646,7.869049038596508,7.923436467592482,79048000
2015-04-30,7.784505844116211,7.924613382456004,7.718295265288231,7.890325503548233,90468800
2015-05-01,7.9482622146606445,7.952400828141251,7.843625112407642,7.853084027176088,57230400
2015-05-04,7.9991044998168945,8.046989025961995,7.977822387968854,7.988463894918853,46368000
2015-05-05,7.812884330749512,8.004422377302907,7.799878549557407,7.973090514081476,67000000
2015-05-06,7.7460832595825195,7.887963384117751,7.652087654526634,7.859587539621072,93884800
2015-05-07,7.806970596313477,7.845987931455111,7.70942816051088,7.738394837952693,54843200
2015-05-08,8.015063285827637,8.032206776825047,7.951807818176891,7.957129020670641,60043200
2015-05-11,7.934667587280273,8.033983511212284,7.930528972757113,8.006198505863022,42384000
2015-05-12,7.887371063232422,7.938211597046999,7.788055175065339,7.860177813780243,55436800
2015-05-13,7.8921027183532715,7.982551463860133,7.871411451529332,7.925799769686216,45873600
2015-05-14,8.054671287536621,8.063538454738959,7.957719683900813,7.984913833407309,45633600
2015-05-15,8.072406768798828,8.086003392938613,8.029842560833602,8.072997612613037,30716800
2015-05-18,8.120293617248535,8.146896029379837,8.052309574907223,8.05703813088675,31390400
2015-05-19,8.113788604736328,8.15812624738516,8.09132391047106,8.13388811957807,26710400
2015-05-20,8.102556228637695,8.173496276211893,8.076544667381773,8.123838333115119,22308000
2015-05-21,8.152213096618652,8.172313510789339,8.076543602245268,8.093096247761226,20428000
2015-05-22,8.114377975463867,8.156942176843677,8.107284242584395,8.115560564960942,14265600
2015-05-26,7.9417595863342285,8.074181691319499,7.900377960417517,8.069452233778762,34778400
2015-05-27,8.082457542419434,8.108469106341863,7.950035445201493,7.981959056216016,20912800
2015-05-28,8.068268775939941,8.080091967494015,8.006787638627747,8.0588107639277,28336800
2015-05-29,7.964222431182861,8.065903489522109,7.945304605421335,8.061174033081727,25803200
2015-06-01,7.997329235076904,8.058811278365527,7.928753456813345,8.028070256721215,37086400
2015-06-02,7.985507011413574,8.046988160108135,7.901561163171068,7.959495443947924,26419200
2015-06-03,8.030435562133789,8.083641287410579,7.983141884793933,8.03161815213155,29102400
2015-06-04,7.901559829711914,8.015064094182913,7.862542485097966,7.963040968030981,42716800
2015-06-05,7.866090297698975,7.9252071655933625,7.8046091519916105,7.875549213054512,39340000
2015-06-08,7.764409065246582,7.866090148257316,7.759679607658664,7.855449545223351,29508800
2015-06-09,7.764409065246582,7.811702739073961,7.706474788385239,7.766774245066441,27781600
2015-06-10,7.945307731628418,7.983142495986574,7.827073980252686,7.832986028642247,35219200
2015-06-11,7.994964599609375,8.03398104227704,7.967770446669646,7.992599420022419,31018400
2015-06-12,7.879095077514648,7.938211937881386,7.851901826894903,7.920476699361024,37148000
2015-06-15,7.8046088218688965,7.8329846646834405,7.710021476418046,7.7738677992896035,52836800
2015-06-16,7.8909196853637695,7.900378601212451,7.779780581323287,7.795150643038496,37437600
2015-06-17,7.916931629180908,7.972501634868095,7.822345172354381,7.919296809281418,44884000
2015-06-18,8.07536506652832,8.125023022457498,7.960678190654832,7.971318794617422,48420000
2015-06-19,7.983142852783203,8.065907023676418,7.977231706181387,8.06117756516378,23019200
2015-06-22,8.095462799072266,8.145120744037325,8.072998104042114,8.096645388824294,28890400
2015-06-23,8.102556228637695,8.134479836379654,8.06826834353231,8.10964996277962,23512800
2015-06-24,7.983952522277832,8.114158554924858,7.983952522277832,8.076280682631099,27688000
2015-06-25,7.933053016662598,8.04195267556197,7.933053016662598,8.033666920294804,19932800
2015-06-26,7.934237480163574,7.99105473653451,7.885706882688922,7.969748378280366,27628000
2015-06-29,7.611091613769531,7.857297300761518,7.594520103195444,7.800480951101673,59671200
2015-06-30,7.638316631317139,7.740113579856656,7.590969066378809,7.735378733054855,47496000
2015-07-01,7.751949787139893,7.793378565357387,7.684479804591506,7.776807054070389,35364800
2015-07-02,7.740112781524658,7.81113367006706,7.702234914096738,7.79456215950982,23533600
2015-07-06,7.693950176239014,7.762604102243047,7.60517382805164,7.619378368870318,31766400
2015-07-07,7.782725811004639,7.800481259630462,7.502192702879422,7.710520982184689,49491200
2015-07-08,7.529417037963867,7.6963160797861825,7.508110681233402,7.66909184251256,45748800
2015-07-09,7.551907062530518,7.7353780707633035,7.548356153503112,7.712888679229863,36599200
2015-07-10,7.744847774505615,7.7839095800215246,7.67382688461826,7.7330111100376575,29277600
2015-07-13,7.915299415588379,7.927136081227081,7.854931246827384,7.858482156211024,27017600
2015-07-14,7.987501621246338,8.012358881830828,7.910561965296589,7.910561965296589,21504000
2015-07-15,7.980402946472168,8.030117492838144,7.9389741578338535,7.996974461927493,24407200
2015-07-16,8.101133346557617,8.107051224535912,8.053785807335277,8.072724281176695,24529600
2015-07-17,8.117706298828125,8.124808114901425,8.070358751154282,8.104685700640834,15824800
2015-07-20,8.127177238464355,8.170972981755419,8.098768163644777,8.142564810015338,15590400
2015-07-21,8.059708595275879,8.137832218047413,8.034851325233959,8.115341920022926,21688000
2015-07-22,8.025383949279785,8.063261829796343,7.995791826904978,7.995791826904978,13934400
2015-07-23,7.943709373474121,8.051424228922746,7.910566341028391,8.047873318743546,17001600
2015-07-24,7.774437427520752,7.954357018517315,7.748396232082452,7.950806110608333,22997600
2015-07-27,7.684481143951416,7.743665381171769,7.6489711434670795,7.695134776252571,36130400
2015-07-28,7.869132995605469,7.889255410360139,7.688028553575298,7.759050328369583,35527200
2015-07-29,7.979217052459717,8.002890379461046,7.872685274794657,7.884521938295322,28096000
2015-07-30,7.983952522277832,8.001707972464219,7.880972536740271,7.9342379842197195,26016800
2015-07-31,7.96027946472168,8.03248430237297,7.936606132378196,8.03248430237297,21937600
2015-08-03,7.903461933135986,7.962646165055195,7.8217883071816825,7.957912221211804,35012000
2015-08-04,7.870318412780762,7.941339306001285,7.832440542857839,7.901094464305529,18974400
2015-08-05,7.929501056671143,8.020645255608676,7.902276822864484,7.95554225636758,20272800
2015-08-06,7.8087663650512695,7.9531760106669545,7.744847297168284,7.942522381146679,27496800
2015-08-07,7.7697038650512695,7.796929001979342,7.68802935734653,7.785091436223108,27556800
2015-08-10,7.961461544036865,7.969747298731142,7.865582493340771,7.865582493340771,30011200
2015-08-11,7.813502311706543,7.877421388592631,7.749583234820455,7.840726551831551,33119200
2015-08-12,7.831258296966553,7.8525637543060665,7.570847124833424,7.699869224894417,55163200
2015-08-13,7.815867900848389,7.883337875112068,7.768520344522406,7.8265215299845075,29604000
2015-08-14,7.870318412780762,7.878604168605162,7.786276917110516,7.80403236618556,19082400
2015-08-17,7.96027946472168,7.96027946472168,7.777991915821682,7.8217885740448425,23092800
2015-08-18,7.911746978759766,7.966197261944248,7.892808495848335,7.937788182957658,17944800
2015-08-19,7.786277770996094,7.916482906692666,7.716440807543113,7.846645943239685,50494400
2015-08-20,7.463130474090576,7.701050853278906,7.457212142063563,7.653704197062801,68294400
2015-08-21,6.997942924499512,7.385007826054778,6.990841106193796,7.30096633147845,100240800
2015-08-24,6.419121265411377,6.868921304449999,5.91842275456035,6.265242364100772,86661600
2015-08-25,6.265242576599121,6.834595027452901,6.254589397217996,6.834595027452901,69799200
2015-08-26,6.750553131103516,6.767124643261551,6.340998367764098,6.584837557983325,57304000
2015-08-27,7.078433990478516,7.092638079594086,6.801451769255712,6.936391744703259,66073600
2015-08-28,7.077250003814697,7.121046205554056,6.986106239653456,7.022800623107406,41505600
2015-08-31,6.967168807983398,7.070149259195634,6.919821235347473,6.999128351781661,37468000
2015-09-01,6.544592380523682,6.760022945509564,6.477122393222601,6.639287059933984,81476000
2015-09-02,6.797900676727295,6.800268100106088,6.594306781549555,6.749369626311652,53676800
2015-09-03,6.8085527420043945,6.982554493783191,6.767123516964804,6.8547163614869895,46442400
2015-09-04,6.602592945098877,6.690185809360818,6.532755531503774,6.620348395765716,50857600
2015-09-08,6.939943790435791,6.944678186248247,6.778962592775008,6.833411982707362,36719200
2015-09-09,6.747001647949219,7.076065794356461,6.716226049636086,7.067780038982164,40766400
2015-09-10,6.819207191467285,6.9162692945171775,6.710307971252863,6.731614330609167,42141600
2015-09-11,6.879574298858643,6.883125659463158,6.729246310742034,6.786063565016184,24742400
2015-09-14,6.829860210418701,6.898513682197954,6.791982339463284,6.898513682197954,26164000
2015-09-15,7.000309944152832,7.038187811398735,6.8369613594425065,6.871288317740292,26920800
2015-09-16,7.125782012939453,7.13880261693815,6.999127785653745,7.02516854211126,30150400
2015-09-17,7.090269565582275,7.311618416611697,7.060677456296106,7.109208497463834,60553600
2015-09-18,6.860635280609131,7.010963266885055,6.8251248357774505,6.877206791427928,67630400
2015-09-21,6.925736904144287,7.014513230022194,6.841695424016074,6.929288264226429,39931200
2015-09-22,6.751737117767334,6.788431051658995,6.654675015957384,6.75055318029608,49998400
2015-09-23,6.722146034240723,6.802636636125359,6.680716795645443,6.761207397530081,31843200
2015-09-24,6.684267520904541,6.717410547394522,6.517367999374484,6.626266773007204,60435200
2015-09-25,6.6747965812683105,6.823941075723577,6.602591757139626,6.797899873174927,80169600
2015-09-28,6.337446689605713,6.607326601243322,6.316140333261713,6.600224331948727,75724000
2015-09-29,6.345732688903809,6.455815383737894,6.267609529815728,6.356385867485811,66328800
2015-09-30,6.5812859535217285,6.594306555889595,6.434509321378082,6.498428395798617,63759200
2015-10-01,6.619163513183594,6.640469870325843,6.4593662861565315,6.615612604173154,53401600
2015-10-02,6.815656661987305,6.815656661987305,6.412019749205513,6.453448984280825,74792000
2015-10-05,7.055943489074707,7.074882423314617,6.9079829242192226,6.91390125650548,37464800
2015-10-06,7.007412910461426,7.091454408549786,6.951779589862729,7.05002562823576,35321600
2015-10-07,7.122227668762207,7.1518197739869915,6.986104255652011,7.084349810197657,39704800
2015-10-08,7.251251697540283,7.2749254799678,7.065413250525012,7.089087032952529,45593600
2015-10-09,7.2583537101745605,7.2997824892977725,7.2062717519139765,7.265455980112751,23751200
2015-10-12,7.27137565612793,7.290314594589217,7.229946869350085,7.26900823237778,13438400
2015-10-13,7.182597637176514,7.318721536335801,7.167209612127423,7.211005812531968,21977600
2015-10-14,7.106841087341309,7.226393010395354,7.086718218189784,7.1814128777681985,28014400
2015-10-15,7.329374313354492,7.329374313354492,7.137617548009934,7.170761021536755,28884800
2015-10-16,7.3885579109191895,7.395660179972377,7.298598093944329,7.361333223524958,26463200
2015-10-19,7.39684534072876,7.402763673482121,7.31398732756216,7.342395505394234,19736800
2015-10-20,7.38027286529541,7.437090120100926,7.343578933844123,7.3648852915112375,17704000
2015-10-21,7.295048713684082,7.431172179176532,7.277293263100784,7.421702936661341,32178400
2015-10-22,7.531785011291504,7.554274855465493,7.362518082423538,7.376722170768172,40262400
2015-10-23,7.705785751342773,7.736561800553894,7.615825478383891,7.683296360412743,38832000
2015-10-26,7.66790771484375,7.693948917210115,7.634764694770038,7.688030133734281,19144000
2015-10-27,7.633581638336182,7.666724662234435,7.576765283961941,7.612275279675924,20084000
2015-10-28,7.807583808898926,7.809951683913217,7.60635778051049,7.665542012751761,32535200
2015-10-29,7.801665306091309,7.832440454188021,7.754317743453756,7.766154408343233,20513600
2015-10-30,7.729457855224609,7.84427445910616,7.716437257337539,7.819417200343391,22090400
2015-11-02,7.909379959106445,7.9330532883721405,7.750766666251117,7.7578684844149,21087200
2015-11-03,7.956727504730225,8.011176884395619,7.865583290773222,7.886889648301387,17909600
2015-11-04,7.911746978759766,7.9957893752455576,7.866767291650443,7.988686653959095,22628800
2015-11-05,7.893992900848389,7.960278949584336,7.817053221091489,7.920034106588849,21389600
2015-11-06,7.8880743980407715,7.910564695269897,7.769705933600688,7.864401066384641,26251200
2015-11-09,7.741297245025635,7.8442772243335,7.654887874321671,7.833624496713923,30615200
2015-11-10,7.767338275909424,7.777991003290267,7.673827088888045,7.699868293258509,18394400
2015-11-11,7.712890625,7.802850019987496,7.70933881199695,7.8004830477319675,20208000
2015-11-12,7.4986419677734375,7.663174059477514,7.497458481818236,7.622929215442713,34828000
2015-11-13,7.328192234039307,7.484438584166692,7.321089963019009,7.460764798972262,43609600
2015-11-16,7.549540042877197,7.5542748895267,7.302149949688555,7.312803128880021,33580800
2015-11-17,7.532968044281006,7.654887402617044,7.497457599784468,7.580315604636255,44875200
2015-11-18,7.779175758361816,7.791012424389006,7.577948823580663,7.581500636160578,32996000
2015-11-19,7.764970779418945,7.80284865041788,7.741297448699491,7.766154716878821,16680800
2015-11-20,7.821786880493164,7.882154135822419,7.788643861156425,7.833623544102064,19141600
2015-11-23,7.805215358734131,7.872685334587848,7.762602647344462,7.824153839863125,17185600
2015-11-24,7.82296895980835,7.860847723660533,7.680927207680406,7.71643809725211,25356000
2015-11-25,7.824153900146484,7.853746010890669,7.800480572782957,7.838358438412332,12291200
2015-11-27,7.837175369262695,7.85493081829193,7.787460834444562,7.8300735508828625,7873600
2015-11-30,7.7756218910217285,7.864398207074815,7.764968263494077,7.851377608474011,27885600
2015-12-01,7.922397613525391,7.934234273754299,7.805213142024403,7.82888646248222,26833600
2015-12-02,7.759052753448486,7.944891195674348,7.737746394966811,7.917666053083448,25401600
2015-12-03,7.537703037261963,7.8052159908556265,7.477334874057636,7.783909633435253,38038400
2015-12-04,7.832439422607422,7.862031532473474,7.564926948095812,7.577947097143475,38281600
2015-12-07,7.736562728881836,7.806399687805891,7.653705166924533,7.806399687805891,22770400
2015-12-08,7.634764194488525,7.716438705089426,7.548355289572883,7.596886330732072,28233600
2015-12-09,7.514030456542969,7.7626045156289685,7.4299889508196495,7.5791330250393445,46811200
2015-12-10,7.553091526031494,7.667908624133642,7.499825629210994,7.524682897213949,28891200
2015-12-11,7.252434730529785,7.42525255308016,7.232311859937051,7.370803176365349,54960800
2015-12-14,7.334110260009766,7.338845107158148,7.121047105271215,7.2761099628316535,58331200
2015-12-15,7.490355491638184,7.564927742765324,7.451294137312412,7.4631308018863285,34160800
2015-12-16,7.7034196853637695,7.733011800716507,7.470233671891447,7.582683348999972,43472000
2015-12-17,7.478518962860107,7.738929200533305,7.47023320719995,7.734194354001839,32440000
2015-12-18,7.19561767578125,7.415783049481566,7.19561767578125,7.407497294689813,45567200
2015-12-21,7.317537784576416,7.33647671914038,7.209822509580153,7.308068543064342,34292000
2015-12-22,7.451002597808838,7.479500655653213,7.31207575484082,7.397569022451422,30472000
2015-12-23,7.63267707824707,7.640988918264423,7.532934545077536,7.542434049646687,26417600
2015-12-24,7.601803779602051,7.6599875628772685,7.593492392941532,7.6101156192238575,8244000
2015-12-28,7.578054428100586,7.579242092361229,7.484248881802518,7.547181951741844,17292000
2015-12-29,7.734793186187744,7.764478453529859,7.669485235666105,7.674234987151539,20361600
2015-12-30,7.63148832321167,7.721731791878233,7.614864645552367,7.711045530206891,13340000
2015-12-31,7.480688095092773,7.623177029773139,7.475938343147088,7.567369029775797,37656000
2016-01-04,7.265766143798828,7.265766143798828,7.0876545330732625,7.220644861880451,58936000
2016-01-05,7.297825813293457,7.36194609769374,7.1945212126227025,7.296638601935475,39704000
2016-01-06,7.10190486907959,7.194522775807115,7.018786014163476,7.072219596106787,47102400
2016-01-07,6.763491153717041,7.004535830809474,6.7326186752069335,6.8489848679930745,72752000
2016-01-08,6.618628025054932,6.886982667628531,6.591317177939448,6.85611018600764,63688800
2016-01-11,6.622189998626709,6.717182770781759,6.47020156317863,6.69343446450268,67857600
2016-01-12,6.7254958152771,6.795553082226292,6.561632970843822,6.752806213855755,58816000
2016-01-13,6.395394802093506,6.816925556101136,6.366896742873928,6.7955521249267745,76050400
2016-01-14,6.6043782234191895,6.699370989356943,6.319399925605929,6.452389797918784,65778400
2016-01-15,6.318212032318115,6.3894569439109965,6.167410823685254,6.245779909364568,94068800
2016-01-19,6.3336501121521,6.477326730358902,6.214909015526047,6.4595158376417965,75782400
2016-01-20,6.184035778045654,6.30158919575865,5.864621977050604,6.130602200466438,122976000
2016-01-21,6.2481560707092285,6.389458258648382,6.1116040880738325,6.211346622458576,82689600
2016-01-22,6.501074314117432,6.516510781783765,6.390645070353054,6.452390488057104,53171200
2016-01-25,6.309901237487793,6.476138939070246,6.288527805771155,6.45951525950426,50050400
2016-01-26,6.472576141357422,6.49751211267713,6.330087206188516,6.349085761075122,39936800
2016-01-27,6.336022853851318,6.567568004857464,6.262403525574489,6.429828397293791,58720000
2016-01-28,6.403706073760986,6.471388448823711,6.267153659252686,6.457139646958201,52557600
2016-01-29,6.70530891418457,6.714807965018695,6.453577499141841,6.4595149154946,50482400
2016-02-01,6.711246013641357,6.771803766200316,6.583005427571165,6.626939954073702,35754400
2016-02-02,6.459514617919922,6.587754742521143,6.42151751041132,6.584192655242601,60852800
2016-02-03,6.54025936126709,6.574693932624982,6.2564677797303725,6.547383536670162,73552800
2016-02-04,6.5592570304870605,6.638813331474305,6.452389884276029,6.504635793000731,41268800
2016-02-05,6.3158392906188965,6.522449015197552,6.261218490348707,6.522449015197552,64092800
2016-02-08,6.140101432800293,6.187598048264533,5.965552344835997,6.167411828155778,66372000
2016-02-09,6.134163856506348,6.238656128315556,5.994049353137097,6.001173980633605,60628000
2016-02-10,6.127039432525635,6.330087019788683,6.11991525775374,6.203034102795549,49424800
2016-02-11,5.977425575256348,6.0510449129767725,5.855122416194171,5.935866381291892,78288800
2016-02-12,6.214908123016357,6.218470210455967,6.042733467041948,6.103291671282949,44756000
2016-02-16,6.42033052444458,6.4262674881899216,6.28496575802109,6.369271820904309,44642400
2016-02-17,6.632876873016357,6.664937019318479,6.510573704241109,6.518885543694109,44727200
2016-02-18,6.579443454742432,6.662562304241071,6.554507935781227,6.654250464587336,25282400
2016-02-19,6.572319030761719,6.586568287434662,6.469014411170048,6.514136151378429,33218400
2016-02-22,6.761116027832031,6.776552492996554,6.696996197458652,6.69937062013515,28823200
2016-02-23,6.600815773010254,6.731430762366891,6.585379307844436,6.704120371972729,26749600
2016-02-24,6.656624794006348,6.674435683389801,6.387082500759908,6.478513182404306,58596800
2016-02-25,6.815738677978516,6.815738677978516,6.628127540262062,6.692247836921709,43501600
2016-02-26,6.783679008483887,6.8929206004642,6.770617415320732,6.890545724165323,50137600
2016-02-29,6.663749694824219,6.860859881694089,6.663749694824219,6.784865658268785,36776800
2016-03-01,6.992663383483887,6.995038259865385,6.738557499161142,6.778929491723909,40967200
2016-03-02,7.055593013763428,7.056780677928441,6.9309150011455625,6.966537225756215,43056800
2016-03-03,7.104279518127441,7.109028817400638,6.990287729305936,7.038971557306311,27195200
2016-03-04,7.147024631500244,7.21826954319623,7.056781620238796,7.124463991925188,37190400
2016-03-07,7.168397426605225,7.199270354835177,7.072217461103961,7.073404672361491,25727200
2016-03-08,7.004536151885986,7.117339809773875,6.993849437111621,7.074593403637662,33855200
2016-03-09,7.07578182220459,7.1066543073966955,7.01047431098032,7.074594610565455,29785600
2016-03-10,7.082905292510986,7.195708951194124,6.935666160466294,7.131589115057144,49216800
2016-03-11,7.3180131912231445,7.320388067277151,7.2028341938909435,7.207583945998956,28993600
2016-03-14,7.293076038360596,7.3381977701587555,7.245579883854148,7.27289027461163,18380000
2016-03-15,7.277641296386719,7.277641296386719,7.193335233727713,7.207584037270896,20338400
2016-03-16,7.360759735107422,7.3916322165482775,7.230144275568359,7.230144275568359,30448000
2016-03-17,7.449814796447754,7.493748864724501,7.319199350031884,7.353634368420168,26676000
2016-03-18,7.510373592376709,7.538871651951146,7.468814393998667,7.491375036980848,25070400
2016-03-21,7.529372215270996,7.549558435350788,7.467626796440598,7.4854381404544545,18249600
2016-03-22,7.519874095916748,7.572120016958319,7.449816828653935,7.461690757493863,21001600
2016-03-23,7.4094438552856445,7.486625288447423,7.39044529988076,7.471188820630552,24322400
2016-03-24,7.3999433517456055,7.402318227470652,7.299013624717884,7.315637301831981,20699200
2016-03-28,7.405879497528076,7.452188436654405,7.369070060253907,7.436752425586415,20502400
2016-03-29,7.551931858062744,7.551931858062744,7.346509861664983,7.373820253363517,27072000
2016-03-30,7.612491607666016,7.671862154657064,7.57805658170049,7.631489711623372,26584000
2016-03-31,7.578054428100586,7.637424958219181,7.559055876581083,7.601802277779066,19315200
2016-04-01,7.675422191619873,7.689671445222412,7.459313494554627,7.486623884517686,22890400
2016-04-04,7.626740455627441,7.686110999431127,7.598242395298699,7.670674078251702,24824000
2016-04-05,7.47593879699707,7.550745809318546,7.44981606563249,7.505624069017829,28215200
2016-04-06,7.63267707824707,7.6398012537126245,7.456940320369569,7.479501417240646,29738400
2016-04-07,7.449814796447754,7.569743075677111,7.38925659818405,7.540057808713671,34036800
2016-04-08,7.496123790740967,7.589928890724399,7.446252306367879,7.554306660721467,30104000
2016-04-11,7.455753326416016,7.604179692431808,7.4486286977811815,7.549558898448714,31383200
2016-04-12,7.599427700042725,7.618426704135572,7.433190037919815,7.469999928907924,32199200
2016-04-13,7.746667861938477,7.75379294281768,7.662361803235422,7.670673642659032,33372800
2016-04-14,7.747855186462402,7.790602046171857,7.718169917548753,7.753792602614137,21731200
2016-04-15,7.726482391357422,7.757355327222209,7.7039212952343945,7.743106070840941,22405600
2016-04-18,7.836912155151367,7.84047424300154,7.673049772584901,7.674236531253193,20152000
2016-04-19,7.883219242095947,7.910530085683758,7.816724535513357,7.876095068082793,27555200
2016-04-20,7.901033401489258,7.963966043514454,7.849974689029102,7.895095983745359,24347200
2016-04-21,7.814350605010986,7.912905924130817,7.794164837747194,7.898656667632648,32085600
2016-04-22,7.821475982666016,7.840474086127699,7.738356675493587,7.788227716243466,21172800
2016-04-25,7.785852432250977,7.788226855200192,7.709858214960676,7.762104579068706,19062400
2016-04-26,7.814350605010986,7.8559107099833305,7.771603741439075,7.820288021699206,16622400
2016-04-27,7.847595691680908,7.879656283036775,7.747853642845615,7.782288656635609,26438400
2016-04-28,7.708671569824219,7.87490928184892,7.665924703705791,7.779916044714048,34266400
2016-04-29,7.6231770515441895,7.677798746114295,7.5222473136971395,7.64930023435879,46917600
2016-05-02,7.737170219421387,7.7549806590123955,7.626740964343811,7.6623627494484925,26954400
2016-05-03,7.602992057800293,7.650488676297007,7.540059423309272,7.6267408200099736,39915200
2016-05-04,7.513935089111328,7.581617465697019,7.474750769859154,7.517497629378802,38432000
2016-05-05,7.519874095916748,7.58993091021821,7.4783144390543015,7.560245635157041,20032000
2016-05-06,7.56855583190918,7.574492794684213,7.435565510350066,7.449814764563616,19950400
2016-05-09,7.586366653442383,7.618427248659989,7.543619797100535,7.555494175507283,13354400
2016-05-10,7.766853332519531,7.770415419446739,7.636237439039139,7.644549277176762,12608000
2016-05-11,7.625550746917725,7.7609154780292045,7.625550746917725,7.7276681273593475,17030400
2016-05-12,7.630302429199219,7.694422724259013,7.54005895030885,7.6825478909377765,21756000
2016-05-13,7.496123790740967,7.649299425049694,7.467625734961883,7.599428393637837,20914400
2016-05-16,7.640989780426025,7.683736649887874,7.5044377840466305,7.511561960316032,14613600
2016-05-17,7.504436016082764,7.640987980291994,7.454564529139335,7.616052463300907,20065600
2016-05-18,7.506810188293457,7.6041778242416855,7.409442552345229,7.467625419870745,30198400
2016-05-19,7.454565048217773,7.474751267874209,7.345323469243648,7.437941369066171,27193600
2016-05-20,7.54005765914917,7.5899286892371185,7.499685678761261,7.50443543009189,17992000
2016-05-23,7.521060466766357,7.569744294305399,7.506811663159182,7.545995986319239,7615200
2016-05-24,7.714608192443848,7.745481127221896,7.593492235234159,7.597054322723443,12191200
2016-05-25,7.815539360046387,7.858286229582829,7.775167819885702,7.77635457865086,24442400
2016-05-26,7.823846817016602,7.85471974014314,7.798911308079779,7.838096067518591,8723200
2016-05-27,7.887965679168701,7.8915277646786155,7.8380946701857885,7.841656755695703,15307200
2016-05-31,7.865409851074219,7.928342486252021,7.813164385488064,7.9164685579789245,18007200
2016-06-01,7.897472381591797,7.910533977657158,7.7917928540977925,7.807228874028273,10792800
2016-06-02,7.9437761306762695,7.94377613067627,7.817910006331309,7.860656855214914,16033600
2016-06-03,7.893905162811279,7.925964846731577,7.787038039873138,7.893905162811279,24094400
2016-06-06,7.978212833404541,8.005522772359829,7.9129048821245505,7.92952855955537,15306400
2016-06-07,7.998398780822754,8.049457478647986,7.9853371902682175,7.988899277524456,9928000
2016-06-08,8.049457550048828,8.062519140719223,8.003148603461971,8.012648106844534,10556000
2016-06-09,8.028083801269531,8.039957727064472,7.961589092079888,7.985336943669769,16053600
2016-06-10,7.87965726852417,7.935465714890442,7.827410909215754,7.908154870909467,29064800
2016-06-13,7.756165027618408,7.898653919331345,7.746665526591604,7.825035051179316,18420000
2016-06-14,7.726482391357422,7.773979006705728,7.637426577300318,7.720544974717914,33176800
2016-06-15,7.701547145843506,7.810788730881222,7.683735801214556,7.757355602916992,23292000
2016-06-16,7.750231742858887,7.760918913689479,7.5388731679196255,7.623178793170143,32186400
2016-06-17,7.688483715057373,7.740730071896562,7.632675271328677,7.739542407625924,25310400
2016-06-20,7.785852432250977,7.917655101034395,7.779915015994145,7.860658985105405,36440800
2016-06-21,7.830975532531738,7.866598226492498,7.783479815147711,7.821476932608577,30184800
2016-06-22,7.804459095001221,7.910278167147383,7.792569484883953,7.848451650266128,17014400
2016-06-23,8.004209518432617,8.008965545025925,7.892445161288209,7.928114907178349,19823200
2016-06-24,7.422797203063965,7.711719185773101,7.396639515450268,7.457277708816644,88425600
2016-06-27,7.161221504211426,7.3157887059821665,7.098205753184481,7.3157887059821665,75303200
2016-06-28,7.4180426597595215,7.422798686377796,7.274176256254196,7.302711508844517,45063200
2016-06-29,7.677239894866943,7.6938855337789125,7.535751510555562,7.5405070834163785,40388000
2016-06-30,7.878176212310791,7.888876589393594,7.667726391824511,7.716474973074921,31797600
2016-07-01,7.915033340454102,7.960214216883008,7.87341925596445,7.875796814884284,22857600
2016-07-05,7.803271293640137,7.852019883320426,7.750956818101394,7.847263856977037,30904000
2016-07-06,7.896011829376221,7.906712207472878,7.702207626290898,7.7580897975579735,34842400
2016-07-07,7.882932186126709,7.969727156737198,7.8211047618789955,7.913844991131456,38462400
2016-07-08,8.119540214538574,8.140941879451594,7.9804298461635765,7.999453044353334,32104800
2016-07-11,8.180176734924316,8.227735174182985,8.144506998361233,8.165908658875267,24408000
2016-07-12,8.296695709228516,8.322853393604603,8.243192014545812,8.263404440793142,19234400
2016-07-13,8.291942596435547,8.334745930062658,8.249139262808436,8.33355669659542,18102400
2016-07-14,8.383493423461914,8.428674310973562,8.350202147703937,8.408461880280395,36532800
2016-07-15,8.365655899047852,8.43818368699758,8.322852584614603,8.436994454063617,22346400
2016-07-18,8.409650802612305,8.423917973341435,8.351390165071027,8.375170294818242,13854400
2016-07-19,8.389434814453125,8.393001606008287,8.349009967336066,8.370411623785953,13005600
2016-07-20,8.461965560913086,8.4809896653563,8.394193776292777,8.43343031136749,14978400
2016-07-21,8.3930025100708,8.469098002292938,8.356144450538695,8.450073902457651,14103200
2016-07-22,8.475046157836914,8.47623539139025,8.383495130857062,8.406085125653982,15501600
2016-07-25,8.429864883422852,8.457210904088466,8.372793467972139,8.451266550826947,12309600
2016-07-26,8.431051254272461,8.464342524015366,8.356144990231858,8.417972411570739,16763200
2016-07-27,8.413214683532715,8.47266362664704,8.344253691811565,8.469096835199203,21241600
2016-07-28,8.431051254272461,8.45958649874937,8.354955757135592,8.39657075143329,10680000
2016-07-29,8.460777282714844,8.491690091931568,8.38468177162959,8.409651135632744,14130400
2016-08-01,8.444131851196289,8.498825705433598,8.403706984373198,8.464345191727187,11783200
2016-08-02,8.33950138092041,8.435808421371165,8.259839979384125,8.421541249226927,18551200
2016-08-03,8.389434814453125,8.389434814453125,8.303828188653577,8.32641907799482,11428800
2016-08-04,8.400139808654785,8.429864294243005,8.35852571025514,8.39300531527248,7913600
2016-08-05,8.534491539001465,8.541625123076237,8.454830159769742,8.466719768934038,10889600
2016-08-08,8.530923843383789,8.565404341291458,8.504766161721491,8.558270757972265,7153600
2016-08-09,8.535683631896973,8.583242991607747,8.508336705249492,8.535683631896973,9366400
2016-08-10,8.498822212219238,8.55470346272042,8.463152479702844,8.549948345029282,21488800
2016-08-11,8.572539329528809,8.596319456354914,8.520224864749549,8.542814851335491,9877600
2016-08-12,8.558274269104004,8.578486701546733,8.522604523636227,8.542816956078957,12643200
2016-08-15,8.60702133178711,8.639124281812514,8.590375693669953,8.591564926998105,7833600
2016-08-16,8.521416664123535,8.57492129095171,8.519039104031362,8.566598469949922,15710400
2016-08-17,8.54757022857666,8.56183830359044,8.444128725744553,8.521412544610909,18324000
2016-08-18,8.587998390197754,8.590375949805706,8.538060567238064,8.546383386544802,9495200
2016-08-19,8.565403938293457,8.579672011379479,8.501198970084705,8.542813049353647,11139200
2016-08-22,8.56184196472168,8.58205439929498,8.50595978092069,8.539251063069518,13209600
2016-08-23,8.590373992919922,8.645066922636474,8.590373992919922,8.615342445152322,10506400
2016-08-24,8.511902809143066,8.589186649024304,8.469100386701006,8.580863829782896,19748000
2016-08-25,8.49644660949707,8.532116354033917,8.457210071930396,8.471478151168991,13648000
2016-08-26,8.461965560913086,8.604643622879522,8.38230416457538,8.511902474397687,37726400
2016-08-29,8.542815208435059,8.567783662306866,8.469099079990428,8.475043431606121,8838400
2016-08-30,8.513092041015625,8.560651396866515,8.465532685164737,8.5368721725007,8312800
2016-08-31,8.469099998474121,8.495256781234325,8.395382954915668,8.488123195674198,20139200
2016-09-01,8.466720581054688,8.494067501162792,8.363279066453314,8.467909814220898,41115200
2016-09-02,8.541627883911133,8.58324289011557,8.491690965008997,8.542817117347658,19932000
2016-09-06,8.595129013061523,8.598695804803473,8.503577125129693,8.5713488895836,11318400
2016-09-07,8.596323013305664,8.609401861691962,8.53806235881417,8.57610967035991,13220000
2016-09-08,8.555895805358887,8.58562029088631,8.52498208641696,8.561841065312095,15239200
2016-09-09,8.139750480651855,8.434617684662628,8.139750480651855,8.434617684662628,58343200
2016-09-12,8.376362800598145,8.410843325597277,8.066038982725605,8.074362712629897,42487200
2016-09-13,8.134994506835938,8.281239330276843,8.079112345904202,8.257459204817044,76755200
2016-09-14,8.121915817260742,8.24438051754352,8.076734938716518,8.139750684911032,35073600
2016-09-15,8.291942596435547,8.321667083281078,8.09695003529842,8.11121811554724,32788000
2016-09-16,8.224170684814453,8.249139144552439,8.162344152194583,8.226549151714835,24916000
2016-09-19,8.226548194885254,8.339500867293765,8.198012038115735,8.28361869418583,24170400
2016-09-20,8.228926658630371,8.315722557549957,8.224170631979499,8.301454477597341,22347200
2016-09-21,8.406356811523438,8.427777349526902,8.227852630800966,8.287354024375123,27960800
2016-09-22,8.517033576965332,8.543214348122124,8.481332360311587,8.501563533972526,23041600
2016-09-23,8.421828269958496,8.490850116067099,8.415878674347361,8.480140299215437,20584000
2016-09-26,8.287355422973633,8.364707429258033,8.269504820305023,8.350426765539272,18380000
2016-09-27,8.388507843017578,8.396838003420996,8.238564955756054,8.273074971770649,18377600
2016-09-28,8.471808433532715,8.484898812329051,8.321864672359617,8.40992647778291,15708000
2016-09-29,8.320673942565918,8.487278011802106,8.269502712184499,8.452767097552393,35818400
2016-09-30,8.445630073547363,8.505131482088157,8.37184800010578,8.388508321863647,20559200
2016-10-03,8.396839141845703,8.419449969400246,8.34447851560502,8.40278964633464,16015200
2016-10-04,8.3230562210083,8.431348298171514,8.26117425584133,8.412308322064286,28216000
2016-10-05,8.38969898223877,8.425400192139493,8.365898780917941,8.371848377288408,10866400
2016-10-06,8.403980255126953,8.418260013783636,8.31829807150867,8.36232853792617,17480000
2016-10-07,8.342093467712402,8.437296040857715,8.27426192942005,8.421825100668162,43132000
2016-10-10,8.425399780273438,8.468240866892275,8.413498772275307,8.425399780273438,10836800
2016-10-11,8.220715522766113,8.393269259077965,8.148123725523867,8.38612937997857,47496000
2016-10-12,8.238563537597656,8.281403706641308,8.181441799007397,8.226662532281894,18868800
2016-10-13,8.181445121765137,8.225476498726056,8.042212019048165,8.11718348022201,33629600
2016-10-14,8.189774513244629,8.309967622664898,8.183824008730149,8.268316814822088,27291200
2016-10-17,8.136221885681152,8.207623385175218,8.114801345041,8.183822280064312,18282400
2016-10-18,8.227853775024414,8.276645360341748,8.198103074099992,8.267124918145292,17147200
2016-10-19,8.268316268920898,8.302826287483965,8.223094616603369,8.252845321372499,13704800
2016-10-20,8.244514465332031,8.294495427230046,8.18501306080981,8.24213480863567,22104000
2016-10-21,8.246895790100098,8.25879589051755,8.157643675090007,8.174303997258335,14867200
2016-10-24,8.314726829528809,8.35280769318136,8.28854606553279,8.326626929185341,10231200
2016-10-25,8.264747619628906,8.32662961044053,8.250467858610607,8.305209060993382,17746400
2016-10-26,8.229043960571289,8.283785140678587,8.169542559421705,8.189772817911924,16666400
2016-10-27,8.188586235046387,8.29687926986368,8.180256071438883,8.29687926986368,24264800
2016-10-28,8.137408256530762,8.2445109202006,8.07552722192096,8.185009541263911,41013600
2016-10-31,8.135031700134277,8.18620294183176,8.12313160139705,8.168352339766251,18393600
2016-11-01,8.023170471191406,8.169544349578153,7.9124978044851915,8.167163784575703,43204800
2016-11-02,7.922016620635986,8.025549386897328,7.885126041954983,7.991038464810214,30325600
2016-11-03,7.849426746368408,7.9589091346971435,7.825626542964617,7.938678871011966,20912000
2016-11-04,7.828004360198975,7.9327274095679075,7.820864482439947,7.856564779154434,22587200
2016-11-07,8.168354988098145,8.179065715977801,8.037452043708806,8.046972488953028,34184800
2016-11-08,8.242134094238281,8.299254929193742,8.115990510199646,8.139791614697172,28989600
2016-11-09,8.426589965820312,8.477761218211553,8.093382591947643,8.242136127047814,66555200
2016-11-10,8.463481903076172,8.574154575302535,8.332578058997997,8.496802551416225,63530400
2016-11-11,8.425399780273438,8.446820323582855,8.340906981500023,8.399219015348654,39172800
2016-11-14,8.439681053161621,8.490852309819026,8.37065918922008,8.474191985132391,28949600
2016-11-15,8.568202018737793,8.568202018737793,8.456339090736744,8.474189693192987,19215200
2016-11-16,8.53844928741455,8.557490167619727,8.502748090989412,8.51345881308461,12002400
2016-11-17,8.626510620117188,8.628891183973131,8.543209043540939,8.550348919270592,21517600
2016-11-18,8.588436126708984,8.645557898584045,8.568205858554807,8.63246751144434,12876000
2016-11-21,8.709817886352539,8.715767483420583,8.624135698880334,8.637226083517454,17889600
2016-11-22,8.747896194458008,8.764556514038224,8.680064633904461,8.746705912225329,15255200
2016-11-23,8.757416725158691,8.7621769467118,8.681254996147805,8.70029588236024,20726400
2016-11-25,8.821681022644043,8.822871305372216,8.781220489083186,8.790740935069163,6759200
2016-11-28,8.745513916015625,8.819295965353176,8.728853599700557,8.791924926881766,26615200
2016-11-29,8.774078369140625,8.813348609950344,8.712196393945636,8.741947099118754,18360800
2016-11-30,8.722904205322266,8.844286642386233,8.722904205322266,8.830005981823756,25120800
2016-12-01,8.657456398010254,8.755038688104031,8.631275628584188,8.755038688104031,39560800
2016-12-02,8.671733856201172,8.715764308560315,8.638412311495776,8.670543574053308,17010400
2016-12-05,8.774078369140625,8.807399013667402,8.731237281057776,8.746707320896789,18279200
2016-12-06,8.831196784973145,8.83357734916695,8.749084570752062,8.794306211242152,21093600
2016-12-07,9.056112289428711,9.068012387044615,8.805016325680368,8.813346484803425,32771200
2016-12-08,9.108474731445312,9.151315813539249,9.034692666079234,9.059683145980806,30206400
2016-12-09,9.212007522583008,9.215577461447205,9.123944793642499,9.12513507590368,18606400
2016-12-12,9.191777229309082,9.251278637151692,9.15488664698088,9.20486761166801,19416000
2016-12-13,9.315539360046387,9.36195038101366,9.250088362540424,9.250088362540424,25861600
2016-12-14,9.164408683776855,9.353622757818323,9.120377307465514,9.285791177398984,63384800
2016-12-15,9.231045722961426,9.316727870892928,9.171544332222233,9.183444428786238,24421600
2016-12-16,9.203675270080566,9.284597202957972,9.17035463441091,9.279837890364503,19365600
2016-12-19,9.233428955078125,9.279840893114994,9.202488873612909,9.219149196838647,17498400
2016-12-20,9.303644180297852,9.325064732679067,9.269133239910346,9.295314015922925,18470400
2016-12-21,9.26241397857666,9.31364681813027,9.258839742400497,9.299349873425612,18748000
2016-12-22,9.22905158996582,9.254072147767921,9.188542375146826,9.24334944114363,22940000
2016-12-23,9.251690864562988,9.251690864562988,9.21118073531336,9.227861109412556,8256800
2016-12-27,9.2957763671875,9.332712268548669,9.271947515803609,9.27552175260995,23036000
2016-12-28,9.148035049438477,9.317222249571032,9.132546387684043,9.317222249571032,25183200
2016-12-29,9.138501167297363,9.180203009706785,9.095608518942429,9.149224783892183,12317600
2016-12-30,9.07178020477295,9.173054165810928,9.005058707432582,9.169479929740868,19888000
2017-01-03,9.20522689819336,9.25288551459938,9.09680352314435,9.189737325179214,24531200
2017-01-04,9.31364917755127,9.327947034890245,9.235013234718107,9.237395756435028,19205600
2017-01-05,9.296968460083008,9.314840553853058,9.225480994015255,9.289819986179968,19476800
2017-01-06,9.364880561828613,9.407773218108217,9.258840636307466,9.310073480807418,22015200
2017-01-09,9.302926063537598,9.354158913851876,9.299351826610721,9.338669341818814,20226400
2017-01-10,9.30173397064209,9.382753337408142,9.264798978547057,9.304116492159148,17085600
2017-01-11,9.352965354919434,9.352965354919434,9.231436778298615,9.291009806036955,25768000
2017-01-12,9.310073852539062,9.323179992981816,9.176629926673014,9.304116185424219,37748000
2017-01-13,9.34938907623291,9.376792153959212,9.318410854053031,9.321985089494543,17244800
2017-01-17,9.282671928405762,9.32556368275923,9.244544308513808,9.286246165517511,22771200
2017-01-18,9.321985244750977,9.325559480252018,9.25288123736934,9.306496587909109,28008800
2017-01-19,9.257650375366211,9.344627416766054,9.21237519063118,9.329138753070184,13522400
2017-01-20,9.312455177307129,9.367262248123971,9.263604863245842,9.316029413162896,45551200
2017-01-23,9.271946907043457,9.32198803707157,9.200459448572959,9.283861331953148,23843200
2017-01-24,9.381560325622559,9.428027215388964,9.28028635841404,9.289818261189785,21312800
2017-01-25,9.541218757629395,9.550750662645006,9.463773620149409,9.479262284040407,16119200
2017-01-26,9.53049373626709,9.561471968507835,9.50547317103846,9.536451403279205,18152000
2017-01-27,9.505473136901855,9.55074922440166,9.481644286963695,9.536451369031349,25557600
2017-01-30,9.391093254089355,9.437560148930855,9.288627560589543,9.433985912252645,49948800
2017-01-31,9.38632583618164,9.38632583618164,9.280285922565415,9.332710476357612,32398400
2017-02-01,9.388710021972656,9.466154234838175,9.331519512413122,9.436367719424572,36632800
2017-02-02,9.393475532531738,9.424453764628803,9.320797267592727,9.350583784490423,20557600
2017-02-03,9.52573013305664,9.54360222948704,9.454242656347626,9.479263227745152,20160000
2017-02-06,9.492365837097168,9.524535780497235,9.460196802709346,9.486409079846513,31026400
2017-02-07,9.495938301086426,9.550746275242373,9.474491979159513,9.528108238482833,18602400
2017-02-08,9.520960807800293,9.52691756459013,9.439941461558657,9.46377030674236,17306400
2017-02-09,9.622237205505371,9.656789676099796,9.540026123435448,9.540026123435448,18193600
2017-02-10,9.697298049926758,9.724702044537825,9.653213679121937,9.663937297539249,14407200
2017-02-13,9.805718421936035,9.834313213998318,9.749719643597198,9.750910449382923,14909600
2017-02-14,9.88912296295166,9.88912296295166,9.758062478980062,9.7890407090501,21208000
2017-02-15,9.986824989318848,10.007079605972901,9.861721234196745,9.866487186764612,15846400
2017-02-16,9.974909782409668,10.008270538763558,9.899847171600983,9.991590160586613,23444000
2017-02-17,9.995163917541504,9.999929869507847,9.903421841973495,9.906996078695153,22647200
2017-02-21,10.115499496459961,10.136945821120076,10.038054384686646,10.038054384686646,15912000
2017-02-22,10.102394104003906,10.123840430246293,10.06426740279658,10.077373541556497,12481600
2017-02-23,10.120265007019043,10.154817467968634,10.040436468750327,10.153625753035985,18579200
2017-02-24,10.138138771057129,10.142904722990833,10.026142082158401,10.027333797394924,24274400
2017-02-27,10.175074577331543,10.188180717775111,10.105969638449523,10.133373634562178,21016800
2017-02-28,10.121458053588867,10.157202237384016,10.078565396639629,10.135755908909397,28338400
2017-03-01,10.38953685760498,10.441961418871191,10.121458202241193,10.121458202241193,20655200
2017-03-02,10.273965835571289,10.378814048084848,10.26205050157072,10.378814048084848,19643200
2017-03-03,10.279922485351562,10.295412055784315,10.220349452025221,10.258476156993586,12942400
2017-03-06,10.21677303314209,10.250133779236936,10.156008297605247,10.197709230223804,22536000
2017-03-07,10.160775184631348,10.22153992576755,10.13456290770937,10.18579574650808,31226400
2017-03-08,10.115499496459961,10.20843326698306,10.10239335866699,10.18460442136613,17860800
2017-03-09,10.14171314239502,10.17269046408025,10.045204213878112,10.125032766406875,16643200
2017-03-10,10.204861640930176,10.2406049184969,10.117884605060878,10.23583987536461,17269600
2017-03-13,10.22035026550293,10.223924502345023,10.172691653246051,10.204861602849723,10044800
2017-03-14,10.146479606628418,10.170308456669089,10.079757190292293,10.163159983459359,22681600
2017-03-15,10.31328296661377,10.358559052515774,10.175074005627613,10.19890285472485,20925600
2017-03-16,10.278731346130371,10.338304382794888,10.242988069539102,10.332347624535878,24390400
2017-03-17,10.239411354064941,10.318047270739784,10.239411354064941,10.303750327169183,8480000
2017-03-20,10.214394569396973,10.264435708415366,10.17745866382505,10.235840901692358,11483200
2017-03-21,9.9522705078125,10.287070654324044,9.940356083301959,10.275156229813502,43176000
2017-03-22,9.999859809875488,10.024907970533093,9.893706786067007,9.955729329629495,20970400
2017-03-23,9.976005554199219,10.086929612993375,9.939031171261787,9.978391526636262,18217600
2017-03-24,9.96407699584961,10.061880922187406,9.886549282415345,10.010593441913821,23172800
2017-03-27,9.937838554382324,9.965271778536717,9.770855966875933,9.794711142223642,20249600
2017-03-28,10.079773902893066,10.125097371137677,9.90086418247954,9.91875533651727,16336800
2017-03-29,10.104819297790527,10.123902524604171,10.032062618726195,10.052338831584983,9493600
2017-03-30,10.159687995910645,10.18592823720033,10.078582209188896,10.09885842837383,13066400
2017-03-31,10.119133949279785,10.183541561642144,10.111977851233506,10.127483943643043,11507200
2017-04-03,10.082159042358398,10.141795616284552,9.960500831941081,10.123904462110325,19964000
2017-04-04,10.098857879638672,10.101243852343732,10.01536703460082,10.051148435339059,17192800
2017-04-05,10.034449577331543,10.25629770460722,10.01417336064058,10.157301683711736,33134400
2017-04-06,10.08096694946289,10.139411452276857,10.002247138094786,10.049956583460114,22043200
2017-04-07,10.063075065612793,10.134638767020617,10.018943676586748,10.061882079427809,15628000
2017-04-10,10.075003623962402,10.154916420015704,10.027294179608415,10.079774659395998,17591200
2017-04-11,10.052342414855957,10.061884486655023,9.906829004857396,10.039222293627756,24760800
2017-04-12,9.968852043151855,10.041608751665919,9.94141881289979,10.024910580201915,23537600
2017-04-13,9.841227531433105,10.002246096539643,9.837649482650143,9.929489404679776,18564000
2017-04-17,10.008209228515625,10.008209228515625,9.86388793389316,9.884165058497961,19884800
2017-04-18,9.942608833312988,9.998667353639469,9.880586292107674,9.933066763899582,17679200
2017-04-19,9.909214973449707,10.03683722626453,9.887745766902258,10.001054912024763,16156800
2017-04-20,10.063075065612793,10.111976579415103,9.937837905662725,9.967656190414472,18147200
2017-04-21,10.007018089294434,10.064268695264754,9.96527266619483,10.060690646139356,17968000
2017-04-24,10.21932601928711,10.24318029110865,10.176387602022624,10.225290042233565,22608000
2017-04-25,10.336210250854492,10.376762679708065,10.277765759885334,10.286114842883528,19124000
2017-04-26,10.330245018005371,10.42566387820132,10.32428099799999,10.339787086021303,18158400
2017-04-27,10.343365669250488,10.374376936916107,10.290885202428939,10.36125682021072,12623200
2017-04-28,10.306395530700684,10.3743812043295,10.286118399281335,10.37080224467989,8603200
2017-05-01,10.349331855773926,10.392270266848616,10.309972403940467,10.350524842187669,14709600
2017-05-02,10.356489181518555,10.375572414812979,10.318321804947672,10.366031253156786,15128800
2017-05-03,10.331439971923828,10.352909174058261,10.265839379295874,10.317126867173585,16698400
2017-05-04,10.351716995239258,10.369608150077058,10.270611215292242,10.358873093181604,16139200
2017-05-05,10.441171646118164,10.441171646118164,10.349330811152134,10.388691168994718,15602400
2017-05-08,10.434015274047852,10.454291490591858,10.391076868435903,10.441171371655878,8240800
2017-05-09,10.412546157836914,10.47576078051859,10.377956835807302,10.454291577534068,8151200
2017-05-10,10.444748878479004,10.448326927097352,10.386305294421684,10.406581509913552,8929600
2017-05-11,10.405389785766602,10.419702891957852,10.29446571523479,10.399426674006714,13099200
2017-05-12,10.376764297485352,10.38988441709682,10.343367960285958,10.37914936015019,12172000
2017-05-15,10.474568367004395,10.493652508470571,10.408967768191847,10.408967768191847,9889600
2017-05-16,10.462640762329102,10.515121239015357,10.424473391097802,10.511542280165186,9390400
2017-05-17,10.095280647277832,10.335019964541535,10.083353512733506,10.289695579298247,30048000
2017-05-18,10.166845321655273,10.253915140991667,10.05711421754589,10.080968488880234,20983200
2017-05-19,10.30162239074707,10.367222077879767,10.214552590029653,10.219323625272711,17479200
2017-05-22,10.403006553649902,10.42089771204174,10.343369965665193,10.346948015347136,9185600
2017-05-23,10.448328971862793,10.466220128437724,10.405390560075768,10.439979886792095,10344000
2017-05-24,10.494844436645508,10.50796455622277,10.439978895677838,10.473375232790165,10317600
2017-05-25,10.589072227478027,10.62485454362138,10.531821613627182,10.547326798632183,12141600
2017-05-26,10.593839645385742,10.609344825095068,10.571177458902905,10.580719527946394,4684000
2017-05-30,10.573562622070312,10.598609868906522,10.543744341077437,10.55686445751284,5975200
2017-05-31,10.568793296813965,10.606960666256976,10.496036606628559,10.604575603783854,14460800
2017-06-01,10.72742748260498,10.732198517838572,10.585492141846846,10.611732380640644,12827200
2017-06-02,10.797797203063965,10.820459390825542,10.709535334385897,10.740546605536185,10377600
2017-06-05,10.789446830749512,10.81568706397414,10.769170617796563,10.790639816800194,8260000
2017-06-06,10.726236343383789,10.784679942591056,10.710731158691027,10.72981439292965,9068000
2017-06-07,10.756057739257812,10.7787199395622,10.684493997748902,10.754864752404334,12890400
2017-06-08,10.769171714782715,10.815688165698624,10.715498256815403,10.765593666247925,12226400
2017-06-09,10.73458194732666,10.874131294246277,10.604574669422517,10.794218513700697,20101600
2017-06-12,10.72742748260498,10.734583580464408,10.640357682060278,10.705958279044774,13027200
2017-06-13,10.828808784484863,10.83954293058569,10.747703010678437,10.782292331417548,9403200
2017-06-14,10.809728622436523,10.86340210263652,10.721466718751762,10.859824052619627,17894400
2017-06-15,10.763209342956543,10.773944400187474,10.637973075142098,10.66779136414296,11216800
2017-06-16,10.764402389526367,10.7811005586617,10.676140508385036,10.7811005586617,10661600
2017-06-19,10.938542366027832,10.94927742457202,10.839545416038662,10.849087488081922,12536800
2017-06-20,10.797797203063965,10.90752827331041,10.794219154466209,10.903950224712654,15948000
2017-06-21,10.787293434143066,10.84579001120019,10.7419288718467,10.826689478425337,12691200
2017-06-22,10.77655029296875,10.838629083299184,10.762225118897957,10.790876377846642,6785600
2017-06-23,10.806394577026367,10.837433969195759,10.746703928673618,10.788488111166153,8492800
2017-06-26,10.811165809631348,10.913833758455874,10.795646574876631,10.86846921092209,14647200
2017-06-27,10.64522933959961,10.824301273403467,10.641648046652644,10.793262793991806,21716800
2017-06-28,10.823108673095703,10.850565860972957,10.7192466182557,10.738347151891135,10946400
2017-06-29,10.64522933959961,10.850565302757145,10.517491396585136,10.844595873974233,27496000
2017-06-30,10.6786527633667,10.758638895440615,10.6607463039835,10.714467503746464,14837600
2017-07-03,10.716859817504883,10.81594652357944,10.716859817504883,10.770581953587204,13294400
2017-07-05,10.75625228881836,10.780129089400072,10.667910403683058,10.747895636316464,11185600
2017-07-06,10.567632675170898,10.694177477308699,10.54614400392539,10.682239529018322,20985600
2017-07-07,10.700142860412598,10.714468940647087,10.604638391269742,10.617770403782991,13846400
2017-07-10,10.72282600402832,10.758640750583723,10.671492019729223,10.685818100512753,6484800
2017-07-11,10.700142860412598,10.73595760559542,10.585536950957088,10.70133692813384,18106400
2017-07-12,10.86369514465332,10.881602516613553,10.806391736541928,10.806391736541928,9680000
2017-07-13,10.895931243896484,10.911451396373705,10.843404089347553,10.867279985887334,9188000
2017-07-14,10.993819236755371,11.037990628597985,10.889958128757,10.900702004423032,8672800
2017-07-17,10.997406959533691,11.03202764984636,10.980693648459596,10.99501882320474,7088800
2017-07-18,11.009342193603516,11.012923486406573,10.918612162429405,10.95920227274687,8509600
2017-07-19,11.123945236206055,11.126332460520823,11.040378723088915,11.042765947403684,7612800
2017-07-20,11.12991714477539,11.163343757475182,11.080970382745779,11.154987104300234,13090400
2017-07-21,11.116785049438477,11.117978206449786,11.053512206370788,11.075000873063788,10214400
2017-07-24,11.106040000915527,11.121560149768321,11.05948137597086,11.107234068705786,7684800
2017-07-25,11.15379524230957,11.1955785164476,11.139469157973503,11.189609997746206,11392000
2017-07-26,11.164536476135254,11.19318863801599,11.13469115728129,11.187219209922457,5920000
2017-07-27,11.141858100891113,11.211099480652,11.005763477668477,11.208711344352862,15969600
2017-07-28,11.11081600189209,11.123948015921526,11.042768706833607,11.088133266603625,9634400
2017-07-31,11.100072860717773,11.16215073141012,11.077390123922987,11.152600009516846,8838400
2017-08-01,11.141858100891113,11.163346773547694,11.102462049219525,11.15857141175655,7972800
2017-08-02,11.152599334716797,11.171700777347594,11.060676146775105,11.160955988166043,12100800
2017-08-03,11.117979049682617,11.144243078833464,11.08574650260191,11.143049010924711,6900800
2017-08-04,11.152599334716797,11.186025948513777,11.114397360262119,11.16334412389835,7317600
2017-08-07,11.189608573913574,11.19318986684012,11.147824394285347,11.157375115960768,6020800
2017-08-08,11.141858100891113,11.286309379546468,11.097686687428382,11.157377343606981,10094400
2017-08-09,11.128721237182617,11.139465113428454,11.027247348031633,11.060673955205441,10037600
2017-08-10,10.824300765991211,11.058287972562765,10.814750044709045,11.048738162087513,20883200
2017-08-11,10.845789909362793,10.909061846721272,10.817138655066055,10.839821391404739,14302400
2017-08-14,11.064257621765137,11.085746289675185,10.97830295012494,10.980691085896574,13010400
2017-08-15,11.061871528625488,11.102460732826946,11.028444000050905,11.102460732826946,9591200
2017-08-16,11.096487045288086,11.153790447190017,11.055897856662835,11.110813123465237,12680000
2017-08-17,10.75267219543457,11.066644643938105,10.75267219543457,11.035606165931082,21722400
2017-08-18,10.715662002563477,10.841011777324036,10.670296541482466,10.732375305864885,17008800
2017-08-21,10.73357105255127,10.757446943629178,10.63806566662591,10.704918890289544,10120800
2017-08-22,10.94726276397705,10.972333633719838,10.788486357382865,10.789679514374912,11576800
2017-08-23,10.876829147338867,10.917418347790887,10.839821239772974,10.856534547112856,7924800
2017-08-24,10.827879905700684,10.929354705233829,10.802809950425221,10.915028626159252,9068800
2017-08-25,10.87444019317627,10.966364287434725,10.860115022709818,10.906673648339526,10180800
2017-08-28,10.879217147827148,10.929357984227913,10.831465358198999,10.924582623103696,7667200
2017-08-29,10.89473819732666,10.923389455626912,10.727604187428875,10.7407362039013,10064000
2017-08-30,10.999791145324707,11.027249240676912,10.876828571770817,10.8971231709229,9444800
2017-08-31,11.13469123840332,11.156179904567004,11.053511934096836,11.06186949781141,11116800
2017-09-01,11.1693115234375,11.206320337127929,11.147822858032576,11.170505591184114,10704000
2017-09-05,11.004566192626953,11.131110055275574,10.899510996353275,11.104846028505436,24272000
2017-09-06,11.076193809509277,11.108427261659745,11.015309108297005,11.0726125172274,8597600
2017-09-07,11.073808670043945,11.104847149535734,11.027250039999306,11.104847149535734,9540800
2017-09-08,11.042765617370605,11.089324231973906,11.018889731709763,11.037990258077105,8852800
2017-09-11,11.270787239074707,11.28630647780053,11.170506488857457,11.170506488857457,8216000
2017-09-12,11.35196590423584,11.35435403997736,11.294663397736205,11.316152065375299,20649600
2017-09-13,11.365097045898438,11.36629111367753,11.311375836328326,11.319732489168272,6689600
2017-09-14,11.35673999786377,11.374647370699611,11.311375442712212,11.328088747810513,5440000
2017-09-15,11.390165328979492,11.391358485680817,11.326892502350189,11.338831355816582,7332000
2017-09-18,11.43433952331543,11.46776613794686,11.392556255026143,11.422401576776625,7762400
2017-09-19,11.451055526733398,11.462993476082943,11.421210197955961,11.454636820457546,3612000
2017-09-20,11.460602760314941,11.472540706028894,11.35793478772257,11.460602760314941,10591200
2017-09-21,11.397329330444336,11.449857377650636,11.380616026479924,11.442693882518205,5051200
2017-09-22,11.402105331420898,11.418818636325126,11.363903361524553,11.36509651844142,4880800
2017-09-25,11.354355812072754,11.4116583275157,11.275563714829877,11.373456346951382,8308000
2017-09-26,11.366291046142578,11.421206323165494,11.34241515554369,11.396136364794609,8243200
2017-09-27,11.454717636108398,11.494150953133873,11.34836783807146,11.441573197099908,11399200
2017-09-28,11.48100757598877,11.486981741392377,11.416480572615978,11.423649935767811,5428800
2017-09-29,11.559871673583984,11.567041947392246,11.459496956954673,11.47622607639289,8116800
2017-10-02,11.653078079223633,11.656663672285514,11.575407551255154,11.582576914041484,10728800
2017-10-03,11.709240913391113,11.710436111118682,11.65068898810277,11.672197988855247,5241600
2017-10-04,11.737918853759766,11.7618173355804,11.679366023462523,11.692510461964464,7459200
2017-10-05,11.869362831115723,11.874142710016544,11.75823315376049,11.767792911562134,7521600
2017-10-06,11.846658706665039,11.850243387945396,11.796471345402669,11.82514970731421,8575200
2017-10-09,11.80722427368164,11.874141660711045,11.77735071694291,11.8669713871591,4770400
2017-10-10,11.865777015686035,11.905209417428539,11.809614583555426,11.8645818181579,8184800
2017-10-11,11.899236679077148,11.90282136042253,11.838294361199537,11.85502348192379,5380800
2017-10-12,11.860998153686523,11.904016151699917,11.840683440641712,11.86816751613253,6861600
2017-10-13,11.892064094543457,11.924328043721651,11.876530174508213,11.912378804335424,4282400
2017-10-16,11.925524711608887,11.94464331465052,11.88011632000631,11.917160151840303,5058400
2017-10-17,11.942253112792969,11.94344739863904,11.895650438075734,11.915964237481997,4187200
2017-10-18,11.95779037475586,11.985274455260402,11.942256449399542,11.980494575534879,3808000
2017-10-19,11.963763236999512,11.968543115839944,11.832318848059314,11.871752164741373,7004800
2017-10-20,12.088035583496094,12.09162026418485,12.025898079329195,12.054576436507782,6864000
2017-10-23,11.994830131530762,12.12388411499062,11.986465572139952,12.121494631594073,6760000
2017-10-24,12.03187370300293,12.059356863981007,11.998415466159054,12.040238262213897,5832000
2017-10-25,11.91476821899414,12.01036395687101,11.794078805050008,11.999609003317316,12392000
2017-10-26,11.942253112792969,12.007974389401808,11.939862717763653,11.978100833215448,6454400
2017-10-27,12.133445739746094,12.153759542583954,11.994831978024543,12.023511253209598,10646400
2017-10-30,12.047409057617188,12.12627569242204,12.016340300421152,12.023510574647123,8707200
2017-10-31,12.083256721496582,12.111935081086875,12.052187966800405,12.088036600039732,6496000
2017-11-01,12.115521430969238,12.202752630977622,12.076088111307827,12.168099190517784,7982400
2017-11-02,12.122690200805664,12.138225035367878,11.996026599001928,12.105961080253046,8862400
2017-11-03,12.19916820526123,12.207533678416095,12.097598269596828,12.138226790863886,5732000
2017-11-06,12.231430053710938,12.25174385500358,12.181242693457817,12.18363217704044,5340800
2017-11-07,12.227842330932617,12.286394236663643,12.166900030544888,12.24815612717238,8201600
2017-11-08,12.267281532287598,12.272060500560453,12.17288095469327,12.199168926869502,6416000
2017-11-09,12.174073219299316,12.191997538187096,11.999611732906963,12.128665734896504,16762400
2017-11-10,12.16331672668457,12.171681285592717,12.094009860492186,12.128663293588378,9957600
2017-11-13,12.183633804321289,12.208727487799433,12.084453356525204,12.089233235997535,6424000
2017-11-14,12.127471923828125,12.138226881057989,12.012757546166293,12.092818479794525,10588800
2017-11-15,12.004389762878418,12.077281313236652,11.930303015000115,12.025898759896727,11112000
2017-11-16,12.200360298156738,12.245768687526562,12.0999855858692,12.10117987172839,12188000
2017-11-17,12.133445739746094,12.188412983014342,12.125081179067637,12.165708784743357,7955200
2017-11-20,12.169292449951172,12.1919966463261,12.133444726466651,12.159733604023163,6656000
2017-11-21,12.327025413513184,12.349728697663652,12.248158782774372,12.255328144962032,9820000
2017-11-22,12.309099197387695,12.342557431326519,12.289979685612082,12.32941299489791,5951200
2017-11-24,12.362873077392578,12.373628032291618,12.342559276844947,12.355703715238976,5050400
2017-11-27,12.353313446044922,12.398721837930472,12.327025480657436,12.365263598647632,6527200
2017-11-28,12.593498229980469,12.601862790545734,12.390358381013328,12.402307623011032,13350400
2017-11-29,12.58513355255127,12.672364750495069,12.534946189625712,12.61500711310249,11983200
2017-11-30,12.793052673339844,12.899402470936106,12.674753634422288,12.68311819451406,15046400
2017-12-01,12.742866516113281,12.830097718166554,12.390358849669683,12.781104638953497,22000000
2017-12-04,12.711797714233398,12.971100924041702,12.710603428160526,12.925692526547328,14411200
2017-12-05,12.624566078186035,12.809781594966864,12.607836958261796,12.742865115269911,15933600
2017-12-06,12.625761032104492,12.67475319331738,12.57676795922296,12.588717200128398,8176800
2017-12-07,12.703432083129883,12.738085521367585,12.598277482444518,12.609031526206902,8138400
2017-12-08,12.838462829589844,12.843242709108438,12.766765548479734,12.794249627794448,6057600
2017-12-11,12.919716835021973,12.924496713755108,12.839655005827769,12.845630082161351,8781600
2017-12-12,12.966317176818848,13.01530932958596,12.92090879287005,12.948392862716348,7275200
2017-12-13,12.956761360168457,13.03921268310558,12.953176678591845,12.989024406026726,11194400
2017-12-14,12.851604461669922,13.002166531091152,12.844434188124673,12.994997169214503,10213600
2017-12-15,13.065499305725098,13.112102896425677,12.95556482758155,12.963929387621414,10019200
2017-12-18,13.224427223205566,13.265055738569773,13.206502905005731,13.214867465276495,9434400
2017-12-19,13.133612632751465,13.255496358985562,13.116882600063725,13.255496358985562,18046400
2017-12-20,13.113298416137695,13.238767740209019,13.079840172830345,13.231598377119944,18012000
2017-12-21,13.158703804016113,13.238764712429576,13.134804413070533,13.171848241119045,11016000
2017-12-22,13.152729034423828,13.16348398851674,13.094177120664622,13.159898396040058,10542400
2017-12-26,13.119341850280762,13.1384893718816,13.090621480883584,13.104982122084214,4550400
2017-12-27,13.134902954101562,13.172000145873511,13.102591731006237,13.132509056758925,4708800
2017-12-28,13.18396282196045,13.186356718563777,13.142078761442637,13.177979906460216,7778400
2017-12-29,13.095409393310547,13.242603009953806,13.059508243981707,13.241406061508403,11952000
2018-01-02,13.272522926330566,13.272522926330566,13.137296028676806,13.182770948456017,15379200
2018-01-03,13.431679725646973,13.450827248680538,13.286880006471204,13.291666887229594,8994400
2018-01-04,13.551347732543945,13.60160951928325,13.495103030171817,13.505873739117405,11100000
2018-01-05,13.721281051635742,13.73803467897806,13.578874306221834,13.637512001919943,10957600
2018-01-08,13.772734642028809,13.790685213560362,13.678196730437012,13.710507028790614,7715200
2018-01-09,13.834964752197266,13.905569185166287,13.790686792417372,13.820604110727114,10405600
2018-01-10,13.790685653686523,13.820602969525918,13.669820355058263,13.746408610566792,11608000
2018-01-11,13.983353614807129,13.985747511420575,13.833767031608499,13.851717604193144,13354400
2018-01-12,14.168844223022461,14.189187783351375,14.00489696583268,14.020454557970043,12074400
2018-01-16,14.07071590423584,14.390232702288285,13.990537695826442,14.31364442664285,19564000
2018-01-17,14.342362403869629,14.38185348367927,14.09704093830318,14.176022184918352,13421600
2018-01-18,14.292099952697754,14.372278138867246,14.232265321883983,14.320820319847241,11466400
2018-01-19,14.416558265686035,14.416558265686035,14.28851217297919,14.351936745113775,12498400
2018-01-22,14.6475191116333,14.64991209535742,14.383050129419594,14.383050129419594,12737600
2018-01-23,14.709749221801758,14.745650374770108,14.61880121682263,14.65350450821999,10464800
2018-01-24,14.701371192932129,14.855744677131925,14.560161402865939,14.787533222532403,14710400
2018-01-25,14.707355499267578,14.806681226222869,14.614013601841334,14.797107464178074,12304800
2018-01-26,15.043622970581055,15.044819918854442,14.774367128322535,14.804284444129038,10795200
2018-01-29,14.842580795288086,15.028068546276428,14.829417101320958,14.975413770407911,14835200
2018-01-30,14.529047012329102,14.698977162495686,14.482375155448317,14.61999500331724,19798400
2018-01-31,14.557764053344727,14.697776852955977,14.428521047701773,14.637942229566153,12788800
2018-02-01,14.519475936889648,14.671455541444583,14.426134031871186,14.456051355941424,11066400
2018-02-02,13.888813972473145,14.374671787132987,13.880437160824043,14.359114199067518,29116800
2018-02-05,12.760336875915527,13.919932661958034,12.651438289848876,13.66743037095183,59005600
2018-02-06,13.22225570678711,13.267730607932185,12.212247817150171,12.333113107131448,65334400
2018-02-07,13.06908130645752,13.53698860612821,13.06908130645752,13.14686651717309,34136000
2018-02-08,12.103351593017578,13.116950598219374,12.094974779462364,13.103786903632011,54952800
2018-02-09,12.470736503601074,12.64784745313484,11.649805107594721,12.403721993887647,72404800
2018-02-12,12.80940055847168,12.97454384544317,12.491079817594166,12.671780696160004,32959200
2018-02-13,12.882396697998047,12.939837434531766,12.622714609284257,12.683745277725828,18068000
2018-02-14,13.231830596923828,13.267731741631938,12.723236220581809,12.732809980904511,24564800
2018-02-15,13.55972671508789,13.563316647642973,13.145671088657906,13.414926986339584,20341600
2018-02-16,13.568100929260254,13.790685835073303,13.489119689167515,13.492709621034816,23835200
2018-02-20,13.405355453491211,13.62554745453086,13.308423606367457,13.458010241066765,18263200
2018-02-21,13.256963729858398,13.720084208385417,13.25576678132356,13.442451493577018,20400000
2018-02-22,13.286879539489746,13.554938461509385,13.22345496942745,13.376631496295815,19359200
2018-02-23,13.71529483795166,13.717687821582796,13.385007403607487,13.436465225215441,15329600
2018-02-26,14.036008834838867,14.047975579278104,13.776326737190692,13.837357407732027,16670400
2018-02-27,13.681787490844727,14.140121001758772,13.679393594226724,14.05754891551465,22444800
2018-02-28,13.382615089416504,13.858898287190598,13.371844380027468,13.811031308140976,20877600
2018-03-01,13.02001667022705,13.55254454544237,12.810595452085558,13.388597320272998,42380000
2018-03-02,13.152849197387695,13.207896949070111,12.730415930056848,12.822561774289172,44201600
2018-03-05,13.452024459838867,13.516645068828812,13.003264651272117,13.012837499971708,26714400
2018-03-06,13.519038200378418,13.566906093183004,13.3479110998798,13.552545451440395,20048800
2018-03-07,13.50347900390625,13.544167027501464,13.252173737831837,13.273714241381303,21141600
2018-03-08,13.630330085754395,13.64588676223017,13.468776753260766,13.580069211290436,20075200
2018-03-09,14.098237037658691,14.104220866628191,13.755982837097054,13.79188398490583,19589600
2018-03-12,14.07190990447998,14.211923653053015,14.030025839951351,14.143712201390924,14744800
2018-03-13,13.892403602600098,14.259789097960518,13.821799179233798,14.208331280946242,34554400
2018-03-14,13.745214462280273,14.01686334371683,13.682985921375726,13.99891368095995,34484800
2018-03-15,13.716492652893066,13.872062162859532,13.656658015289631,13.802653764118558,22004800
2018-03-16,13.741623878479004,13.856506279699516,13.73564004917416,13.76316438577061,18197600
2018-03-19,13.373039245605469,13.657851743810316,13.18276556840654,13.654261812241122,35084800
2018-03-20,13.414926528930664,13.481941948689276,13.338338260352979,13.41133659649799,19548000
2018-03-21,13.355005264282227,13.63543116814347,13.332235311396223,13.408933041391215,25728000
2018-03-22,12.692290306091309,13.19681800622227,12.65993290366035,13.106937755061688,35500000
2018-03-23,12.1458158493042,12.771382445400324,12.127839619034152,12.739025962361477,42747200
2018-03-26,12.816922187805176,12.83729573760389,12.275244329774392,12.53769492990102,39804000
2018-03-27,12.362725257873535,12.966719539437069,12.199742383702775,12.909196709911441,45618400
2018-03-28,12.30041217803955,12.55327536351865,12.17457945783668,12.378308580340889,44767200
2018-03-29,12.64075756072998,12.80134315326379,12.33516437405444,12.415457170321345,21190400
2018-04-02,12.070318222045898,12.603607326508058,11.79468509645091,12.548480884250893,27272800
2018-04-03,12.369918823242188,12.417855137384592,12.00200905223613,12.1913569902286,23377600
2018-04-04,12.64794635772705,12.707866512398313,11.970848427079991,11.98403093425239,32685600
2018-04-05,12.83010482788086,12.92238238961145,12.699479313253054,12.82291470100127,18411200
2018-04-06,12.263263702392578,12.776180273654745,12.089494639683158,12.619189701749466,30396800
2018-04-09,12.36392593383789,12.736629412397722,12.331569448847057,12.421449691310507,21163200
2018-04-10,12.762993812561035,12.851675391496237,12.558066979372214,12.685097423331479,21487200
2018-04-11,12.635961532592773,12.81212691999393,12.600009076846401,12.601207735853661,18068000
2018-04-12,12.831303596496582,12.94035873141514,12.754605861430196,12.77377983804223,17275200
2018-04-13,12.762993812561035,12.991889257833062,12.647947217488841,12.985896876234996,19539200
2018-04-16,12.967921257019043,13.051810031800933,12.846882274643363,12.930771049425253,14555200
2018-04-17,13.241155624389648,13.309464564664296,13.108132806858652,13.16565655807841,15932800
2018-04-18,13.262728691101074,13.35021253158893,13.214792377723173,13.298681154711783,12022400
2018-04-19,13.108131408691406,13.20759907503,12.997878554448317,13.178837659642435,20021600
2018-04-20,12.89242172241211,13.127308637660969,12.790557634242772,13.106936002888917,13934400
2018-04-23,12.884032249450684,13.011062688087968,12.766588340935986,12.954737594938523,13796800
2018-04-24,12.541288375854492,13.015855884333792,12.371115358460655,12.99548325147164,31982400
2018-04-25,12.596414566040039,12.643152211972756,12.330368941925204,12.522113247586221,23195200
2018-04-26,12.845680236816406,12.936758193661197,12.65633237010274,12.706665069565725,17175200
2018-04-27,12.874445915222168,12.947548585276293,12.770184505232901,12.911596122711964,14940800
2018-04-30,12.665922164916992,12.996680749377834,12.66472350585699,12.939157914823326,20148000
2018-05-01,12.721052169799805,12.727043638165252,12.446617683727654,12.619188064494931,18676000
2018-05-02,12.543685913085938,12.782168805110786,12.50054332529798,12.681502462169192,15929600
2018-05-03,12.486163139343262,12.554472084656451,12.145816157665756,12.450210677890393,30462400
2018-05-04,12.808534622192383,12.881637299382025,12.349546835932953,12.380704664600295,17428000
2018-05-07,12.884032249450684,12.997880180571757,12.816921052738417,12.890023716488672,16083200
2018-05-08,12.887625694274902,12.929569615510156,12.722246412986367,12.846879517711434,18550400
2018-05-09,13.141692161560059,13.174048651158273,12.909201608703684,12.9643280555472,15869600
2018-05-10,13.381373405456543,13.417324960488893,13.208803015511581,13.223183271800812,11142400
2018-05-11,13.436497688293457,13.49402053279469,13.34422012520525,13.396950161255655,8717600
2018-05-14,13.467655181884766,13.58030537818653,13.417322465612997,13.511996430586528,9128000
2018-05-15,13.283098220825195,13.339423307299175,13.186027871809392,13.337026903629798,23487200
2018-05-16,13.399345397949219,13.449679025388463,13.286696122987696,13.286696122987696,12227200
2018-05-17,13.37537956237793,13.492822576029592,13.287895717494846,13.362197052678983,9861600
2018-05-18,13.310667037963867,13.374182274311497,13.26632578131115,13.334634741159825,15313600
2018-05-21,13.50121021270752,13.564725432831484,13.430503952014156,13.46645641193404,12397600
2018-05-22,13.424511909484863,13.591090791297077,13.393354085364042,13.561130712043862,14471200
2018-05-23,13.502408981323242,13.503607640560533,13.268720717052414,13.285498289138058,14796800
2018-05-24,13.447282791137695,13.482036595189056,13.243554603867377,13.450877854606954,12769600
2018-05-25,13.377775192260742,13.444886396199946,13.320252348094707,13.382568914992765,15753600
2018-05-29,13.080571174621582,13.274711908810087,12.941555963875608,13.187228986796747,35442400
2018-05-30,13.411331176757812,13.462861638644796,13.20280835346617,13.2159908623286,10105600
2018-05-31,13.22437858581543,13.395750272946998,13.178839595237667,13.365790194177906,27311200
2018-06-01,13.502408981323242,13.541956507371877,13.383767317486445,13.389759699363792,13561600
2018-06-04,13.633035659790039,13.659400677640965,13.567123115162726,13.594686792272999,13183200
2018-06-05,13.666593551635742,13.69175991528589,13.558737054342744,13.641427187985594,12352800
2018-06-06,13.887096405029297,13.889493723520511,13.647415757218102,13.714526960335434,10137600
2018-06-07,13.870319366455078,13.96259693142565,13.770852588661606,13.927843126438864,14388000
2018-06-08,13.954206466674805,13.959000188955988,13.80081101091304,13.816389922595114,6480000
2018-06-11,13.987764358520508,14.071652229162154,13.962597997328015,13.96978812500895,7740800
2018-06-12,14.03210163116455,14.0632603681533,13.94941243798032,14.038094012461661,8945600
2018-06-13,13.92184829711914,14.077641062528706,13.909864449235863,14.048879644747043,13329600
2018-06-14,14.002141952514648,14.060864365111732,13.931436605599732,14.02491190492205,12973600
2018-06-15,13.963794708251953,13.997350768332687,13.782836470082454,13.912263330300119,10596800
2018-06-18,13.905071258544922,13.918253766012937,13.738493297968022,13.793619731784712,13019200
2018-06-19,13.797215461730957,13.819985414696097,13.594685946341423,13.646217319577378,15316000
2018-06-20,13.843913078308105,13.914734702244633,13.803099887510877,13.875122141833025,9612800
2018-06-21,13.665054321289062,13.834307459516088,13.606236264005819,13.83310682933939,18368000
2018-06-22,13.708268165588379,13.81510135846526,13.686661400972127,13.806698778659635,10988000
2018-06-25,13.336152076721191,13.595433244316125,13.147693436053805,13.577427455042173,42752000
2018-06-26,13.390168190002441,13.487398160834708,13.315744695355429,13.394968878600727,12317600
2018-06-27,13.16450023651123,13.617041706057035,13.157298286228704,13.456191128517348,21559200
2018-06-28,13.320549011230469,13.40217447120258,13.080474236702209,13.157298091286245,32663200
2018-06-29,13.358959197998047,13.58823010157853,13.345755013854346,13.438183387047793,15677600
2018-07-02,13.421380043029785,13.430983253853224,13.152496550661665,13.1801055528259,19010400
2018-07-03,13.307343482971191,13.517408889492803,13.267730929374974,13.509006309864438,11128800
2018-07-05,13.528212547302246,13.534214782710505,13.316947414957163,13.433383821702062,18143200
2018-07-06,13.74307918548584,13.795895924999176,13.487399899392901,13.530613428846992,12553600
2018-07-09,13.997560501098633,14.003562737086593,13.864318921317068,13.867919896584791,8697600
2018-07-10,14.088788032531738,14.111594512646537,14.017965500036947,14.053977081415661,9173600
2018-07-11,13.894329071044922,14.009564865321941,13.859518115094675,13.924338421090376,18662400
2018-07-12,14.135601997375488,14.146404921887765,13.965148223299666,14.032369778244188,10757600
2018-07-13,14.157208442687988,14.198020711007716,14.069580755100773,14.125998468447165,6771200
2018-07-16,14.130799293518066,14.181214768946788,14.086385137080889,14.166809954904673,8293600
2018-07-17,14.255640983581543,14.297653887775905,14.04197457155368,14.047975891688518,8863200
2018-07-18,14.308454513549805,14.31925835335609,14.210023904196587,14.255638692114832,6092000
2018-07-19,14.201623916625977,14.267644850234674,14.141605219095396,14.231633265391267,7015200
2018-07-20,14.166810989379883,14.241234493646607,14.144004510246749,14.175213569231568,8986400
2018-07-23,14.217227935791016,14.236433440848772,14.098390267234214,14.134401848459769,4024000
2018-07-24,14.349267959594727,14.451299545482275,14.256838667717922,14.368473463428709,11740800
2018-07-25,14.610952377319336,14.634959490834538,14.320462091047093,14.327664041939117,14030400
2018-07-26,14.522122383117676,14.60614818133319,14.50171533285461,14.507717568075368,5773600
2018-07-27,14.328861236572266,14.571336321860551,14.220827420032947,14.565334087014634,18111200
2018-07-30,14.168011665344238,14.35166870827596,14.113995211239327,14.336064178733158,19594400
2018-07-31,14.306055068969727,14.384079549590021,14.21962800833263,14.270043488433425,9374400
2018-08-01,14.271242141723633,14.393680765936042,14.192017957655963,14.32765984936931,9717600
2018-08-02,14.405685424804688,14.436894482474765,14.091187177095794,14.122397150578351,7692000
2018-08-03,14.544926643371582,14.544926643371582,14.414086360993613,14.432092148096626,7999200
2018-08-06,14.649361610412598,14.680571584884461,14.498114258847034,14.540127157667326,9107200
2018-08-07,14.734589576721191,14.78620569089333,14.705780859638228,14.721385390597208,10809600
2018-08-08,14.721384048461914,14.771799527713918,14.673368913826067,14.718983703845756,8177600
2018-08-09,14.68177318572998,14.776602835716156,14.666168654395278,14.728587695546715,5538400
2018-08-10,14.477709770202637,14.573740049118264,14.400885913395179,14.505317857217365,15300800
2018-08-13,14.364872932434082,14.584541555910706,14.339665192728775,14.513719941854731,11723200
2018-08-14,14.553335189819336,14.579743566291427,14.409290665551428,14.458505526948075,7207200
2018-08-15,14.33366584777832,14.409289077311616,14.168013655734937,14.396084890530979,16075200
2018-08-16,14.567736625671387,14.666167241420009,14.498114724923875,14.498114724923875,11795200
2018-08-17,14.656562805175781,14.716581490631711,14.493311907470652,14.53172382952995,10018400
2018-08-20,14.727386474609375,14.759796164316448,14.663766809612596,14.726185844379474,8046400
2018-08-21,14.786205291748047,14.894239122658606,14.773001105980502,14.788605636518247,6628000
2018-08-22,14.775398254394531,14.836617564635729,14.715379574184992,14.74538891428976,5658400
2018-08-23,14.729785919189453,14.85222455240683,14.696175601306246,14.751392682944727,6684000
2018-08-24,14.906243324279785,14.92424911618081,14.79340788312514,14.795809143812006,10738400
2018-08-27,15.13551139831543,15.153517186804955,15.027478499003179,15.040682682841332,12343200
2018-08-28,15.153518676757812,15.206335417303578,15.101902566446052,15.196732207056614,4047200
2018-08-29,15.319169044494629,15.344376781565549,15.152317178302054,15.181125889838471,6338400
2018-08-30,15.184728622436523,15.299964397736957,15.118707696883526,15.253149892640298,9800000
2018-08-31,15.18592643737793,15.239942882225442,15.082694236094465,15.136710680941977,6286400
2018-09-04,15.141514778137207,15.173925383031841,15.014275450597193,15.139114433536221,8345600
2018-09-05,15.045485496520996,15.112707055321275,14.931450346336488,15.088699028673826,15202400
2018-09-06,14.960257530212402,15.093499088067745,14.834218837519838,15.059888770016393,12907200
2018-09-07,14.89423942565918,15.009475209037213,14.807812359172505,14.83061975610999,10264800
2018-09-10,14.944652557373047,15.04188253396344,14.923045794151575,15.011873191478754,5683200
2018-09-11,15.052688598632812,15.094701501159406,14.829418984277098,14.872632517108048,10818400
2018-09-12,15.057493209838867,15.116311285117458,14.956661307834224,15.046689366568154,10714400
2018-09-13,15.221942901611328,15.245950931888595,15.140317430294042,15.167926436159723,8346400
2018-09-14,15.230340957641602,15.267553164560782,15.13551132680311,15.248346746046051,9532800
2018-09-17,15.064689636230469,15.22553926925045,15.031079319827036,15.22553926925045,6483200
2018-09-18,15.2267427444458,15.296364650468757,15.083898873041072,15.083898873041072,11951200
2018-09-19,15.257952690124512,15.307167543717961,15.21713950137161,15.226742712350248,7698400
2018-09-20,15.495626449584961,15.538839983846971,15.388793244274048,15.399596169933242,13409600
2018-09-21,15.476418495178223,15.60245811026672,15.45361293158607,15.592854900089733,6392800
2018-09-24,15.374390602111816,15.417604139911765,15.297566738425843,15.403200237853579,8314400
2018-09-25,15.337175369262695,15.430805293294615,15.310767915410759,15.421202083268902,6454400
2018-09-26,15.241056442260742,15.492170898808729,15.192996167083407,15.353997951426454,8153600
2018-09-27,15.326364517211914,15.451321795085537,15.263886794948698,15.298730474995459,4924000
2018-09-28,15.321554183959961,15.384031889041147,15.247061641363935,15.253068601784683,6521600
2018-10-01,15.428491592407227,15.558254061802192,15.353998119234523,15.472946591176482,11517600
2018-10-02,15.411666870117188,15.498175161923152,15.369613566225246,15.406859835379866,6467200
2018-10-03,15.434497833251953,15.588289965846402,15.388840163675,15.531819216637068,11238400
2018-10-04,15.190592765808105,15.37322070185559,14.994748231866073,15.36360938066511,23792800
2018-10-05,15.022382736206055,15.26748930930423,14.837351276612134,15.203809835657479,23050400
2018-10-08,15.001955032348633,15.048813540097704,14.766460734855688,14.925058972623317,15156000
2018-10-09,14.967113494873047,15.114898674991858,14.898627903274932,14.955098655705099,14552000
2018-10-10,14.00590991973877,14.904633892380309,13.972268007662459,14.901028616080687,26454400
2018-10-11,13.391942977905273,14.06838836461657,13.210515894906754,13.890566558107084,52879200
2018-10-12,13.769216537475586,13.873747570332375,13.40996759697818,13.864135331677458,31114400
2018-10-15,13.61782455444336,13.862931096318798,13.59259311998648,13.71634860804646,22721600
2018-10-16,14.200555801391602,14.245010799270702,13.774022123497911,13.819678880330729,15355200
2018-10-17,14.200555801391602,14.272645755165234,13.910993310669861,14.199354042437884,28916000
2018-10-18,13.79684829711914,14.162105031298616,13.643056180974797,14.094820292980476,25052800
2018-10-19,13.770416259765625,14.075597916869972,13.679101839396804,13.86653679875106,16844000
2018-10-22,13.646662712097168,13.88215704200221,13.586587599876285,13.84491076576077,22492800
2018-10-23,13.502481460571289,13.627437799991897,13.011067498337072,13.233345223104907,36132800
2018-10-24,12.689066886901855,13.520506325548908,12.625387406534395,13.483260044580826,27758400
2018-10-25,13.138426780700684,13.303032917202703,12.7707673894459,12.875298414086762,23336000
2018-10-26,12.672246932983398,13.009868839984861,12.381483549847845,12.728717696789406,44816800
2018-10-29,12.531668663024902,13.13842674098435,12.150791758304686,13.007463437526177,34712800
2018-10-30,12.898124694824219,12.932968365278361,12.466785886456764,12.513644394422215,19484000
2018-10-31,13.17447280883789,13.421981987536448,13.128815135092603,13.179278928004422,20225600
2018-11-01,13.438804626464844,13.471245705726485,13.148041255588417,13.269393258863175,12924000
2018-11-02,13.292218208312988,13.614220827305564,13.063933528808915,13.576974553282492,26580000
2018-11-05,13.432796478271484,13.49287159504967,13.238152769907693,13.339078526091747,10698400
2018-11-06,13.599804878234863,13.617826679463905,13.423183892802175,13.426788253047983,9796800
2018-11-07,14.174121856689453,14.19334541556731,13.796850232392845,13.837700867929197,17100000
2018-11-08,14.122459411621094,14.199355492388253,14.001107411761776,14.096026211981085,14064000
2018-11-09,13.864134788513184,13.993897255250197,13.692319925150333,13.979478897832697,14184800
2018-11-12,13.321054458618164,13.817274508801399,13.275396790961597,13.788438714321142,19968800
2018-11-13,13.27900218963623,13.59619962043009,13.198501760549082,13.377525335436154,13830400
2018-11-14,13.085561752319336,13.52170674931814,12.924559970364909,13.479654352914425,23010400
2018-11-15,13.360705375671387,13.41477352984864,12.78398481449532,12.954597923217811,23942400
2018-11-16,13.430391311645508,13.528914454400802,13.191292632886947,13.244159022497785,16845600
2018-11-19,12.97622299194336,13.391942618536296,12.880102454963318,13.367912942627974,14618400
2018-11-20,12.496826171875,12.769566801396236,12.393496896665551,12.613372046239625,32700000
2018-11-21,12.57492446899414,12.773171630245713,12.57492446899414,12.651820548713514,11981600
2018-11-23,12.41872787475586,12.550892944725765,12.38748855821528,12.397100796639075,6330400
2018-11-26,12.800804138183594,12.806811098986847,12.601354339378188,12.644608490524579,15980000
2018-11-27,12.884909629821777,12.884909629821777,12.634997863197258,12.693871215670617,13045600
2018-11-28,13.465234756469727,13.480853954647078,12.902931705330767,13.002656605249431,21144800
2018-11-29,13.42077922821045,13.576974881122828,13.27299497071765,13.395547791972007,24102400
2018-11-30,13.588988304138184,13.64786164922793,13.375121081153383,13.40155427350851,14088800
2018-12-03,13.935022354125977,14.052769051616378,13.765610110789298,14.04676209086391,22461600
2018-12-04,13.049515724182129,13.892969881834253,12.999052850791285,13.84851488623094,34371200
2018-12-06,13.009865760803223,13.009865760803223,12.274546996220783,12.612168823313741,45036800
2018-12-07,12.388689994812012,13.120404438154697,12.294972964302454,12.947388734396087,31880800
2018-12-10,12.421130180358887,12.526862967156811,11.917701350819957,12.362256825593173,31996000
2018-12-11,12.431944847106934,12.781581551052119,12.279353536731406,12.764760591641618,26009600
2018-12-12,12.559301376342773,12.886110096076509,12.55449525791453,12.751541530105747,24937600
2018-12-13,12.549691200256348,12.744334903532335,12.431944487786073,12.651819629448548,24120000
2018-12-14,12.076297760009766,12.413919553873466,12.018625256369008,12.310590300827396,24893600
2018-12-17,11.589690208435059,12.091918168915619,11.435898072212513,11.976574066748709,30257600
2018-12-18,11.575271606445312,11.833594759469268,11.416673354744884,11.766310930467093,20262400
2018-12-19,11.223233222961426,11.952545069310823,11.047813083635731,11.583683906495036,37709600
2018-12-20,10.863984107971191,11.24966625513463,10.62848975565365,11.09707585890756,43688800
2018-12-21,10.40380573272705,11.199200413849367,10.346134148097706,10.931265972050856,43680000
2018-12-24,9.829492568969727,10.361758262402507,9.829492568969727,10.259630723784445,27532800
2018-12-26,10.823258399963379,10.836511934481031,9.806356190705246,9.993109872191948,31381600
2018-12-27,11.036519050598145,11.036519050598145,10.209984894654356,10.534092576808119,29025600
2018-12-28,10.98230266571045,11.301590853692913,10.867840376837588,11.144958634913431,30678400
2018-12-31,11.183510780334473,11.188330330770738,10.961816975677811,11.136521312624957,24488800
2019-01-02,11.196764945983887,11.28592433599732,10.816028713153848,10.830487365278447,28129600
2019-01-03,10.643732070922852,11.040131094124352,10.606381707632234,11.019648696141443,37719200
2019-01-04,11.377493858337402,11.428097761464006,10.912417790397939,10.950973276480394,28156800
2019-01-07,11.542559623718262,11.688347579169832,11.302791812396134,11.394361433399737,20404800
2019-01-08,11.754613876342773,11.811242443470984,11.516052110901443,11.766663211741719,24505600
2019-01-09,11.863051414489746,11.958235464515528,11.710034599407305,11.83172479719684,17686400
2019-01-10,11.954621315002441,11.97389859739991,11.641357892352772,11.713649310004964,21517600
2019-01-11,11.94980525970459,11.957034127813554,11.77991950525982,11.841367641892557,12399200
2019-01-14,11.81606388092041,11.890765543842369,11.722084932904789,11.760640422327489,10645600
2019-01-15,12.085953712463379,12.112460786880863,11.852211432819749,11.852211432819749,20006400
2019-01-16,12.132941246032715,12.229330424958047,12.102819742522966,12.1245072618194,10234400
2019-01-17,12.311260223388672,12.407649396615133,12.04016670782894,12.044986258413791,11667200
2019-01-18,12.63657283782959,12.69079209575847,12.42572231298863,12.50765283941053,17273600
2019-01-22,12.308852195739746,12.50644919421923,12.132941798308503,12.48476167393561,22629600
2019-01-23,12.341381072998047,12.478735040085027,12.096794638961322,12.408852939150183,14889600
2019-01-24,12.36186408996582,12.419697777581684,12.222100800350008,12.330537470872423,11960800
2019-01-25,12.5654878616333,12.652237948119868,12.507654164230443,12.549825009053672,11018400
2019-01-28,12.384757041931152,12.384757041931152,12.190774492860536,12.343791320648789,10587200
2019-01-29,12.34017562866211,12.446203894646585,12.253425563487614,12.390779526935495,7749600
2019-01-30,12.729348182678223,12.817302462408508,12.420903346741488,12.500424561085957,15488000
2019-01-31,12.942607879638672,12.995622021905257,12.701635842769278,12.724528480427189,15589600
2019-02-01,12.96911334991455,13.075140702124743,12.8835683976935,12.970318467336046,12276000
2019-02-04,13.151047706604004,13.151047706604004,12.895617043583613,12.965499147509277,7891200
2019-02-05,13.257074356079102,13.283581423003092,13.134179041254953,13.193216923526881,9606400
2019-02-06,13.212495803833008,13.267919256052553,13.136589032060478,13.21972467000743,6291200
2019-02-07,12.963088989257812,13.0932140968055,12.78115578141634,13.037790644161547,18327200
2019-02-08,12.989598274230957,12.998032259349927,12.738988036737807,12.822122770271815,13964000
2019-02-11,13.00405502319336,13.085985546303624,12.94622133425393,13.060683594653655,9456800
2019-02-12,13.342620849609375,13.377561903759304,13.164302064775299,13.173940247216224,9073600
2019-02-13,13.419729232788086,13.511298842556958,13.382378870050257,13.430573449888355,14171200
2019-02-14,13.354668617248535,13.478769977012057,13.208880658621705,13.296835848475807,15445600
2019-02-15,13.646244049072266,13.651063599179777,13.526962252190527,13.551060002728088,12152800
2019-02-19,13.69684886932373,13.765525854322053,13.554675348894802,13.557084664493315,8236800
2019-02-20,13.74625015258789,13.794444746440481,13.631788796518977,13.692031809025863,10860800
2019-02-21,13.646244049072266,13.710101479335211,13.539011587076903,13.67636554781782,11104000
2019-02-22,13.812517166137695,13.832999568783112,13.682392044798503,13.714923784750988,10725600
2019-02-25,13.860711097717285,14.025777267069946,13.840228696047086,13.967943576149894,15235200
2019-02-26,13.825769424438477,13.923362796808632,13.789623254327529,13.804081906218967,8008800
2019-02-27,13.816131591796875,13.846253096576707,13.642632349345098,13.746249480091175,9504000
2019-02-28,13.74625015258789,13.83300023767547,13.72335843291536,13.781191210150133,6207200
2019-03-01,13.941435813903809,13.973967550692139,13.771551021375185,13.933001830150406,11697600
2019-03-04,13.826973915100098,14.066740802876751,13.571543258675632,14.04505328564038,22920800
2019-03-05,13.787214279174805,13.857096386189909,13.723356840405431,13.83661306569561,6935200
2019-03-06,13.611303329467773,13.79323744367765,13.582386947358426,13.79323744367765,14912800
2019-03-07,13.387201309204102,13.57395500166902,13.294426562126821,13.563110782228335,21213600
2019-03-08,13.331777572631836,13.34382599013026,13.128155915737747,13.18117005581321,16125600
2019-03-11,13.724560737609863,13.73178960347375,13.405272652916544,13.405272652916544,7689600
2019-03-12,13.811308860778809,13.871551856467999,13.757090532352604,13.772753380307135,8247200
2019-03-13,14.000473976135254,14.100477584921936,13.896855934130912,13.917339254423158,10539200
2019-03-14,13.981196403503418,14.043848722863242,13.928182266112984,13.998064370993959,8000800
2019-03-15,14.116142272949219,14.1992770000703,14.017342855983378,14.031801509030045,11382400
2019-03-18,14.22217082977295,14.247472785299054,14.110118787165662,14.134215625028016,10544000
2019-03-19,14.22578239440918,14.416150500527989,14.120959240454715,14.331809746549087,10365600
2019-03-20,14.119558334350586,14.327181291668069,14.009710940509986,14.191984711776104,15984000
2019-03-21,14.443060874938965,14.487723323186518,14.035057400994226,14.038679501970753,10440000
2019-03-22,13.885377883911133,14.348908325772435,13.881756703427664,14.288552861844488,24634400
2019-03-25,13.869686126708984,13.978326148569106,13.7320757393366,13.851579302907078,17669600
2019-03-26,14.06523609161377,14.175083471639102,13.916762174707399,14.05799373106748,17268800
2019-03-27,13.924006462097168,14.130422054791946,13.751389784563916,14.072481320501149,11254400
2019-03-28,14.0374755859375,14.073688316044679,13.86244416708956,13.991605759421178,10474400
2019-03-29,14.219747543334961,14.235439632274197,14.07006533103999,14.19439743827355,10920800
2019-04-01,14.538423538208008,14.564980088030904,14.392363435133321,14.422541165213659,10202400
2019-04-02,14.549286842346191,14.572222211538616,14.461168387677482,14.555322756644584,5352000
2019-04-03,14.602401733398438,14.72794121441345,14.523939442645139,14.683277837596629,11982400
2019-04-04,14.669999122619629,14.690519759617278,14.545667012520418,14.62654311430031,6494400
2019-04-05,14.795537948608398,14.807608856843247,14.707418568686604,14.742424847233549,8048000
2019-04-08,14.829336166381836,14.837785893846107,14.679654885178504,14.753288619203392,9227200
2019-04-09,14.6712064743042,14.748461395467865,14.609643642424892,14.712247748256202,14523200
2019-04-10,14.766569137573242,14.779847414313357,14.672414754107958,14.718284578604763,5372000
2019-04-11,14.759325981140137,14.822096184620566,14.69655669861108,14.822096184620566,6541600
2019-04-12,14.957290649414062,14.98988219283555,14.86313535752159,14.944012374440172,7901600
2019-04-15,14.937979698181152,14.972985983341568,14.843825306829695,14.966950067608192,6855200
2019-04-16,14.952463150024414,15.04058161271658,14.884864403341991,15.033339251660047,8297600
2019-04-17,14.881241798400879,15.078001183815314,14.82812869986674,15.075586449726735,8873600
2019-04-18,14.931940078735352,14.959703994890317,14.790708526739184,14.941597173132836,9608800
2019-04-22,14.953670501708984,14.972984693630993,14.831753118768907,14.841409293778552,4647200
2019-04-23,15.226475715637207,15.248203718561165,14.970568227971842,14.995918332175838,8218400
2019-04-24,15.157670021057129,15.246995843009552,15.135942018857758,15.209575752925002,6232000
2019-04-25,15.131114959716797,15.204748701025798,14.991090759178435,15.140772055188771,8588800
2019-04-26,15.274760246276855,15.277174059508718,15.042995496065513,15.134735134096305,8664800
2019-04-29,15.313390731811523,15.373746205002977,15.268727350107332,15.280798260555336,4897600
2019-04-30,15.317008972167969,15.358051164953292,15.111800771095126,15.269931785793007,9565600
2019-05-01,15.105766296386719,15.422029276878895,15.092488019892112,15.40030127179239,12355200
2019-05-02,15.03333854675293,15.184227201364287,14.860721889039485,15.074379818750614,14682400
2019-05-03,15.315800666809082,15.34839312981126,15.169740569189514,15.193883304922831,8413600
2019-05-06,15.189056396484375,15.239754765567257,14.779846421405841,14.816059147485914,12381600
2019-05-07,14.683277130126953,14.98143326805293,14.462375912033865,14.913835443436975,18081600
2019-05-08,14.642236709594727,14.835374020424597,14.571016779411353,14.642236709594727,11017600
2019-05-09,14.545666694641113,14.614471886151156,14.201640737090896,14.399606583574224,17158400
2019-05-10,14.676036834716797,14.771398591264969,14.100245114449589,14.440649940669614,20601600
2019-05-13,13.952977180480957,14.218541802344832,13.856408980581593,14.108694404353317,21946400
2019-05-14,14.202849388122559,14.368222783552287,14.050753348579795,14.060410444635194,9532800
2019-05-15,14.357358932495117,14.434613857374467,13.995226126766413,14.018160578215648,18363200
2019-05-16,14.625338554382324,14.779848416800455,14.432200305408234,14.437028853727728,12007200
2019-05-17,14.441854476928711,14.713454048467167,14.36339219429402,14.36339219429402,14469600
2019-05-20,14.252339363098145,14.389949748606654,14.160598799108705,14.257167910776674,10997600
2019-05-21,14.497381210327148,14.540837214911042,14.40443420777068,14.429783390286081,7444000
2019-05-22,14.414093971252441,14.50945480463118,14.357359681376794,14.38633004947981,9784000
2019-05-23,14.05920124053955,14.159391526883773,13.897448126074616,14.155769425622703,16682400
2019-05-24,14.10869312286377,14.253546790982872,14.042302664141573,14.212504596016169,7073600
2019-05-28,13.846752166748047,14.247512460835896,13.844338353105668,14.140079795197535,12160000
2019-05-29,13.668100357055664,13.765875925293793,13.503933402389546,13.721212545246654,18328000
2019-05-30,13.727245330810547,13.829849423844541,13.611362963518499,13.734487690969052,10667200
2019-05-31,13.360284805297852,13.542558554313226,13.355456257932072,13.450817996265911,17451200
2019-06-03,13.285444259643555,13.480996291876945,13.143005329709641,13.357871552216034,26744000
2019-06-04,13.860028266906738,13.880548902973336,13.487031953532485,13.535315586406536,15865600
2019-06-05,14.099035263061523,14.106277623268792,13.841920424289139,14.044714798653422,13927200
2019-06-06,14.284933090209961,14.360981576571124,14.062825388787097,14.131630592048685,15095200
2019-06-07,14.563774108886719,14.690520034732264,14.379086530546552,14.399607167928497,15596800
2019-06-10,14.70621395111084,14.89090154082688,14.692935674116097,14.743634047577093,14725600
2019-06-11,14.695348739624023,14.950048882173999,14.624129731142473,14.909007606971342,11797600
2019-06-12,14.643444061279297,14.729148719479566,14.583088590353636,14.6675868022204,7770400
2019-06-13,14.77139949798584,14.797955133773032,14.661552089830714,14.742428206479216,8564000
2019-06-14,14.719488143920898,14.790707136266834,14.6398185040582,14.721901956817742,5502400
2019-06-17,14.742427825927734,14.81968275938157,14.713457456120409,14.748463741740341,6456000
2019-06-18,15.026094436645508,15.16129006602853,14.898140246185095,14.934353887456206,11450400
2019-06-19,15.113009452819824,15.164915194315357,14.94280750481445,15.055068716841934,8264000
2019-06-20,15.388229370117188,15.436513004127727,15.161292238081996,15.411163819986808,8596000
2019-06-21,15.349601745605469,15.504111583064073,15.320630460368523,15.356844106439066,9380800
2019-06-24,15.310975074768066,15.400301832795115,15.289247989841432,15.364088182681298,6564000
2019-06-25,15.004451751708984,15.31170200086273,14.99356445588002,15.31170200086273,9684800
2019-06-26,14.966952323913574,15.162914410926316,14.959693819400185,15.104851912139866,7421600
2019-06-27,15.081866264343262,15.13146127011148,15.015335365632255,15.056463809259055,6930400
2019-06-28,15.242749214172363,15.285086638788888,15.12904219701372,15.184685801207815,8176800
2019-07-01,15.495566368103027,15.629837151138263,15.363714471055388,15.605642753942226,14213600
2019-07-02,15.57903003692627,15.583869654564007,15.395164250818583,15.491937222953492,8196000
2019-07-03,15.81975269317627,15.823381484077045,15.635885955851373,15.657660547029627,7509600
2019-07-05,15.781041145324707,15.804022866861347,15.527014769274471,15.679429487440721,10513600
2019-07-08,15.605645179748535,15.66733831810557,15.547582678153956,15.629839580705452,9624800
2019-07-09,15.656450271606445,15.68185365458122,15.468955659656357,15.47258537357192,6425600
2019-07-10,15.789510726928711,15.902008776391312,15.709673639667962,15.773784736651244,9528000
2019-07-11,15.859670639038086,15.893540583346747,15.748383415484836,15.86934802966535,8438400
2019-07-12,16.00724983215332,16.013298432854462,15.886285201225636,15.920155150223485,6107200
2019-07-15,16.015714645385742,16.05563319072011,15.957652145705566,16.054424209021583,5984000
2019-07-16,15.90684700012207,16.022973843594126,15.871768073630989,16.00361906205319,7233600
2019-07-17,15.68790054321289,15.917732563566387,15.68790054321289,15.90200841941541,7994400
2019-07-18,15.802813529968262,15.843941046453716,15.57539951636356,15.627415248437728,10921600
2019-07-19,15.622578620910645,15.944344926037392,15.602014858732787,15.92861893611231,11212000
2019-07-22,15.697576522827148,15.760476785325451,15.60927103663536,15.668544354600263,6487200
2019-07-23,15.918939590454102,15.921357553116392,15.732653102168449,15.825796346311275,6449600
2019-07-24,16.064104080200195,16.064104080200195,15.820963979784425,15.834270163617,7730400
2019-07-25,15.910473823547363,16.016923263086063,15.816121582419271,16.016923263086063,8701600
2019-07-26,16.122163772583008,16.14393836312988,15.979426412561747,15.992732594069961,8018400
2019-07-29,16.068937301635742,16.111275650684448,15.996359647832264,16.105227051424155,6095200
2019-07-30,15.98910140991211,16.02901995306964,15.8548324635279,15.894749160911944,7137600
2019-07-31,15.626208305358887,16.03023152808056,15.398796081001242,16.007247955574925,21890400
2019-08-01,15.347987174987793,15.98547017184239,15.2608934435511,15.641931171885615,24650400
2019-08-02,15.149608612060547,15.271783135553278,14.94034033818799,15.248799562639363,19723200
2019-08-05,14.239954948425293,14.663331110527501,13.991977112896425,14.65365371961519,28081600
2019-08-06,14.610106468200684,14.630670231843608,14.25326121294081,14.417773167857803,19573600
2019-08-07,14.618572235107422,14.704456993355445,14.023426603850133,14.258098231355822,27776000
2019-08-08,15.17742919921875,15.18347687576152,14.726230814649304,14.787923021860433,13480000
2019-08-09,14.981465339660645,15.15081596213812,14.780664586051527,15.084285063808405,20086400
2019-08-12,14.620992660522461,14.871389364895535,14.506075727938192,14.803648556114403,10941600
2019-08-13,15.060091972351074,15.233071378908804,14.543573561377496,14.57744350007916,22540800
2019-08-14,14.178263664245605,14.675428349587664,14.162538595147538,14.607688454535246,23925600
2019-08-15,14.25446891784668,14.34640227803901,14.023426997211539,14.27140481196794,22384000
2019-08-16,14.671796798706055,14.715344129587574,14.425028898006337,14.42986759286947,15766400
2019-08-19,15.026225090026855,15.095174885804575,14.931872835055959,15.009290117231403,10437600
2019-08-20,14.787923812866211,15.020175646348468,14.772198745549836,14.96332213106248,9954400
2019-08-21,15.021384239196777,15.068560359913192,14.95001464446767,15.031061628801854,7360800
2019-08-22,15.008078575134277,15.175009398570317,14.814535390812773,15.102430819810591,10997600
2019-08-23,14.233904838562012,15.05162582617884,14.099634053278193,14.866550128324574,25715200
2019-08-26,14.54599380493164,14.547203709394381,14.312532079504589,14.481882711706913,13218400
2019-08-27,14.431075096130371,14.750421520867897,14.356076722560752,14.710502987054076,11397600
2019-08-28,14.633089065551758,14.657281618473428,14.273824025055847,14.357289901543064,12473600
2019-08-29,15.009288787841797,15.06735128288732,14.810906904477278,14.9258229129663,14029600
2019-08-30,14.994771957397461,15.17863866930579,14.889532421388614,15.176218860448571,11126400
2019-09-03,14.819374084472656,14.901630053162867,14.663329632565343,14.80243911352644,12726400
2019-09-04,15.147189140319824,15.154446721849272,14.972999800518918,15.06614307028509,8378400
2019-09-05,15.543952941894531,15.64193398418115,15.420569441344222,15.435084604416748,9084000
2019-09-06,15.564516067504883,15.635884744053788,15.504033762814599,15.583870847991404,10239200
2019-09-09,15.57540225982666,15.685480496079741,15.470163641526153,15.679431896525742,5370400
2019-09-10,15.577820777893066,15.577820777893066,15.341940181021695,15.483468539144518,5675200
2019-09-11,15.790717124938965,15.795556742281804,15.535481760413711,15.603223482801035,10235200
2019-09-12,15.900794982910156,16.016921801425262,15.80402294177643,15.888699631376667,10445600
2019-09-13,15.87297534942627,15.983053581114861,15.82821903697473,15.945554849517801,4653600
2019-09-16,15.773785591125488,15.817332927829106,15.693950345313528,15.732658063620296,6168800
2019-09-17,15.848783493041992,15.858460883196827,15.72902786637104,15.738705256525874,4585600
2019-09-18,15.871767044067383,15.877813797854824,15.563306924196942,15.802816331465552,11322400
2019-09-19,15.862091064453125,16.029020983382225,15.823381500440021,15.906847382791373,10442400
2019-09-20,15.6987886428833,15.960072671841994,15.620162376154592,15.93225132533742,11045600
2019-09-23,15.702414512634277,15.781042610508662,15.6044334814466,15.62862603241821,7199200
2019-09-24,15.452020645141602,15.869349147184701,15.341943318386809,15.828221618452774,17552000
2019-09-25,15.626208305358887,15.685481632043222,15.288717836776147,15.45564867564726,11957600
2019-09-26,15.569354057312012,15.656446868846507,15.402422323176594,15.637093936157322,15797600
2019-09-27,15.397583961486816,15.66491561529487,15.217346966869679,15.654029244339332,14188000
2019-09-30,15.53790283203125,15.61773991271855,15.44838928453156,15.450809093399664,7940800
2019-10-01,15.168964385986328,15.71088632014516,15.139933133961332,15.637097823962861,13739200
2019-10-02,14.635505676269531,14.985093272090795,14.483090955363185,14.985093272090795,24392000
2019-10-03,14.859291076660156,14.860500981072951,14.300435213214788,14.599217923995548,25265600
2019-10-04,15.259685516357422,15.291136572912853,14.939129119895677,14.941548005990684,17114400
2019-10-07,15.135091781616211,15.357666212886139,15.101220916830757,15.17138060955629,12913600
2019-10-08,14.662118911743164,15.003239043488868,14.660909007346742,14.917354289075893,20396000
2019-10-09,14.928241729736328,15.041947826179118,14.81453471040688,14.885903381424873,14031200
2019-10-10,15.131463050842285,15.235492692222127,14.905259814377667,14.919774977341614,14121600
2019-10-11,15.450810432434082,15.701207144556218,15.432665555897485,15.447180718817357,17359200
2019-10-14,15.42298698425293,15.484678267711526,15.37581086260262,15.410890708450461,7004000
2019-10-15,15.720561027526855,15.802816073738313,15.520968319913628,15.528225900958944,10967200
2019-10-16,15.667338371276855,15.741126864589123,15.61411364222884,15.658869961758466,6991200
2019-10-17,15.748385429382324,15.856043875939362,15.675805913283163,15.797981370524292,8613600
2019-10-18,15.614113807678223,15.76652856866138,15.510084157738511,15.695159883851513,9864800
2019-10-21,15.835476875305176,15.846363246763904,15.715721251938996,15.768945973435075,6664000
2019-10-22,15.7181396484375,15.915312527414743,15.706042450721474,15.891118131982688,8942400
2019-10-23,15.81128215789795,15.817328910697906,15.666123175236219,15.690317569528599,5436800
2019-10-24,15.865716934204102,15.92861719548396,15.765316097525952,15.917730824774745,6166400
2019-10-25,15.995149612426758,16.05321395327229,15.790719129411704,15.79676772897146,8921600
2019-10-28,16.175384521484375,16.224980444527255,16.12457961706475,16.12457961706475,7435200
2019-10-29,16.157245635986328,16.262484267712885,16.11853607052103,16.13305123468368,9321600
2019-10-30,16.25885581970215,16.29877436776531,16.02055535887805,16.181438532911873,11763200
2019-10-31,16.15966033935547,16.244335189510927,15.991519620556307,16.244335189510927,11747200
2019-11-01,16.47054100036621,16.47054100036621,16.30360925542095,16.32538384404456,10062400
2019-11-04,16.586669921875,16.659249440140144,16.54917118088841,16.643523447168803,12171200
2019-11-05,16.551586151123047,16.649567180092244,16.52013602014938,16.609648641294925,6136000
2019-11-06,16.56247329711914,16.58787667600576,16.4463483113404,16.554006734672516,8744800
2019-11-07,16.674970626831055,16.80803057759975,16.615697309139932,16.708840566719324,9263200
2019-11-08,16.756019592285156,16.756019592285156,16.545540490098634,16.631426181993447,6059200
2019-11-11,16.690696716308594,16.707631688228034,16.57215191287251,16.592715675505154,4145600
2019-11-12,16.749975204467773,16.864891252616097,16.66288050895505,16.726991625683294,12240000
2019-11-13,16.76327896118164,16.81045509393518,16.607233551922686,16.637474709989668,9032000
2019-11-14,16.808034896850586,16.818921270517926,16.65440930059653,16.724569007186776,7597600
2019-11-15,17.053592681884766,17.054803509455933,16.893920333258354,16.96286921118661,7340800
2019-11-18,17.071733474731445,17.10439258564368,16.9701218145738,17.02213754898194,6375200
2019-11-19,17.05600929260254,17.149152555201386,16.987058581831427,17.149152555201386,5566400
2019-11-20,16.937467575073242,17.05117461968115,16.74755222487201,16.99311026981303,10697600
2019-11-21,16.881820678710938,16.955609164652518,16.78383963992056,16.93988317470274,5360000
2019-11-22,16.95077133178711,16.979801656792485,16.83101570381956,16.9664954759072,6132800
2019-11-25,17.20963478088379,17.213263571353092,17.06084698854885,17.06084698854885,9232800
2019-11-26,17.289472579956055,17.31003819002857,17.17697636718458,17.22052370504501,4515200
2019-11-27,17.438261032104492,17.438261032104492,17.31729640537642,17.351166353198384,4798400
2019-11-29,17.30156898498535,17.400760856685327,17.281005221631993,17.36930887503725,4607200
2019-12-02,17.01366424560547,17.33664123787014,16.961650371938358,17.33664123787014,13140000
2019-12-03,16.776580810546875,16.7910959720216,16.51650581089361,16.681017742109383,17376800
2019-12-04,16.990692138671875,17.05843203374291,16.866096876083862,16.90238663295012,7591200
2019-12-05,17.048751831054688,17.06810661096181,16.89028849283361,17.066895783609237,12666400
2019-12-06,17.352371215820312,17.406804915771538,17.276164774197913,17.276164774197913,7368800
2019-12-09,17.249553680419922,17.38745325844036,17.23866546301228,17.306407193318766,6154400
2019-12-10,17.202375411987305,17.31850038648211,17.12858693715851,17.23624535002939,9097600
2019-12-11,17.30035400390625,17.33180412887453,17.212048535349854,17.25801566441905,10552800
2019-12-12,17.59429931640625,17.692280339372708,17.272533062739413,17.296727457454285,22165600
2019-12-13,17.61607551574707,17.767281267696358,17.468498554182702,17.568899394969826,16690400
2019-12-16,17.85679054260254,17.93057900954606,17.822920608179903,17.826549397884257,6932000
2019-12-17,17.86284065246582,17.94025791566566,17.856792053855663,17.91122759557394,5035200
2019-12-18,17.866474151611328,17.940262644248417,17.86284536064341,17.910021489,5082400
2019-12-19,18.00800323486328,18.01889145396282,17.879781026962505,17.880991854514512,6998400
2019-12-20,18.19065284729004,18.24508653529392,18.12895973454914,18.13500833227688,10580800
2019-12-23,18.21969223022461,18.26445039906559,18.201548273784887,18.262030589615694,6698400
2019-12-24,18.22199058532715,18.251074697709104,18.182000624205365,18.24501527649506,4448000
2019-12-26,18.401342391967773,18.404977675385588,18.26077193622568,18.26077193622568,5531200
2019-12-27,18.394071578979492,18.501922644283788,18.33348105130121,18.500711499397642,8368800
2019-12-30,18.197757720947266,18.413459838042485,18.132320768747746,18.401342842711635,14896800
2019-12-31,18.278945922851562,18.305605897088007,18.081422103468856,18.122623209443088,13115200
2020-01-02,18.607351303100586,18.612197731690937,18.350446209984323,18.467991980868973,10762400
2020-01-03,18.3310546875,18.472836268867457,18.1795784019695,18.184424829513148,13150400
2020-01-06,18.46920394897461,18.478898654692983,18.100812527980594,18.110507233698968,12921600
2020-01-07,18.361351013183594,18.458296211380194,18.30681991703421,18.39891683832926,7532000
2020-01-08,18.54796600341797,18.709136976502837,18.3540774873646,18.39285445094505,15204800
2020-01-09,18.802448272705078,18.815778259410965,18.680054254112203,18.75397475328563,6920000
2020-01-10,18.692176818847656,18.89939722634861,18.638856861405255,18.889702520533987,8572000
2020-01-13,18.9466552734375,18.951501701170343,18.720045484065817,18.7770007175748,7689600
2020-01-14,18.892122268676758,19.025422144350305,18.827896469236546,18.89697054546988,13446400
2020-01-15,18.969680786132812,19.07389656327565,18.86910214164625,18.882432131132287,11309600
2020-01-16,19.28232765197754,19.28475179066449,19.119945492396475,19.145394325919376,8612800
2020-01-17,19.41562843322754,19.430169567863437,19.302929092570952,19.37806260270072,9099200
2020-01-21,19.325950622558594,19.42774409556284,19.27384366593184,19.27626780433275,9461600
2020-01-22,19.33806800842285,19.51862839963174,19.313832173467297,19.43743548646333,8363200
2020-01-23,19.37200164794922,19.395026342018923,19.10055544540129,19.244761182721252,13135200
2020-01-24,19.01694107055664,19.462888290955032,18.864253614977464,19.461677146136328,26492800
2020-01-27,18.412248611450195,18.597655465780694,18.314092259048877,18.358928654818357,20271200
2020-01-28,18.7963924407959,18.90545464443251,18.5334297883634,18.584325606665555,14028000
2020-01-29,18.76730728149414,18.995128230928238,18.740647304472027,18.96725710916001,15958400
2020-01-30,18.873947143554688,18.909088831865805,18.40861238970049,18.495862887182646,25759200
2020-01-31,18.198965072631836,18.816989027050752,18.08263232650693,18.80244789605405,36671200
2020-02-03,18.47041130065918,18.69701922192679,18.371043823335267,18.378314388861938,18044800
2020-02-04,19.027847290039062,19.134485347147265,18.873946852537152,18.91514796208068,10380800
2020-02-05,19.46531105041504,19.489546888604224,19.213254265280465,19.397449963854946,14085600
2020-02-06,19.59739875793457,19.619210458492123,19.45440416322305,19.582857624229536,6754400
2020-02-07,19.382904052734375,19.548923309848814,19.315042976428757,19.45924868811602,9452000
2020-02-10,19.67494773864746,19.67494773864746,19.26293306770895,19.26293306770895,7579200
2020-02-11,19.735538482666016,19.942758814120428,19.674947980367406,19.845813640627576,14159200
2020-02-12,19.987600326538086,20.017895585466615,19.874901001804513,19.922161531769984,9036000
2020-02-13,19.94397735595703,20.068793689061994,19.767052210028286,19.797347472414465,13749600
2020-02-14,20.00214385986328,20.01789798810127,19.84460812471164,19.990026864283053,15224800
2020-02-18,19.897920608520508,19.94760526424207,19.71978438362643,19.873684777387552,15158400
2020-02-19,20.082124710083008,20.17664578565729,19.988814779399,20.022745327088426,5505600
2020-02-20,19.920949935913086,20.117262617619613,19.535595138626082,20.010624565977903,20771200
2020-02-21,19.499238967895508,19.780377981368087,19.399869640902377,19.740388021656877,15805600
2020-02-24,18.177154541015625,18.603712285319343,18.03658410212025,18.281370301013812,31227200
2020-02-25,17.107126235961914,18.452236444191424,16.9920046242303,18.38073822930159,43575200
2020-02-26,16.977460861206055,17.696063389216853,16.884150962354173,17.254964570656423,45477600
2020-02-27,15.446945190429688,16.766606460413193,15.442097838552378,16.29763649187195,56812800
2020-02-28,15.385144233703613,15.385144233703613,14.19514649607545,14.515064357445365,55681600
2020-03-02,16.629669189453125,16.63936389197014,15.123390149439384,15.466331699004954,39533600
2020-03-03,15.694153785705566,17.14347964939862,15.39120214960383,16.68541552563763,50661600
2020-03-04,16.994426727294922,17.01744956762325,16.00801330908988,16.289152310940334,27922400
2020-03-05,15.858963012695312,16.51091763658173,15.570553378506908,16.138890935122074,32146400
2020-03-06,15.342730522155762,15.468758906270837,14.573231154531758,14.87860694810982,47868800
2020-03-09,12.954252243041992,13.958843088897055,12.854883835798342,13.109363812930823,34568000
2020-03-10,14.28239631652832,14.286031599514162,12.867001844512336,13.924912646672956,45027200
2020-03-11,12.864578247070312,13.68012603957926,12.542236272049136,13.505625065159505,32555200
2020-03-12,10.40824031829834,12.159306122288887,10.391275045248733,11.138961902417151,60542400
2020-03-13,12.32653522491455,12.337441074460454,10.535479646947092,11.712147404637598,54628800
2020-03-16,9.447274208068848,11.04928777951157,9.249749436490115,9.64843518762906,47088000
2020-03-17,10.6215181350708,10.764511796481214,9.270349380347811,9.89564397840831,45632800
2020-03-18,9.532099723815918,9.941691249188851,8.447529012007811,9.187945137344226,53110400
2020-03-19,9.526042938232422,10.010767164883962,8.819557155998663,9.3430592838008,46201600
2020-03-20,8.662020683288574,9.89806685544623,8.630513355701003,9.739319997378324,42610400
2020-03-23,8.165178298950195,8.697163000789045,7.856167195747059,8.609913426927747,44834400
2020-03-24,9.70781421661377,9.755074753256563,9.006175809751742,9.081308395343445,40387200
2020-03-25,9.980901718139648,10.734085231223029,9.416013619912837,9.826619984205209,47287200
2020-03-26,11.156840324401855,11.267388734219098,10.166768632615305,10.177701502951368,36812000
2020-03-27,10.466828346252441,11.102174971195295,10.266384033248958,10.45953883864029,40746400
2020-03-30,11.148336410522461,11.20786290371875,10.483834602197316,10.666056518155587,28704800
2020-03-31,10.800901412963867,11.292900057414974,10.683064419107865,11.054796851825854,26149600
2020-04-01,9.82905101776123,10.285819972914544,9.65411767427269,9.994264709376521,29367200
2020-04-02,10.290679931640625,10.364783592448997,9.718503168797136,9.764665725190595,30104000
2020-04-03,9.996696472167969,10.412162303374023,9.761022449246143,10.209288751079864,33636800
2020-04-06,11.347567558288574,11.506707749002063,10.686709054905895,10.77782002091658,28328800
2020-04-07,11.358502388000488,12.212515841714756,11.335420642712373,12.138412169101281,51339200
2020-04-08,12.122615814208984,12.234378358046825,11.392513135867786,11.597816774852474,35538400
2020-04-09,12.483417510986328,12.751891048324284,12.247743513857552,12.42753622929337,38817600
2020-04-13,12.252602577209473,12.40931354733186,11.874795703692502,12.388661951155623,35795200
2020-04-14,12.985135078430176,13.054379377000854,12.631625004725773,12.732453771536626,30342400
2020-04-15,12.427536964416504,12.591536528820793,12.216158841840654,12.409314584631863,25416000
2020-04-16,12.555091857910156,12.62555123259966,12.247744324833738,12.550232494811356,34400800
2020-04-17,13.226883888244629,13.282765176199268,12.841788381592496,13.107832730767417,34440000
2020-04-20,12.759180068969727,13.189223957863252,12.736098326690167,12.850291038815929,34745600
2020-04-21,11.970765113830566,12.434823553619353,11.890587026353662,12.314557349232585,43440000
2020-04-22,12.513786315917969,12.677785850736198,12.319416462547156,12.439682664503383,27426400
2020-04-23,12.506498336791992,12.941401574023823,12.482202449713803,12.636483279000535,42484000
2020-04-24,12.864869117736816,12.91953532887093,12.456691898994043,12.655921145424598,34975200
2020-04-27,13.234170913696289,13.336214743817393,13.008215659195432,13.04830470395527,20616000
2020-04-28,13.105400085449219,13.627769957498444,13.075029765605162,13.597399637654387,44737600
2020-04-29,13.789341926574707,13.943622761983615,13.536660612888431,13.642349672212744,32170400
2020-04-30,13.520867347717285,13.69701483966893,13.35322258178648,13.647207068101473,50856800
2020-05-01,12.805342674255371,13.115119394364546,12.697223478112752,13.04223080885819,40196000
2020-05-04,12.887950897216797,12.911032641205136,12.482203793008026,12.623122548347052,25247200
2020-05-05,13.121192932128906,13.395739949657377,13.078674670726585,13.161281048977617,31132000
2020-05-06,12.941401481628418,13.326496942723278,12.937757191275576,13.291268184760025,37440000
2020-05-07,13.251178741455078,13.443119393487331,13.20501526015469,13.254823031699077,26938400
2020-05-08,13.689726829528809,13.72860080515015,13.454052830983288,13.56824553985853,15480800
2020-05-11,13.700657844543457,13.836717204199047,13.45040671831212,13.494140050814682,16305600
2020-05-12,13.136985778808594,13.856154746766366,13.133341488636328,13.812421411041901,20503200
2020-05-13,12.680214881896973,13.190436782172416,12.439682481522617,13.092036321266038,58800000
2020-05-14,12.987564086914062,12.99242252250385,12.20886863740203,12.43725311009513,40606400
2020-05-15,13.104186058044434,13.105400203532536,12.652275546400446,12.751890159313364,25212800
2020-05-18,13.904747009277344,14.056598607220913,13.692154772156346,13.723740164040617,24758400
2020-05-19,13.620482444763184,14.01286648887566,13.614408009586873,13.842792499054458,24476000
2020-05-20,14.077251434326172,14.16593318309238,13.954555999764464,13.97520759645362,22688000
2020-05-21,13.868304252624512,14.145281440366109,13.767474561366168,14.063888273194342,26906400
2020-05-22,13.926616668701172,13.950912558860873,13.72495818525502,13.853728071393272,24694400
2020-05-26,14.28498363494873,14.565606029155118,14.241251225714779,14.548598723667293,23455200
2020-05-27,14.695590019226074,14.702878599157884,14.067532048454002,14.569249381712764,32077600
2020-05-28,14.646997451782227,15.019944933086673,14.576538089063561,14.814641279479336,30883200
2020-05-29,14.758761405944824,14.836509356046554,14.316569592180484,14.599621215397326,44300000
2020-06-01,14.894821166992188,14.956776884928098,14.651858584937774,14.70409557715262,20056000
2020-06-02,15.141427993774414,15.142643066193052,14.85108778324219,14.992006525286108,17674400
2020-06-03,15.547176361083984,15.646790984752272,15.324865371380666,15.354020622329534,18524000
2020-06-04,15.451207160949707,15.626140533128007,15.234970590800856,15.42934048942742,18604800
2020-06-05,16.250551223754883,16.448564448195178,16.042817420890795,16.056180435737694,23484000
2020-06-08,16.65629768371582,16.664800409061204,16.28456527892774,16.357452931708593,16521600
2020-06-09,16.402400970458984,16.560326986182723,16.252977679410115,16.34287448310689,19054400
2020-06-10,16.211673736572266,16.561540357685786,16.14000023822543,16.464354979192375,43129600
2020-06-11,14.336006164550781,15.508300706188212,14.28012488676659,15.436626268776159,40648800
2020-06-12,14.690731048583984,15.14628584303669,14.145280367537953,15.063678536569455,57118400
2020-06-15,14.95191764831543,15.068539577466813,13.954556351780191,14.076037643833137,36074400
2020-06-16,15.528952598571777,15.792566759737758,15.0187306548523,15.78041788999813,30352000
2020-06-17,15.398968696594238,15.673516673586597,15.330938543435247,15.640716206013993,17270400
2020-06-18,15.407471656799316,15.464568009256134,15.192449262518485,15.23618259942887,12575200
2020-06-19,15.226466178894043,15.802288226430008,15.09405200258221,15.78771106313919,22573600
2020-06-22,15.44027042388916,15.471855816040087,15.052745772908986,15.171796907677804,14757600
2020-06-23,15.567826271057129,15.816863281473857,15.531382440858929,15.71603359028436,13054400
2020-06-24,14.781845092773438,15.41840686557457,14.58018568346052,15.351592704539737,28120000
2020-06-25,15.083115577697754,15.120774476434567,14.506079520345184,14.716241607472748,18270400
2020-06-26,14.379739761352539,14.995649827332615,14.320213265535711,14.977427449568864,23632000
2020-06-29,14.796420097351074,14.800064387414807,14.266761648754361,14.50729406124682,12917600
2020-06-30,15.194880485534668,15.35280561173696,14.746614213806982,14.746614213806982,15432000
2020-07-01,15.38803482055664,15.516805618523964,15.243472715336626,15.293279562410955,17850400
2020-07-02,15.549606323242188,15.900687204362839,15.484006310346558,15.757340160826061,14616000
2020-07-06,16.030664443969727,16.071967618625678,15.887315624040252,15.97235211705442,17749600
2020-07-07,15.695382118225098,16.07804928955429,15.663797650502051,15.865457034479414,13033600
2020-07-08,15.938343048095703,15.957780497142725,15.593336668968323,15.785277307579035,12993600
2020-07-09,15.758554458618164,16.031887384907346,15.386821975450085,16.008805641213275,18845600
2020-07-10,16.081689834594727,16.107199861214465,15.600623228110615,15.748830513995992,14467200
2020-07-13,15.80957317352295,16.597987321532422,15.72575079655597,16.33801746521911,22992800
2020-07-14,16.20682144165039,16.246910494978554,15.515592515489908,15.646792548111824,18840000
2020-07-15,16.516597747802734,16.62836031719686,16.24447897863173,16.570047960737565,19252800
2020-07-16,16.403621673583984,16.44614087492753,16.225043993793484,16.299147669445716,11724800
2020-07-17,16.486223220825195,16.579762459856717,16.296710891134232,16.510519102993683,8366400
2020-07-20,16.764415740966797,16.83123081211512,16.385394760863047,16.461926702671917,9564800
2020-07-21,16.821517944335938,17.025605665090445,16.72311837513946,16.977013880241593,13047200
2020-07-22,17.012237548828125,17.04625401241929,16.776565423902127,16.789928438780265,8512800
2020-07-23,16.6162109375,17.055972620470655,16.459500886749613,16.97944066715414,16815200
2020-07-24,16.39875602722168,16.510518564476996,16.231111294510242,16.407258751557674,11617600
2020-07-27,16.62957191467285,16.65508379842177,16.391467796425914,16.477720318602838,7725600
2020-07-28,16.42670249938965,16.674523550340247,16.395118026850717,16.555472388369896,6981600
2020-07-29,16.821517944335938,16.89076133042844,16.519028800727177,16.523889091406726,6130400
2020-07-30,16.70488929748535,16.751052774712246,16.2590532449564,16.493513067356165,13034400
2020-07-31,16.970932006835938,16.98065073027839,16.4388453373746,16.910191375563326,15390400
2020-08-03,17.20539665222168,17.291647334867736,17.09970666355995,17.16044731193618,13606400
2020-08-04,17.332948684692383,17.33537882939268,17.110639566532885,17.110639566532885,6630400
2020-08-05,17.551616668701172,17.58441713678869,17.460505699080507,17.488447731064188,7491200
2020-08-06,17.78607749938965,17.803084807168297,17.448359635172565,17.48966283211249,7912800
2020-08-07,17.80672836303711,17.827379960654852,17.571054355217367,17.675528342591353,9497600
2020-08-10,17.91241455078125,17.937926435454646,17.6427259580956,17.8613926350917,7003200
2020-08-11,17.62086296081543,18.12622561441264,17.539470712138467,18.059410528586017,11744800
2020-08-12,18.10556983947754,18.20032694682137,17.896623735349838,17.896623735349838,10907200
2020-08-13,18.046043395996094,18.19910913199043,17.937925137645,18.01567307787885,6229600
2020-08-14,18.044828414916992,18.11164348927567,17.930637569426146,17.997450790127605,6955200
2020-08-17,18.15902328491211,18.210045205888076,18.115289944981647,18.160239284191317,6004800
2020-08-18,18.229482650756836,18.28779315275584,18.027823258174212,18.20275661782866,5552000
2020-08-19,18.090988159179688,18.341239246331728,18.020528809280897,18.282928763319806,6708000
2020-08-20,18.197898864746094,18.246490642626256,17.872328021244996,17.88690703753505,4591200
2020-08-21,18.31938362121582,18.348537951984316,18.120154328447054,18.16145753280766,5632800
2020-08-24,18.69839859008789,18.705687170378717,18.4967392183079,18.61336206393285,6171200
2020-08-25,18.829599380493164,18.836887961087537,18.62794000031464,18.768858737330284,9372800
2020-08-26,19.20376205444336,19.232918230614256,18.834457904241322,18.900058837211507,4713600
2020-08-27,19.288799285888672,19.45887235225953,19.09200018713705,19.30580659252576,6936400
2020-08-28,19.529335021972656,19.5536327672642,19.26936508880944,19.410283855406472,4264400
2020-08-31,19.395702362060547,19.61679733633533,19.371406475849525,19.507464921557084,5570400
2020-09-01,19.755285263061523,19.769864277224176,19.39084142116818,19.49045696104117,7978000
2020-09-02,20.326248168945312,20.447729446014343,19.854900220747183,19.99581894702498,9121600
2020-09-03,18.931638717651367,20.17803760552891,18.610928272103877,20.11729697679903,23483200
2020-09-04,18.613365173339844,19.19161550144947,17.770284643927145,19.00696525771147,22482000
2020-09-08,17.5977783203125,18.112859615571562,17.558903420900993,17.974371030318228,27679600
2020-09-09,18.29265022277832,18.57448581088079,17.95736257822785,18.059406402179242,14875600
2020-09-10,17.648801803588867,18.58420737331366,17.541897674366357,18.50403113005417,14140800
2020-09-11,17.665803909301758,17.974367335567315,17.342663325581935,17.852886080363486,10326000
2020-09-14,18.125003814697266,18.329093297576893,17.976796527623055,18.035108867678343,6671600
2020-09-15,18.31694984436035,18.516179097631156,18.197898692123008,18.41413525285629,7864400
2020-09-16,18.16874122619629,18.630370493601802,18.142015194412046,18.472444447692368,7595200
2020-09-17,17.86017417907715,18.0496846355167,17.544322182573357,17.60020437407423,11381200
2020-09-18,17.439851760864258,17.954933040632675,17.155586018681294,17.947644460626524,11346800
2020-09-21,17.05111312866211,17.060831853839378,16.497158769158702,16.922343263963526,15273200
2020-09-22,17.3961181640625,17.459288945922346,16.934488949530675,17.2187565410714,8152000
2020-09-23,16.587051391601562,17.48844402455919,16.531171046792338,17.45928785314327,10515600
2020-09-24,16.67452049255371,17.014668460892903,16.295499476961147,16.441276648061574,9802800
2020-09-25,17.211469650268555,17.296508042977305,16.482581852130885,16.58219740763198,6419600
2020-09-28,17.78972053527832,17.865038342462977,17.573483985777454,17.68524655096215,8079200
2020-09-29,17.5977783203125,17.84559931626054,17.510311650293843,17.762992935496936,7067600
2020-09-30,17.850461959838867,18.217335993379265,17.651232708221343,17.673098451781296,22132800
2020-10-01,18.088563919067383,18.253778552906905,17.87232736423208,18.14930456601342,8808800
2020-10-02,17.736268997192383,17.95979413419702,17.45443150419375,17.51517215144441,10392400
2020-10-05,18.365537643432617,18.38497509165276,17.97436965653053,17.97436965653053,6625600
2020-10-06,17.840742111206055,18.62551205087498,17.78729004765706,18.387407909699647,15110000
2020-10-07,18.462726593017578,18.555053563047984,18.180890954077388,18.180890954077388,7213200
2020-10-08,18.78586196899414,18.795580692231287,18.58420263255147,18.686248299713025,6133600
2020-10-09,19.128442764282227,19.17946467837609,18.914634529614023,18.985093892979027,8966400
2020-10-12,19.740711212158203,19.91564458040807,19.37383716783737,19.432149526359012,7579600
2020-10-13,19.47831153869629,19.728562724499522,19.366548963175312,19.71884585154775,7532400
2020-10-14,19.245067596435547,19.679970879040912,19.147882184326054,19.5512009958003,7504400
2020-10-15,19.184326171875,19.242636675326022,18.7081197107671,18.76886035917868,9441200
2020-10-16,19.164886474609375,19.546337627806185,19.147879169192596,19.349538543175292,8711200
2020-10-19,18.576921463012695,19.38112713166339,18.477307754000275,19.313097895526585,11616400
2020-10-20,18.72026824951172,19.109008021711805,18.649808876166475,18.73484541170127,11279200
2020-10-21,18.652236938476562,18.975377623199783,18.618222324680165,18.72269631095694,9851200
2020-10-22,18.861181259155273,18.93164061799341,18.43113838018941,18.683819643508468,9615200
2020-10-23,18.980236053466797,19.01182051928126,18.700828735806613,19.01182051928126,6026800
2020-10-26,18.287792205810547,18.678962099878156,17.874756569747063,18.589067133463104,17708800
2020-10-27,18.15659523010254,18.36068291666402,18.132297488091204,18.32423815730448,8005200
2020-10-28,16.92234230041504,17.575910311871425,16.861601661758602,17.49816236853747,24238400
2020-10-29,17.260061264038086,17.60263752520181,16.754698671545942,16.944209180316168,16132000
2020-10-30,16.890756607055664,17.22118584186758,16.48500957069275,17.072978529768534,18484000
2020-11-02,17.27220916748047,17.49330600817265,16.966077646970778,17.27463931233901,10147200
2020-11-03,17.87718963623047,18.11043352392608,17.585633386367725,17.636655313020736,10893600
2020-11-04,18.67653465270996,19.150310953936167,18.263497144324944,18.392267018316815,20320800
2020-11-05,19.407848358154297,19.62165659434987,19.259641050303166,19.30337438464706,15354400
2020-11-06,19.405420303344727,19.54633717913887,19.121152699821867,19.37383398425484,10264000
2020-11-09,19.891347885131836,20.970100522862666,19.828177092788682,20.93608590859884,28417600
2020-11-10,19.82574462890625,19.94965605417801,19.439435046242313,19.757715408335788,10491200
2020-11-11,20.117300033569336,20.21934386046317,19.942366699661523,20.0930022954599,5188000
2020-11-12,19.73342514038086,20.088150358374598,19.507469819931543,19.99825351779747,8625600
2020-11-13,20.27765464782715,20.362691171471376,19.89377336548213,19.956944148899495,6149200
2020-11-16,20.773298263549805,20.78058684354836,20.442869043462753,20.603225218059634,7123200
2020-11-17,20.561925888061523,20.707704943163343,20.301955958494553,20.48417792371414,6808800
2020-11-18,20.05413246154785,20.654250357243768,20.05413246154785,20.58379098349228,6958000
2020-11-19,20.216915130615234,20.272797337057305,19.81845666601263,19.97881285120156,6738800
2020-11-20,19.944799423217773,20.214488063986934,19.937510841627944,20.192622319217445,3707200
2020-11-23,20.190189361572266,20.328677953459827,19.893774727160253,20.16832361984875,5054400
2020-11-24,20.831613540649414,20.897214483014345,20.396710248851793,20.491465517905496,6769200
2020-11-25,20.770870208740234,20.824322272316966,20.63238161386295,20.824322272316966,4118000
2020-11-27,20.885061264038086,20.936083178781168,20.76114984042934,20.90449871355656,2332000
2020-11-30,20.693124771118164,20.81703621957939,20.369984059276923,20.78788003945393,7734800
2020-12-01,21.147464752197266,21.33454513704653,21.025983453198194,21.096442829056556,7810800
2020-12-02,21.232500076293945,21.251937527899802,20.936085427105535,21.011405088663885,7015600
2020-12-03,21.222780227661133,21.39771357554387,21.089151925669878,21.220350082924618,4099200
2020-12-04,21.584796905517578,21.58722705058799,21.293242521425363,21.293242521425363,3390800
2020-12-07,21.50461769104004,21.555639608541544,21.344261504329037,21.49489896575537,4973600
2020-12-08,21.618806838989258,21.696554774816924,21.329680833728407,21.334539268742695,3333600
2020-12-09,21.234928131103516,21.725711687072728,21.125593866824882,21.708704382005905,10551200
2020-12-10,21.222780227661133,21.341831368547933,20.95552177002131,21.055137313987935,7682000
2020-12-11,21.15960693359375,21.196051685695043,20.817030712618617,21.004111054708186,6881600
2020-12-14,20.974964141845703,21.570221839599228,20.950668249752084,21.441451943211074,9446400
2020-12-15,21.538633346557617,21.54592192746002,21.12316755220392,21.298100908491246,6826000
2020-12-16,21.609088897705078,21.725709878840576,21.463309890800097,21.577502581169032,6468800
2020-12-17,21.85691261291504,21.87635006342672,21.715993877191295,21.815609420820692,4880400
2020-12-18,21.703847885131836,21.907935564164077,21.424440545226595,21.89335840242103,15771600
2020-12-21,21.526485443115234,21.633389577573357,20.83890085768229,21.176620568478857,13902000
2020-12-22,21.4487361907959,21.57507777000214,21.31024759482657,21.555640318792353,7285600
2020-12-23,21.47889518737793,21.722089200756496,21.461871680658355,21.561582116746642,6956000
2020-12-24,21.64426040649414,21.649123468851275,21.47159293376719,21.53725448041223,1938800
2020-12-28,22.021215438842773,22.069853492248857,21.885025549544697,21.97500798931103,4328000
2020-12-29,21.94339370727539,22.23279328278346,21.860706788971065,22.206041796457605,11392800
2020-12-30,21.994462966918945,22.118490554171636,21.950687978646606,22.033373036815068,3710800
2020-12-31,22.21577262878418,22.303322621552486,21.904484590240465,21.977443536021738,7084000
2021-01-04,21.610218048095703,22.398166054290826,21.135990510900236,22.381142549248498,17792000
2021-01-05,21.90204620361328,22.038236075188642,21.517801178693226,21.517801178693226,8517600
2021-01-06,22.167137145996094,22.570838288102514,21.63940652380939,21.70750055823048,14572800
2021-01-07,22.818893432617188,22.9137389440475,22.446806910017816,22.47112593889839,8939200
2021-01-08,23.086406707763672,23.10343021370422,22.578130278242224,22.998856718520006,7393600
2021-01-11,22.770252227783203,22.993992104892477,22.651087694231965,22.670543658401964,8733600
2021-01-12,22.772686004638672,22.906443446767174,22.490581929544437,22.79700503354668,6423600
2021-01-13,22.90157699584961,23.025606447034004,22.665678534832896,22.77268448137809,4741200
2021-01-14,22.731340408325195,23.057219433731202,22.694860942165025,22.996420941938496,4511600
2021-01-15,22.400592803955078,22.619467709726013,22.169559315066124,22.524622226462345,6078800
2021-01-19,22.755659103393555,22.821320657189837,22.52948864299328,22.714316574876538,5157600
2021-01-20,23.378236770629883,23.487675175544478,23.001287212607163,23.045062203488435,5597200
2021-01-21,23.42444610595703,23.50956363523644,23.30528156496586,23.456060658139958,5290400
2021-01-22,23.254207611083984,23.400123619061134,23.139906150618025,23.171520698129218,5680800
2021-01-25,23.434171676635742,23.480379125812693,22.72161325271323,23.35148475997292,7730400
2021-01-26,23.363645553588867,23.606839533268328,23.3368940673903,23.55576902018638,4032800
2021-01-27,22.21577262878418,22.9331960775565,21.926373016144073,22.923468094424123,14197200
2021-01-28,22.582992553710938,23.103427509167844,22.403029532631585,22.449235125962435,8597200
2021-01-29,21.705062866210938,22.478419802215534,21.476459929683045,22.359255270703752,13051200
2021-02-01,22.40789031982422,22.54164773398741,21.84611289118397,22.1160583230969,8448800
2021-02-02,23.045063018798828,23.24691262043769,22.81159701097987,22.818892533814385,6744400
2021-02-03,23.088836669921875,23.302846700800977,22.916169169651898,23.1617937494516,5496400
2021-02-04,23.60927391052246,23.60927391052246,23.198275457740724,23.222594486599704,4207600
2021-02-05,23.789236068725586,23.879218513133452,23.64575250498043,23.85733008917569,5580000
2021-02-08,24.13214111328125,24.14186724037881,23.87192361098222,23.986223230896563,4796800
2021-02-09,24.09322738647461,24.180777367207302,23.9667673339845,24.017837846841438,3990800
2021-02-10,24.085933685302734,24.35101425142721,23.767350142971093,24.324262763323624,6457200
2021-02-11,24.161319732666016,24.27562119157454,23.833008255335223,24.226983141385784,4356400
2021-02-12,24.402076721191406,24.423965138523094,24.03971830467644,24.03971830467644,4266000
2021-02-16,24.358306884765625,24.57961241410211,24.25616401580312,24.555293390224406,5452400
2021-02-17,24.372901916503906,24.389925421546366,23.97892698569185,24.107819503216597,5529600
2021-02-18,24.158893585205078,24.246443582756015,23.781943959204874,24.003249557430784,5792000
2021-02-19,24.0518856048584,24.34858256487271,24.00324569436752,24.309670636480007,6422400
2021-02-22,23.70412254333496,24.01054754249385,23.65548262378891,23.69925762366875,6933200
2021-02-23,23.75518798828125,23.925423031737072,22.852938547119756,23.3879645597719,15386800
2021-02-24,24.273189544677734,24.326692514929313,23.48037853862012,23.597110605148337,10410000
2021-02-25,23.10828971862793,24.27805395098909,22.901575219634996,24.10052154030127,15158800
2021-02-26,22.852937698364258,23.48767410962564,22.60001574646423,23.34418870225092,15949600
2021-03-01,23.96433448791504,24.12727400565119,23.485242060921856,23.485242060921856,8591200
2021-03-02,23.59224510192871,24.02269756779066,23.565493619569896,24.003241606907427,11107600
2021-03-03,22.969669342041016,23.626294163366296,22.95507829781914,23.499832262034293,11657200
2021-03-04,22.39816665649414,23.271234066797327,21.812070091059297,22.933194560851852,19076800
2021-03-05,23.217727661132812,23.35148322589687,21.91177542780824,22.840776280913982,13710800
2021-03-08,22.98912239074707,23.70654561262706,22.94777986707677,23.341754709935618,13467600
2021-03-09,23.638452529907227,23.969196468979145,23.419579446911342,23.477945478682066,10841200
2021-03-10,23.932722091674805,24.154027663720793,23.762485180831867,23.949745597216804,9801200
2021-03-11,24.42397117614746,24.679325594081064,24.200233162683862,24.261031656913502,9720000
2021-03-12,24.494497299194336,24.501792821529133,24.124841420567268,24.251303325779652,6969600
2021-03-15,24.788761138916016,24.808217101584052,24.234279190836002,24.513952624065194,5912800
2021-03-16,24.72796630859375,24.941976363362276,24.608801766597193,24.86172375246345,6792800
2021-03-17,24.869014739990234,24.985746801147428,24.382626822515718,24.53097528577926,7748000
2021-03-18,24.146728515625,24.808216383817935,24.064041604389548,24.53097541779923,8959200
2021-03-19,24.0518856048584,24.31453555524053,23.772212149660174,24.11268410140484,7883600
2021-03-22,24.44342613220215,24.623389148186583,24.122410170116773,24.129705692256007,6100000
2021-03-23,24.06134605407715,24.548072976008157,23.951831382613157,24.358247916813742,7867600
2021-03-24,23.82042121887207,24.458034324403766,23.81068645504147,24.241440935142872,7664400
2021-03-25,24.07838249206543,24.180594704601216,23.3653274454813,23.611123215143653,11113600
2021-03-26,24.849843978881836,24.903384239159553,24.15139015413183,24.231700544548406,10181200
2021-03-29,24.825502395629883,24.94718410269659,24.458023120408086,24.650280440379344,10312000
2021-03-30,24.694089889526367,24.779266726790265,24.479928862444797,24.647850239276337,7113600
2021-03-31,24.898513793945312,25.100505901585425,24.759796702724607,24.759796702724607,7120000
2021-04-01,25.419313430786133,25.438782953792664,25.11754325104853,25.144313381003535,9206000
2021-04-05,26.149402618408203,26.229713004542674,25.77949098204661,25.794092195265307,8551600
2021-04-06,26.120201110839844,26.263784663783593,26.035024269541356,26.07396145839957,5787600
2021-04-07,26.183473587036133,26.229713238261784,26.039890037864037,26.100730902438485,4468400
2021-04-08,26.426837921142578,26.43657268260301,26.227279952993495,26.351395840719114,4738000
2021-04-09,26.81134796142578,26.83325163506559,26.400065037663122,26.417100403064943,6024000
2021-04-12,26.8356876373291,26.869760229552284,26.643432139844418,26.72617482415774,5993200
2021-04-13,26.984140396118164,27.074185546803907,26.760246453387868,26.808920260535253,4851600
2021-04-14,26.81378746032715,27.12772656249425,26.723742307131396,26.979274695809437,7879600
2021-04-15,27.37839126586914,27.4124620042405,27.096088740259617,27.096088740259617,5727200
2021-04-16,27.570646286010742,27.643654209133345,27.36135356430412,27.560911524917895,5789600
2021-04-19,27.302946090698242,27.487900976140956,27.100953981282764,27.424627815881188,7867200
2021-04-20,26.89409637451172,27.210467757188578,26.684803651230236,27.10582139554784,8563600
2021-04-21,27.395421981811523,27.424626262619054,26.782146938578784,26.796748150624712,11540400
2021-04-22,26.901399612426758,27.480604033092558,26.74077882254964,27.36622289909813,9570000
2021-04-23,27.47817039489746,27.667993605154997,26.959805013500112,26.971973929733416,7693200
2021-04-26,27.594985961914062,27.665561596767184,27.50007434942237,27.565781674718128,4037600
2021-04-27,27.577945709228516,27.653387783565922,27.41489264553088,27.62175120390863,4674000
2021-04-28,27.543874740600586,27.76046805780847,27.490334485701425,27.61201620803016,5860800
2021-04-29,27.901620864868164,27.986797703928257,27.427061007163356,27.938125754955585,13111200
2021-04-30,27.539011001586914,27.702064079958333,27.41246095813752,27.57308173865808,7189600
2021-05-03,27.65095329284668,27.86997889215987,27.582809973525585,27.814006343612046,6923200
2021-05-04,27.31024932861328,27.434365220139487,26.789451643186087,27.366221887829834,14849200
2021-05-05,27.32241439819336,27.573080317606653,27.21776803780632,27.541441880016915,8499600
2021-05-06,27.767772674560547,27.782375745915807,27.05228530649678,27.32971952493873,12385200
2021-05-07,28.15471839904785,28.256930603432235,27.77750430518517,27.86998174866879,6983600
2021-05-10,27.61688804626465,28.24233210470068,27.59011791539371,28.208261366631476,9599600
2021-05-11,27.127723693847656,27.249405417166816,26.56312057191539,26.96710292784281,13697200
2021-05-12,25.964448928833008,26.898963752345395,25.876837932039233,26.716441151811015,16284800
2021-05-13,26.580158233642578,26.840557069757825,26.159138617655692,26.166439224610603,16456000
2021-05-14,27.390554428100586,27.50980198734819,26.950065363040867,26.950065363040867,13634400
2021-05-17,27.261571884155273,27.35891763204228,26.974402949082233,27.23480361378416,8976800
2021-05-18,26.78458023071289,27.31754677076823,26.76267841183071,27.273741276288124,7960800
2021-05-19,26.650732040405273,26.660466801251722,25.920641687363776,26.122631940601263,12560000
2021-05-20,27.212900161743164,27.38568798371968,26.74564279611238,26.757809854250723,10020800
2021-05-21,27.178831100463867,27.594982391400748,27.103389022530912,27.424628713256705,8975200
2021-05-24,27.71910285949707,27.86998704031775,27.44653507267072,27.480605813934496,6609600
2021-05-25,27.604721069335938,27.921094352739892,27.517110063369184,27.872420540138307,8968800
2021-05-26,27.706926345825195,27.77020135798896,27.53170437781208,27.6777239223001,6134800
2021-05-27,27.723966598510742,27.918658121001357,27.709365384174532,27.840781883348303,3992000
2021-05-28,27.838348388671875,27.98923441501489,27.801843495249983,27.952729521593,4609600
2021-06-01,27.782373428344727,28.179055198920604,27.71666425451743,28.16201983102387,5901200
2021-06-02,27.87972068786621,27.981934764285075,27.73370296590278,27.862685317915744,4670400
2021-06-03,27.670425415039062,27.81644498039978,27.32728389255954,27.524407706394246,7688000
2021-06-04,28.164453506469727,28.203390693836074,27.906486981214943,27.918655896669573,4660800
2021-06-07,28.120649337768555,28.183922502315372,27.9721974744498,28.157152372424065,3902800
2021-06-08,28.123085021972656,28.237466162241915,27.8578197023832,28.22286494662154,4282400
2021-06-09,28.030601501464844,28.242328365764262,28.001397219822113,28.235025902816783,3898800
2021-06-10,28.288570404052734,28.422421060780458,28.01843679263206,28.200959402688408,4528800
2021-06-11,28.385913848876953,28.39808276457316,28.188790040266205,28.37131263541419,2855200
2021-06-14,28.52463150024414,28.52463150024414,28.22042716909652,28.38834855403909,2412800
2021-06-15,28.412681579589844,28.53192914513985,28.273964493255765,28.527062693301676,11724800
2021-06-16,28.08901023864746,28.44675482359118,27.78237361445215,28.42971945558033,9213200
2021-06-17,28.062240600585938,28.196091249239725,27.709364318449072,28.011134495658826,7510400
2021-06-18,27.312685012817383,27.689897304326255,27.27618011835754,27.587685085211547,9383600
2021-06-21,28.084144592285156,28.11334702016126,27.43679687586476,27.551178002955275,9243600
2021-06-22,28.37969970703125,28.50142785227157,27.98286662222048,28.085117818440565,4722400
2021-06-23,28.313966751098633,28.50629558214089,28.304228276786205,28.391872688173994,4903200
2021-06-24,28.645069122314453,28.708366422908842,28.58420504737235,28.62072200639828,3556000
2021-06-25,28.844701766967773,28.91286923029576,28.713235148796343,28.757057354853487,3942400
2021-06-28,28.96399688720703,28.985907063081438,28.74975415017264,28.920174678034016,3628000
2021-06-29,28.99564552307129,29.10763520036087,28.920174662977576,29.01755755635849,3490400
2021-06-30,29.054073333740234,29.13441435681673,28.9250417946669,28.9250417946669,4571200
2021-07-01,29.36326789855957,29.385178076538168,29.139288522353457,29.15389530767252,4119600
2021-07-02,29.816091537475586,29.857478660166493,29.482555758170164,29.521509655355054,7111200
2021-07-06,29.69923210144043,29.84287227745503,29.29752885410098,29.806353462710703,6861200
2021-07-07,29.908605575561523,29.945124391426138,29.504469090285752,29.801486068429224,5688000
2021-07-08,29.424129486083984,29.52638068949749,28.946955346063422,29.114938935264398,11792800
2021-07-09,30.03033447265625,30.086330239368795,29.606721027361647,29.640804761039135,6864800
2021-07-12,30.266483306884766,30.29326364508558,29.969466361329484,30.027895345847657,4605600
2021-07-13,30.057113647460938,30.35899893006513,30.013291440516447,30.144758061349915,6186000
2021-07-14,30.132583618164062,30.36630328661509,29.954861570029827,30.29570074097818,6391200
2021-07-15,29.93052101135254,30.037640530665055,29.650545867787603,29.940259487185376,9320400
2021-07-16,29.458209991455078,30.105804590268775,29.402214229576654,30.098499341604967,9612000
2021-07-19,28.579330444335938,28.825221789006658,28.177627240596845,28.747315859472472,22274400
2021-07-20,29.402217864990234,29.57994178930375,28.567162643884114,28.67671909829905,12377200
2021-07-21,29.881826400756836,29.896435042127358,29.553160759995237,29.579941102179625,9033200
2021-07-22,30.015727996826172,30.035204946962875,29.75522982537644,29.908606628498514,5915200
2021-07-23,30.60732650756836,30.663320416729842,30.188581371994758,30.285964264034412,6118400
2021-07-26,30.76313591003418,30.76313591003418,30.524547936656408,30.529418102448783,5708400
2021-07-27,30.48072624206543,30.617063025174645,30.064416216199046,30.614627942237682,11188800
2021-07-28,30.453947067260742,30.65845132103729,30.249444670908325,30.57324198922378,9858400
2021-07-29,30.704710006713867,30.862955119804997,30.600023720750567,30.600023720750567,4914800
2021-07-30,30.410123825073242,30.624364675746456,30.3078707791978,30.329782809536805,6282800
2021-08-02,30.28352928161621,30.743661544173474,30.239707072923892,30.651148818011546,7851200
2021-08-03,30.772876739501953,30.785048440066447,30.074156488738993,30.383347030378975,7096400
2021-08-04,30.46855354309082,30.66575253376509,30.43446981278722,30.5829782908632,4598400
2021-08-05,30.855649948120117,30.860520114120792,30.59515178980723,30.638973996692766,3396800
2021-08-06,30.953031539916992,31.01389561040722,30.858083738546156,30.904341026494418,3820400
2021-08-09,30.90677833557129,30.989554448235406,30.785050178507323,30.950600546411287,3700000
2021-08-10,30.96764373779297,31.082068507511984,30.867827610594567,30.962775428568996,3946800
2021-08-11,31.125886917114258,31.14536386647906,30.96763995401747,31.138060474823288,5993600
2021-08-12,31.301176071166992,31.33038963635949,30.972508603359103,31.09910505318268,3240000
2021-08-13,31.42290687561035,31.43021026752742,31.308482115778435,31.383952975487066,6648400
2021-08-16,31.573848724365234,31.588455508259205,30.99442153091504,31.223271051516324,9453200
2021-08-17,31.16727638244629,31.281701139959694,30.704709043687995,31.186753332113284,9338000
2021-08-18,30.47342300415039,31.235442371365384,30.436904189608217,31.00415778421433,9959600
2021-08-19,30.548898696899414,30.738794322138325,30.044944207832984,30.06928946742849,13184800
2021-08-20,31.047977447509766,31.099103040712258,30.546458131636243,30.624364062814887,6744800
2021-08-23,31.59575843811035,31.729660146594075,31.298741453782217,31.298741453782217,5265200
2021-08-24,31.688270568847656,31.771044813195896,31.617666166725645,31.688270568847656,4304000
2021-08-25,31.82947540283203,31.902509314995573,31.66879336637619,31.727224210955047,2995600
2021-08-26,31.452117919921875,31.814865405528195,31.43751113725962,31.80025862286594,7281200
2021-08-27,32.004764556884766,32.063191687227466,31.561672339262945,31.57384589636703,7420800
2021-08-30,32.287174224853516,32.40890237827534,32.07536842665104,32.10701893529221,5035600
2021-08-31,32.211708068847656,32.32613284696456,32.10458668381489,32.27013892836979,7054400
2021-09-01,32.22874450683594,32.4137699478691,32.19222383482604,32.33342892726508,5611600
2021-09-02,32.421077728271484,32.54280588842037,32.24091871390563,32.438121453819676,3719200
2021-09-03,32.40890121459961,32.481938846999896,32.18735880661141,32.25795949852777,5042000
2021-09-07,32.17518615722656,32.3602116116631,32.06806478866126,32.34317160203593,4952000
2021-09-08,32.09971618652344,32.19953045104471,31.800262248414093,32.08997585373938,6045600
2021-09-09,31.81243324279785,32.32369294214509,31.775916284922282,32.05345630932124,6470400
2021-09-10,31.323087692260742,32.165444389579896,31.291437185274496,32.109450482091205,9318000
2021-09-13,31.456985473632812,31.78808614092633,31.121014640906928,31.76130580331995,15240800
2021-09-14,31.128318786621094,31.710179122501486,30.991983869990218,31.678528618695083,11233600
2021-09-15,31.634702682495117,31.71747690798551,31.021191951233842,31.177003787682253,9926800
2021-09-16,31.5275936126709,31.70531568708663,31.096676741177543,31.561677349063622,9875200
2021-09-17,30.92868995666504,31.48620513146356,30.86782587894587,31.410734269467547,15334400
2021-09-20,29.89156150817871,30.23726897707052,29.166062840077537,30.005986255997943,24785200
2021-09-21,29.847740173339844,30.41742884617335,29.757662536629695,30.22509815810782,13826000
2021-09-22,30.407379150390625,30.71422972302698,30.032339974501767,30.161411524658302,14553600
2021-09-23,31.155019760131836,31.38637605902876,30.655778882827928,30.692309020337966,9560000
2021-09-24,31.254867553710938,31.35715045473757,30.87252273587327,30.909052874239933,7785200
2021-09-27,31.081958770751953,31.267043434015676,30.96750040091774,31.094136102308752,10027600
2021-09-28,29.81559944152832,30.704490915720143,29.710880689368732,30.648477782146305,23703200
2021-09-29,29.913009643554688,30.271001665336232,29.83507954655463,30.020162365679724,13817600
2021-09-30,29.179977416992188,30.232034618272827,29.15562461091625,30.132187555961472,22155600
2021-10-01,29.86917495727539,30.117576570064248,28.929142082172216,29.428381145934175,20682400
2021-10-04,29.11178970336914,29.83507939965212,28.79032782257671,29.706007851318805,23286000
2021-10-05,29.70600700378418,30.032338693429615,29.2067661172669,29.31879051183175,13209600
2021-10-06,29.954408645629883,29.983633127822696,28.94375139696188,29.182413356536497,18548000
2021-10-07,30.465822219848633,30.88226129849838,30.4049392810168,30.436599598329256,10979600
2021-10-08,30.348928451538086,30.63629600125157,30.2612568697272,30.58028287920578,9932400
2021-10-11,29.917877197265625,30.685002634733962,29.90813570362794,30.261257880494284,8168400
2021-10-12,29.766887664794922,30.10539666053612,29.652427440997563,30.051819376375665,10218400
2021-10-13,29.976322174072266,30.098088048903335,29.479519039801335,29.905699601710072,9806000
2021-10-14,30.97724151611328,31.00890183647316,30.446342164078633,30.51696660288141,8906800
2021-10-15,31.454565048217773,31.51057631616118,31.208595576466305,31.310882192362953,8079600
2021-10-18,31.654268264770508,31.690800271227488,31.08927631504627,31.18668756692943,7330000
2021-10-19,32.1242790222168,32.13645635480747,31.79307564215148,31.885615194640195,6001200
2021-10-20,32.372676849365234,32.42382015681129,32.18028838344903,32.187594039369905,9308400
2021-10-21,32.552886962890625,32.577241623083175,32.22168365066882,32.28743826038917,5668800
2021-10-22,32.479835510253906,32.696578667173185,32.185164108375105,32.47252985341397,7822800
2021-10-25,32.811031341552734,32.87191427850448,32.37023947258206,32.635688185851755,4198000
2021-10-26,32.88652801513672,33.2420860282073,32.82564507369312,33.0472598723878,5773600
2021-10-27,32.579681396484375,33.0521336466424,32.577247416432044,32.94985074444326,5713200
2021-10-28,33.212860107421875,33.22259974204578,32.801290869571666,32.801290869571666,5890000
2021-10-29,33.346805572509766,33.388209246084756,32.81590806431447,32.85974200198191,7220400
2021-11-01,33.46613693237305,33.55624250231261,33.19094483044942,33.50266892915941,6745200
2021-11-02,33.7315788269043,33.77541647093891,33.46613013113686,33.4880470951545,6419600
2021-11-03,34.15289306640625,34.201598671935166,33.573286327413484,33.64390889803049,7802800
2021-11-04,34.454872131347656,34.47192113811226,34.18211775111185,34.23326105540593,10000000
2021-11-05,34.69597625732422,35.01013064803302,34.4621840914941,34.815308178508396,9061600
2021-11-08,34.7617301940918,34.941941346422446,34.64970393194003,34.86644708358119,5759200
2021-11-09,34.53523635864258,34.84695669672048,34.29901026738048,34.807990725460854,10216000
2021-11-10,33.97024917602539,34.520629658571345,33.72915137715789,34.24787525532734,10791200
2021-11-11,33.994598388671875,34.20647355237422,33.98485875305331,34.19185852494659,4883200
2021-11-12,34.50115203857422,34.581517984034654,34.03357139625946,34.18212595314076,6622000
2021-11-15,34.51088333129883,34.71788307362655,34.34284584188029,34.69353213005822,7012800
2021-11-16,34.77634048461914,34.96629498424603,34.464620089539096,34.476797422284456,5653600
2021-11-17,34.61316680908203,34.77389493060022,34.52305753992857,34.74710629101396,6251200
2021-11-18,34.84452819824219,34.89566779206537,34.35259295270421,34.78121127198488,7078400
2021-11-19,34.7203254699707,35.027174155671005,34.66918216435407,34.84452533218277,5173600
2021-11-22,34.5230598449707,35.40951527410399,34.49627120359581,34.995512038673546,11969200
2021-11-23,34.63508987426758,34.74711241154278,34.06766038380826,34.46948633238243,13133200
2021-11-24,34.77876663208008,34.81529862208862,34.16993729193163,34.30875216516519,11372400
2021-11-26,33.27374267578125,33.97024359769102,33.066739211311784,33.75593447833434,16210800
2021-11-29,34.06278610229492,34.33797818037816,33.641477197724825,33.97755221584419,12191600
2021-11-30,32.77450180053711,33.96780583232447,32.69170190131909,33.67313450981345,24633200
2021-12-01,32.00251007080078,34.03599807515814,31.9635440966335,33.60007785166112,21236800
2021-12-02,32.9571533203125,33.20555675443671,31.965977279640256,32.01224890831042,26122400
2021-12-03,32.41163635253906,33.390634926435354,31.749229763992236,33.22746911678584,34248400
2021-12-06,33.166595458984375,33.44909323049792,32.414083111004544,32.78668645674214,16867600
2021-12-07,34.53523635864258,34.62290793597696,33.96780694367276,33.975112598784,13842800
2021-12-08,34.71302032470703,34.783646626014644,34.32824335979078,34.6107374170204,9857600
2021-12-09,34.243003845214844,34.661878805449895,34.22352085683181,34.51089029048147,7860800
2021-12-10,34.88349533081055,34.91271795682008,34.26979417260856,34.67649182057567,7332400
2021-12-13,34.28196716308594,34.85426457395012,34.23082385804712,34.810430640488086,10077600
2021-12-14,33.79246520996094,34.14558922985061,33.32732237898849,33.74863127745033,14526000
2021-12-15,34.85426712036133,34.88836142087817,33.419865086617,33.80464574444995,14868400
2021-12-16,34.23570251464844,35.1830411129664,33.987299026379816,35.139203454565795,21803200
2021-12-17,33.505104064941406,34.216216444777615,33.237217609934525,33.73645852190178,23133600
2021-12-20,32.78181076049805,32.849999356846475,32.22899261810207,32.71118818427996,21446000
2021-12-21,33.955631256103516,33.97268026285435,32.9790702436552,33.307839603566585,12248000
2021-12-22,34.62778854370117,34.642399857692666,33.88014410579867,33.90937044978216,9386400
2021-12-23,35.05768585205078,35.28920961401653,34.76767034990355,34.79203911927282,8054800
2021-12-27,36.04958724975586,36.05202301132063,35.26971589623641,35.279462661215426,7790800
2021-12-28,35.993534088134766,36.27379912862509,35.861928592514026,36.12513586503565,7495600
2021-12-29,36.08126449584961,36.23723873954493,35.83755450765572,36.01058651679057,5320000
2021-12-30,35.88142395019531,36.29816970607712,35.80099920015778,36.130009203154984,6634400
2021-12-31,35.67184066772461,35.97647824593151,35.64990765458662,35.783948932741744,7302400
2022-01-03,36.09345626831055,36.11538927811537,35.520736220829804,35.89604802390748,12192400
2022-01-04,36.07395935058594,36.43952439222907,35.7766328192186,36.329855623480114,12522800
2022-01-05,34.701866149902344,36.13975363749739,34.675057901618125,36.017898639609015,19431600
2022-01-06,34.61901092529297,35.04062824106707,34.24613487236628,34.606824679901116,18511200
2022-01-07,34.358238220214844,34.8017922498865,34.12915020214002,34.60682348650028,14526000
2022-01-10,34.263187408447266,34.28999565672733,32.94227967778845,33.83669491590409,19777200
2022-01-11,34.867591857910156,34.8919606269391,33.744088597144994,34.214447117190346,14002400
2022-01-12,35.06743621826172,35.38669576393498,34.760362917884684,35.152736216615324,11756000
2022-01-13,34.095027923583984,35.33307518475703,33.93905367045224,35.235592671069504,7847800
2022-01-14,34.11452865600586,34.16814515962857,33.41264630455199,33.58324258029703,8342400
2022-01-18,32.925228118896484,33.41264820226301,32.74000610723633,33.368778461025556,8974600
2022-01-19,32.22334289550781,33.3492821290751,32.179473153063256,33.13481981522242,8198800
2022-01-20,31.51658058166504,33.21767542660373,31.438591592728645,32.50116739530919,12442400
2022-01-21,30.259037017822266,31.68717788575945,30.259037017822266,31.34598162605253,18819000
2022-01-24,30.517372131347656,30.600232654151966,27.885302901694182,29.430425553808263,32643400
2022-01-25,29.76674461364746,30.49787474535852,28.76753380551436,29.586399701779552,30677000
2022-01-26,29.644886016845703,31.08277547435568,29.006365109447074,30.634348080781113,23318800
2022-01-27,29.328060150146484,30.741578876666733,29.08435015311608,30.29315337462345,15421000
2022-01-28,30.780574798583984,30.78544818063271,28.865013984189574,29.518156880946954,13776000
2022-01-31,31.891889572143555,31.94063082660142,30.48324612161098,30.678212998802113,11480000
2022-02-01,32.330570220947266,32.41830597167286,31.467834719025674,32.008871228713566,8326400
2022-02-02,32.9544677734375,33.061700772584494,32.335442266986995,32.68638527557002,7257400
2022-02-03,31.404468536376953,32.31106997000655,31.272866781884563,32.028365497429746,11295200
2022-02-04,31.7115478515625,32.262334898265586,31.014538877737447,31.380102062662214,10662200
2022-02-07,31.492210388183594,32.00887446202431,31.287494855384814,31.80415892922553,8258800
2022-02-08,32.003997802734375,32.13559956163634,31.194878847638467,31.40934482970617,6697400
2022-02-09,32.92034912109375,32.969090380125714,32.57915287043058,32.61814736514404,6309400
2022-02-10,31.760292053222656,32.959344922812114,31.443468278871656,32.02837084788901,15692800
2022-02-11,30.488122940063477,32.072239919547904,30.283407417032432,31.76516291628157,14044600
2022-02-14,30.302902221679688,30.648971854369535,29.7911115646007,30.415010464257993,11685200
2022-02-15,31.267995834350586,31.292364604748215,30.86831155637611,30.94629868721601,6359800
2022-02-16,31.345985412597656,31.540954196164986,30.67822039682375,30.960924947060366,5888600
2022-02-17,30.01045036315918,30.93654914121568,29.908092605613092,30.853686771278504,6695000
2022-02-18,29.605894088745117,30.21516913958943,29.27932169462542,30.03482238580039,8798400
2022-02-22,28.981992721557617,29.771614459419443,28.455580089009473,29.279319218724876,11808200
2022-02-23,27.93891716003418,29.459667197742128,27.851181402151035,29.371931439858983,12881200
2022-02-24,28.76753044128418,28.8308955659097,26.432788047477814,26.47178254243501,23458200
2022-02-25,30.039697647094727,30.054319653329387,28.71878792288686,28.93812731320624,14790200
2022-02-28,29.888593673706055,30.09818441840486,29.074603181927685,29.2646966807569,17989600
2022-03-01,28.981992721557617,29.961707961710708,28.601805716975083,29.69362547452073,17063400
2022-03-02,30.025075912475586,30.26391256763211,29.191588029466548,29.308569665726075,17382000
2022-03-03,29.74237060546875,30.4783740364055,29.484038583245894,30.4052621471484,14459000
2022-03-04,29.254953384399414,29.42067628574539,28.66517553465875,29.196463495500847,14339000
2022-03-07,27.534360885620117,29.20133665148906,27.519737018988966,29.16721739494976,16817200
2022-03-08,27.110301971435547,28.53844283039155,26.949454325890272,27.544105507413875,23793800
2022-03-09,28.55306625366211,28.826020280507834,27.963286604170758,28.26548836154975,14237000
2022-03-10,28.30448341369629,28.421465049017844,27.622094569600584,27.899925721069277,10917200
2022-03-11,27.583099365234375,28.733410924906,27.50511223539358,28.65054855356024,12249800
2022-03-14,27.173667907714844,28.1582566361938,27.012818398010488,27.67570996644067,12240200
2022-03-15,28.353221893310547,28.445832887827272,27.349137834224774,27.5392313460183,9657600
2022-03-16,29.62538719177246,29.630262433044653,28.18262442892318,28.860137935696873,15275000
2022-03-17,30.36139488220215,30.366268264506967,29.29394379953653,29.34268691938422,10391400
2022-03-18,31.00966453552246,31.07302966565755,30.029951006535434,30.132308775658252,9804000
2022-03-21,31.024288177490234,31.297242226508438,30.493000227188364,31.024288177490234,11370600
2022-03-22,31.726173400878906,31.862654156376042,31.214384512965964,31.214384512965964,7972200
2022-03-23,30.911678314208984,31.57010109382602,30.911678314208984,31.360381452226132,8081600
2022-03-24,31.83834457397461,31.843222813339445,31.04823910266177,31.21406389150552,7094400
2022-03-25,32.145606994628906,32.19437822009627,31.55058836931155,31.94564013290495,8127800
2022-03-28,32.59431076049805,32.604063517948525,31.774941457425758,32.052941557342805,6381200
2022-03-29,33.42831802368164,33.486845743595204,32.7894062289052,33.17957986530781,9472400
2022-03-30,33.01862335205078,33.36002938654985,32.672342799506204,33.238099457301495,6084400
2022-03-31,31.999296188354492,33.00399777975073,31.965155951394625,32.88206783046452,11865400
2022-04-01,32.150482177734375,32.2333936348451,31.62374400137317,32.21876263900275,7886800
2022-04-04,32.70161056518555,32.71624156225262,32.067573404899065,32.184625102442006,6279600
2022-04-05,31.891996383666992,32.85280495367639,31.71153872399298,32.477258636166866,8899200
2022-04-06,31.23845100402832,31.57985333546869,30.809255249067473,31.301853231008295,12619400
2022-04-07,31.550586700439453,31.823708525414645,30.819005333605187,31.111638252439473,10742200
2022-04-08,31.3896427154541,31.813960228159054,31.160413842648193,31.448170423725706,8004400
2022-04-11,30.311782836914062,31.018974977384147,30.23862413110528,30.89216866255252,10137400
2022-04-12,30.077678680419922,31.116522358349236,29.858206262416612,30.73610151593992,10638000
2022-04-13,30.775117874145508,30.87266220383206,30.009397955936574,30.03378543373572,7713400
2022-04-14,30.014278411865234,30.960454200530002,29.980138173029626,30.799507626091202,8162600
2022-04-18,30.024028778076172,30.263010416068717,29.702133814298207,29.86308036593558,7941000
2022-04-19,30.975080490112305,31.09213404868169,29.980133614536918,29.99964099054582,7065800
2022-04-20,30.931184768676758,31.335993042658448,30.770238223234468,31.24332510208266,8205400
2022-04-21,30.009395599365234,31.672521731686178,29.882589283082872,31.47743308763295,10303600
2022-04-22,28.360904693603516,29.89234443721488,28.28286960668393,29.848449584541164,15042000
2022-04-25,28.677921295166016,28.707185150321937,27.39521781529805,28.039009605205777,23352000
2022-04-26,27.02454948425293,28.356024090358694,27.019673105697116,28.32676209801767,24766000
2022-04-27,27.175745010375977,27.90732463389576,26.887990284038068,27.170866771004057,19542000
2022-04-28,28.55111312866211,28.780340134114578,27.21963850357527,27.829288159411906,14701800
2022-04-29,26.43441390991211,28.282872424851845,26.331993196969083,27.985363044919175,16386000
2022-05-02,26.75143051147461,26.931888178559397,25.541885620531254,26.434413755102277,22453600
2022-05-03,27.005043029785156,27.322061623146148,26.61486758753542,26.814832617969863,13651600
2022-05-04,28.638906478881836,28.716941570356855,26.64900885551386,27.087957407875425,20668800
2022-05-05,26.6197452545166,28.043886053221243,26.01984831561355,28.03900967426819,24262800
2022-05-06,26.28321647644043,26.722164986399882,25.561391484898454,26.24907624349949,18009200
2022-05-09,24.610336303710938,25.63942519717004,24.38598568195766,25.473600420112607,17386400
2022-05-10,24.707883834838867,25.561393444811298,24.186023822153132,25.371183029412254,18834200
2022-05-11,23.91777801513672,25.312656857805855,23.825110067929362,24.566444343071815,21524200
2022-05-12,23.87388038635254,24.28356502077208,22.991107033715544,23.503212361614207,22651800
2022-05-13,25.00539207458496,25.18097148415307,24.264057823354744,24.395742380530823,14613000
2022-05-16,24.820058822631836,25.283392976699414,24.493287469444102,24.785918587537694,15493200
2022-05-17,25.81012725830078,25.84914572980236,25.11268975498974,25.59553124655147,14415000
2022-05-18,23.74219512939453,25.244370836955714,23.566615739828276,25.210230606818165,18674800
2022-05-19,23.430063247680664,24.00069460853892,23.156939447827536,23.32276427979128,24339800
2022-05-20,23.449567794799805,23.9616731890645,22.36195105375239,23.89339271789631,23473800
2022-05-23,24.337217330932617,24.4298834176941,23.55198820149583,23.859250317838097,14423800
2022-05-24,23.971424102783203,24.11773964131484,23.113036385192373,23.795844712344035,16472800
2022-05-25,24.405498504638672,24.639603778338635,23.72269006096961,23.766584916069814,13877400
2022-05-26,25.356552124023438,25.56626991729063,24.517673508941442,24.542059125786157,10796800
2022-05-27,26.60511016845703,26.61486478604941,25.654056348985428,25.683320201762566,10631200
2022-05-31,26.297847747802734,26.746550880501342,25.92230518153199,26.38563745071109,13650800
2022-06-01,25.87841033935547,26.717287035609232,25.527251527596157,26.575849723542333,16242200
2022-06-02,26.844097137451172,26.858728135489965,25.546762597084335,25.84914833974037,9011200
2022-06-03,25.975954055786133,26.419778970771013,25.834516736881305,26.205182942378336,7796400
2022-06-06,26.122270584106445,26.731920274041222,25.9662004123234,26.51244601356406,7151200
2022-06-07,26.614866256713867,26.683146723130438,25.595531918273068,25.649181387744136,7434400
2022-06-08,26.04423713684082,26.629499387598603,25.936938189300346,26.395394115194826,6744800
2022-06-09,24.800552368164062,26.09788702882538,24.795675988533407,25.800379498264963,10098000
2022-06-10,23.352022171020508,24.08360179664957,23.34226755275174,23.981179235079072,14187000
2022-06-13,21.571842193603516,22.38145682440596,21.367000811829616,22.13272059503722,19121000
2022-06-14,21.43528175354004,21.893737613873913,21.059737351355707,21.786438681677517,11468600
2022-06-15,22.040056228637695,22.586303722796877,21.23531970647119,21.83521481370549,18717000
2022-06-16,20.620792388916016,21.074371948242987,20.279390019963135,21.030477092162847,19460800
2022-06-17,20.65492820739746,21.05485820590813,20.250121830589187,20.63054259490349,14405400
2022-06-21,21.70352554321289,21.869350307176656,21.337735786866606,21.337735786866606,8824200
2022-06-22,21.620616912841797,22.127844027183162,21.13777355283529,21.186544782511316,10338800
2022-06-23,22.054689407348633,22.132724499003643,21.449916051644795,21.879109985999023,10428000
2022-06-24,23.44468879699707,23.44468879699707,22.43023266008302,22.435109039078785,11837600
2022-06-27,23.27886390686035,23.586127876407502,23.127670111574528,23.56661863949903,7569200
2022-06-28,22.322933197021484,23.8056016846223,22.29854758160436,23.444688250737986,10103600
2022-06-29,22.269283294677734,22.493633928966982,22.044932660388483,22.36682761495663,8442000
2022-06-30,21.89862060546875,22.298550707992376,21.347496689355573,21.791321649985623,11711000
2022-07-01,22.357074737548828,22.41560059007159,21.503565124536717,21.82058372499968,10271000
2022-07-05,22.44486427307129,22.449740652200777,21.381635014526815,21.737670227084802,9357400
2022-07-06,22.605812072753906,22.903321449578844,22.16686536736749,22.469251123589697,9256000
2022-07-07,23.259353637695312,23.361776196667645,22.810652371733294,22.810652371733294,7275800
2022-07-08,23.225215911865234,23.45932118813753,22.869180687919663,23.054514729323984,7265600
2022-07-11,22.703351974487305,23.0057376716965,22.605807661047976,22.89356236241733,6317600
2022-07-12,22.293670654296875,22.913074996963058,22.07419638161936,22.615565634056125,8111000
2022-07-13,22.054689407348633,22.410724629306074,21.562091379617414,21.61574085397461,10986000
2022-07-14,21.932756423950195,22.010791504801904,21.137772758677546,21.44991308208438,8930000
2022-07-15,22.771635055541992,22.781389674058463,22.244898679175257,22.483880321067446,8004400
2022-07-18,22.396093368530273,23.23009567944863,22.244901414193976,23.14718234211602,7124400
2022-07-19,23.605640411376953,23.669042649432885,22.791147331432015,22.87893704928245,8896000
2022-07-20,23.912900924682617,24.083603969029003,23.4544449877161,23.625146171559123,9300200
2022-07-21,24.390867233276367,24.390867233276367,23.522726554244787,23.829990559942715,7985200
2022-07-22,23.942161560058594,24.551811221029222,23.64465222782443,24.39086281749148,8588800
2022-07-25,23.986059188842773,24.093358136965136,23.703180820339576,23.995813807808744,8169800
2022-07-26,23.410547256469727,23.800722671976928,23.29837194079285,23.771460678628348,5755200
2022-07-27,24.634723663330078,24.849321543263336,23.795846961555664,23.834863573950592,10685800
2022-07-28,25.24437713623047,25.332166852919922,24.27381573355763,24.727395316285318,12716800
2022-07-29,25.990585327148438,26.09788240454219,25.33216256346716,25.439461501364068,7272600
2022-08-01,25.824764251708984,26.15153563060951,25.527254870618407,25.615044585055085,7032400
2022-08-02,25.488235473632812,26.093008833440575,25.322410670177728,25.610165421452628,7327400
2022-08-03,26.27346420288086,26.424658005470388,25.722342187367726,25.75648242335515,6228600
2022-08-04,26.234447479248047,26.341744565977887,26.010096826399916,26.258833096209223,3744000
2022-08-05,26.122270584106445,26.219813046093446,25.64918182935603,25.654058208254103,8205400
2022-08-08,26.083250045776367,26.658759456349284,25.927179886350125,26.361250133535805,6873600
2022-08-09,25.863779067993164,26.039358484640456,25.72234174725244,25.980832632592456,3822600
2022-08-10,26.94651985168457,26.970905470399885,26.536835131555563,26.790449659302418,7769600
2022-08-11,26.95139503479004,27.575677637108708,26.848974324430348,27.32693949994561,6290400
2022-08-12,27.843923568725586,27.858554567423514,27.073325388575835,27.2001335789692,5257400
2022-08-15,28.082908630371094,28.146310868541345,27.53666108264934,27.53666108264934,5217000
2022-08-16,28.185325622558594,28.448694741774656,27.814657559846374,27.926832882363605,4700600
2022-08-17,27.79026985168457,28.151183268681848,27.50251513801879,27.682970916265873,7937600
2022-08-18,27.931711196899414,28.0243772825747,27.624447223655505,27.790272018366142,4973800
2022-08-19,27.180622100830078,27.58543039615039,27.05869216038467,27.565921159158346,7305400
2022-08-22,26.04911231994629,26.536832080185317,25.917427761421365,26.52220108273918,8060200
2022-08-23,25.907672882080078,26.2978483142418,25.834516035082817,25.971076971213613,7190400
2022-08-24,26.07349967956543,26.2539573424846,25.79062316717065,25.883289258032097,6200800
2022-08-25,26.80507469177246,26.809952930731725,26.127144595671513,26.253952761569884,7487400
2022-08-26,24.985881805419922,26.853849283857596,24.976127187457738,26.790445197354966,13691600
2022-08-29,24.644479751586914,25.039533440980765,24.47377857373338,24.59083027840343,9761000
2022-08-30,24.098234176635742,24.829813844245212,23.82998867061293,24.805428227425555,11550200
2022-08-31,23.73244285583496,24.46889885646315,23.71781185876056,24.30307592827809,8479800
2022-09-01,23.869007110595703,23.912901968428876,23.108165388825306,23.449569631916265,14305600
2022-09-02,23.366655349731445,24.49328874816618,23.13742645027203,24.3372185623012,13628800
2022-09-06,23.19107437133789,23.58612804936691,22.90819787610359,23.473952727075442,9524200
2022-09-07,24.025074005126953,24.11286370874339,23.1325478323641,23.15205706883513,9179600
2022-09-08,24.32745933532715,24.38598517881546,23.56661592796702,23.708055088524876,10035400
2022-09-09,25.08342933654785,25.190728287368696,24.581078540438217,24.600585918357424,8994000
2022-09-12,25.61504364013672,25.71258797041285,25.307779650943075,25.35655274633282,8305800
2022-09-13,23.39591407775879,24.62984429562416,23.2300893090711,24.473774143977273,14947000
2022-09-14,23.55198860168457,23.747075397208334,23.137425672752865,23.532479363981203,8350800
2022-09-15,23.02037239074707,23.70805715840939,22.85942398147348,23.347143727631245,10183600
2022-09-16,22.674091339111328,22.737493565211867,22.249773829344157,22.48387907930028,20368000
2022-09-19,23.010618209838867,23.010618209838867,22.254652961029212,22.254652961029212,12038400
2022-09-20,22.4838809967041,22.708233508318205,22.1376004012283,22.596058182762803,13921200
2022-09-21,21.693777084350586,23.083779669328266,21.688900704836396,22.71798980915047,20981600
2022-09-22,21.313356399536133,21.7084082610387,21.225566683534797,21.59623292625998,13905400
2022-09-23,20.596403121948242,20.903667060068386,20.06966680281676,20.898788821088598,16896600
2022-09-26,20.20134925842285,20.8500173581627,20.045279101892053,20.430578114797537,13150200
2022-09-27,20.08430290222168,20.864653892003037,19.8063027458306,20.60616297548237,17760200
2022-09-28,20.869529724121094,21.069494758460394,19.996510875943265,20.1915995311294,19222000
2022-09-29,20.006263732910156,20.47935247074703,19.64535031075048,20.45008861689523,17129200
2022-09-30,19.372230529785156,20.333037244774193,19.36247591078738,19.898966932141597,18307600
2022-10-03,20.40131950378418,20.60616092048468,19.591702874434603,19.806300770600835,14154800
2022-10-04,21.645002365112305,21.654756983074876,21.03047445699224,21.03047445699224,16947800
2022-10-05,21.557212829589844,21.825458313860686,20.84514245737906,21.128018938454606,12285600
2022-10-06,21.0938777923584,21.72303667476682,21.030473708111025,21.357246886460025,12796400
2022-10-07,19.918472290039062,20.65005182783114,19.698998056600846,20.61591159824108,19452800
2022-10-10,19.606338500976562,20.064794493910277,19.35272395366102,20.035532493395447,11022400
2022-10-11,19.347843170166016,19.933107290082393,19.138125372195134,19.416125503567326,11795000
2022-10-12,19.225910186767578,19.577068975367077,19.201524573226624,19.401489581067327,11263000
2022-10-13,20.235490798950195,20.396437329524527,18.304119408537414,18.430927570083707,24841800
2022-10-14,19.313703536987305,20.703706097768837,19.23566844259456,20.50374105210596,18909000
2022-10-17,20.29401969909668,20.420826019248818,19.991633966039082,19.996510345062788,8556600
2022-10-18,20.762229919433594,21.24507329778231,20.372054485693997,21.21580944256313,13360800
2022-10-19,20.484230041503906,20.840265245155372,20.142825835378193,20.533001273591903,8030200
2022-10-20,20.12331771850586,20.92317973699733,20.025775248900167,20.415950708832987,10439000
2022-10-21,21.098758697509766,21.152408175652052,19.908723000685367,20.079424194316758,16862600
2022-10-24,21.610862731933594,21.742547287326254,20.96219457320344,21.274334914651288,15791200
2022-10-25,22.293670654296875,22.337565508832377,21.591354842232136,21.591354842232136,11834200
2022-10-26,21.962020874023438,22.600934449087625,21.879109405310732,21.923004259483132,12346400
2022-10-27,21.708404541015625,22.2936685938973,21.64012407593834,22.07419434150378,11360200
2022-10-28,22.74237060546875,22.805772828226708,21.679141488490597,21.69377248443427,13055800
2022-10-31,22.42047691345215,22.66921316079175,22.303423357907946,22.435107910206494,16312400
2022-11-01,22.215633392333984,22.89356352127399,22.069317845020112,22.864301528113092,11170000
2022-11-02,21.08900260925293,22.68872277876868,21.084124369917255,22.1424771848736,23370400
2022-11-03,20.645179748535156,21.00609135378451,20.401319851824862,20.69395098367587,13899200
2022-11-04,21.24019432067871,21.523072663130378,20.537878564338097,21.313353025934326,17922800
2022-11-07,21.649879455566406,21.71328354415592,21.142650467856704,21.396264961711555,7564800
2022-11-08,21.879108428955078,22.2302672466638,21.386510436279984,21.781564106202296,9554800
2022-11-09,20.96707534790039,21.76205729474697,20.903671251969755,21.610865345109154,11361000
2022-11-10,23.264232635498047,23.308127487773643,22.24977465424127,22.518020146812926,14572200
2022-11-11,23.72756576538086,23.81535546620081,23.13742347420162,23.376406962101065,13169000
2022-11-14,23.3227596282959,23.912900112982438,23.27886477386861,23.498339046005054,17694200
2022-11-15,23.722688674926758,24.15675896083219,23.234968918088615,24.02019802427854,15723000
2022-11-16,23.352022171020508,23.610513043381754,23.264232467104765,23.51296872119724,6717000
2022-11-17,23.19107437133789,23.264233080029534,22.69847822905768,22.742373082172016,14591400
2022-11-18,23.39103889465332,23.59588215826372,23.039881937826248,23.59100391885457,8805800
2022-11-21,23.205707550048828,23.356899488029388,22.98623328144432,23.210583929127473,5447600
2022-11-22,23.825109481811523,23.85437333713129,23.2788638726985,23.434934046730792,8235400
2022-11-23,24.12749671936035,24.190898947538493,23.761706905473158,23.781214281564708,8466400
2022-11-25,24.107986450195312,24.181145154040568,24.02507312847048,24.05921522130056,2282800
2022-11-28,23.33738899230957,23.922653056861886,23.244722910785864,23.722688036361024,5759800
2022-11-29,23.259353637695312,23.493458888697646,23.030126625955216,23.342266960624993,8200200
2022-11-30,24.688377380371094,24.698132000273677,23.044762067107776,23.273990983559706,18836600
2022-12-01,24.678619384765625,25.000514355505935,24.35672441402532,24.854198797988204,9849000
2022-12-02,24.6054630279541,24.722514732106053,24.029953544447693,24.039708163210904,7580600
2022-12-05,23.717811584472656,24.36647787414647,23.55686317650279,24.24454793859469,9877000
2022-12-06,23.035003662109375,23.761706911160616,22.771634549526787,23.693426443565844,11626400
2022-12-07,22.942338943481445,23.234970067863802,22.81065437935839,22.92282970572174,11474200
2022-12-08,23.288618087768555,23.430057261942785,22.971599505723304,23.161811771252374,7632000
2022-12-09,22.94721031188965,23.45931559798651,22.932579317016366,23.132544309130488,7451200
2022-12-12,23.595882415771484,23.60075879473064,22.961847102397147,23.035003949803862,5601400
2022-12-13,23.966548919677734,24.961497685356246,23.62026833355048,24.951743066809996,17887400
2022-12-14,23.659284591674805,24.3957424665714,23.278863776604357,23.908022709607962,16961200
2022-12-15,22.4838809967041,23.14718019173021,22.27416134355604,23.025250247365214,15139400
2022-12-16,21.9473876953125,22.327808486670257,21.68889683559537,22.166861944366246,24762200
2022-12-19,21.557212829589844,22.005914096296976,21.371878807883217,21.9620192453797,10270400
2022-12-20,21.620616912841797,21.815703692049045,21.3279839532762,21.46942312404108,8246400
2022-12-21,22.274160385131836,22.405844942640236,21.869353954719983,21.927879804555978,8236200
2022-12-22,21.623403549194336,21.917199046921937,20.932982448418873,21.88782061789291,17033600
2022-12-23,21.863338470458984,21.87802768530902,21.31491745591156,21.500988938272517,10139200
2022-12-27,21.68216323852539,21.887821590397355,21.491195969726903,21.84864785940982,5032600
2022-12-28,21.143539428710938,21.902512790258907,21.119056778578386,21.677269420389063,9571800
2022-12-29,21.882925033569336,21.990650931261868,21.41774909623827,21.45692096127694,7533800
2022-12-30,21.76540756225586,21.780096778151464,21.319816623660667,21.56954263341794,13442000
2023-01-03,21.569534301757812,22.220783350865606,21.246358601542738,21.985746647791526,13152600
2023-01-04,21.912302017211914,22.15223642542432,21.49119379131225,21.85354329459288,10603400
2023-01-05,21.398160934448242,21.677267227114005,21.334504556219088,21.667473794470574,9562400
2023-01-06,22.37258529663086,22.509691492859762,21.40795547993738,21.760509733896203,12110600
2023-01-09,22.352996826171875,23.01893336594681,22.323616531277917,22.63699887185579,8303600
2023-01-10,22.666379928588867,22.666379928588867,22.162028456107645,22.274651989700164,8364000
2023-01-11,23.219697952270508,23.2343890361429,22.749624362294934,22.842661044496587,6890400
2023-01-12,23.381282806396484,23.557560839508636,22.842657143359208,23.342109079968857,12891400
2023-01-13,23.56735610961914,23.63101061817063,22.955280595734727,22.989556675079758,8587200
2023-01-17,23.474321365356445,23.758325323735523,23.38618233468062,23.572253829208073,5987000
2023-01-18,22.739830017089844,23.738737756658974,22.700658153449307,23.616322647434515,9986600
2023-01-19,22.38727569580078,22.661484344061638,22.220791073111126,22.460723640339374,12513600
2023-01-20,23.21479606628418,23.22948527838829,22.352994711234693,22.548857721611164,7264000
2023-01-23,23.7534236907959,24.003151525144553,23.195211168707477,23.307832829487943,9677600
2023-01-24,23.699565887451172,23.82687677913592,23.410666155033052,23.562459694975676,9505200
2023-01-25,23.73383903503418,23.763217462149854,22.925898667043352,23.20010915019494,13811200
2023-01-26,24.238191604614258,24.25288081997794,23.675081355526345,24.042326682868985,8924400
2023-01-27,24.345916748046875,24.63481647136906,24.07660202197057,24.105982319698782,10705800
2023-01-30,23.728939056396484,24.272462319566223,23.689767201451357,23.9835626512105,6964000
2023-01-31,24.424257278442383,24.424257278442383,23.74852551399947,23.777905805638166,10704800
2023-02-01,24.943300247192383,25.281167120597985,23.919909930582836,24.262672586137906,12228600
2023-02-02,25.653305053710938,25.82958307593774,25.178333923589374,25.413372531829094,13680000
2023-02-03,25.109786987304688,25.672897245442073,24.94820001198843,25.011856392764585,11331800
2023-02-06,24.791507720947266,24.962888121706477,24.580953589782364,24.791507720947266,7576200
2023-02-07,25.447649002075195,25.59454673357969,24.51239780774584,24.66908897040477,12453800
2023-02-08,24.884540557861328,25.34971829610074,24.786608107509956,25.17833604100931,6820000
2023-02-09,24.434053421020508,25.33502858431188,24.27246460093113,25.315441721045392,7370200
2023-02-10,24.536884307861328,24.585849603422812,24.179432420124883,24.267571446460586,7170800
2023-02-13,25.114681243896484,25.124474675608326,24.56626027546985,24.625020865740915,4514000
2023-02-14,25.090198516845703,25.374200563939702,24.580951276925177,24.91881626430582,10009800
2023-02-15,25.251787185668945,25.251787185668945,24.698470399543613,24.806196287436922,5261800
2023-02-16,24.536884307861328,25.09020111365629,24.517297442474216,24.58095382102918,9653800
2023-02-17,24.40467643737793,24.429159085829827,24.01294845842851,24.252881028326005,7974600
2023-02-21,23.42045783996582,24.02273990810949,23.38128411135183,23.89053137589656,8590400
2023-02-22,23.36659812927246,23.655497880091193,23.170733194921766,23.45473716293963,10366400
2023-02-23,23.591838836669922,23.758323451727822,23.06790234443899,23.684873642649894,11942600
2023-02-24,23.072797775268555,23.175627879992707,22.75941541473413,22.95528032402125,12376400
2023-02-27,23.219697952270508,23.645703894348127,23.111973922009277,23.474321613817214,9896200
2023-02-28,23.04831314086914,23.400869200018604,23.03851970945876,23.165832449887645,11001200
2023-03-01,22.8818302154541,23.097280118514515,22.71044982300902,22.950382372432134,12166800
2023-03-02,23.219697952270508,23.31763041715869,22.578243949670423,22.617415814881852,12225000
2023-03-03,23.959083557128906,23.993359635747478,23.356801488380313,23.435147077780794,9783000
2023-03-06,23.983564376831055,24.341016217988887,23.939494869405785,24.05701417850852,9199200
2023-03-07,23.24907684326172,24.003154348926795,23.17073124968004,23.97377405086881,11009200
2023-03-08,23.317630767822266,23.410667451423055,23.0483178862595,23.258872035168274,8080800
2023-03-09,22.446035385131836,23.60653014321937,22.32362027109161,23.400873648226867,12540000
2023-03-10,21.789886474609375,22.62230947755769,21.613608442466663,22.35789242934362,35520600
2023-03-13,21.706647872924805,22.294238897697333,21.19740057474272,21.310022250087666,22782200
2023-03-14,22.44113540649414,22.632102649825566,21.90740553435721,22.304029234228306,18630800
2023-03-15,22.16692543029785,22.17671886195979,21.52057388385853,21.75561064002682,25959800
2023-03-16,22.906312942504883,22.955280103308954,21.804577041146857,21.868233416239054,17199400
2023-03-17,22.397066116333008,22.891622267506346,22.215890434778018,22.754517961815928,17275200
2023-03-20,22.80348777770996,22.857350727895277,22.392172911093347,22.460725077545042,12134400
2023-03-21,23.4008731842041,23.489012213997842,23.018936765795775,23.214801691538835,29115400
2023-03-22,22.60761833190918,23.817080040629055,22.597826768290084,23.381282611242593,17102000
2023-03-23,22.71044921875,23.415559501928204,22.392169220784858,22.93569254794366,12219200
2023-03-24,23.00424575805664,23.014039190371502,22.279548577912838,22.553759079010312,9641800
2023-03-27,23.09727668762207,23.366591361326048,22.984655036757637,23.288245783859228,7629000
2023-03-28,22.994449615478516,23.08258862801746,22.759412871343326,22.98955383385124,6542000
2023-03-29,23.650598526000977,23.679978824409464,23.34211193038396,23.47432047136268,6846600
2023-03-30,23.91011619567871,23.988461778301264,23.684871011221087,23.959081484353046,6346800
2023-03-31,24.58095359802246,24.61522967818579,24.012947582293457,24.027636797247375,8750200
2023-04-03,24.762126922607422,24.81109221671849,24.4634337719737,24.512400933991003,7276600
2023-04-04,24.497711181640625,24.874749944068725,24.316537342104585,24.840473862748564,9019200
2023-04-05,24.345916748046875,24.473227635723273,24.135362617427,24.385088610444896,8551200
2023-04-06,24.522193908691406,24.561365769667873,24.11087909495437,24.23818997801065,6690800
2023-04-10,24.576051712036133,24.580949361447505,24.135358528216365,24.19901302731656,5272600
2023-04-11,24.585847854614258,24.752332462749944,24.487915402551003,24.63971079664436,3812200
2023-04-12,24.38998794555664,24.864957316916467,24.306744696862683,24.830681234485542,8509600
2023-04-13,25.01185417175293,25.055921814639028,24.443846313582892,24.51240033874238,6488600
2023-04-14,24.89433479309082,25.20282136788614,24.590745868319498,24.938404303775865,7891800
2023-04-17,25.070615768432617,25.075511551123107,24.718059641712472,24.87475083849778,7290200
2023-04-18,25.095094680786133,25.271372717896636,24.913920861714175,25.26647506802905,6449200
2023-04-19,25.085302352905273,25.188130589776264,24.840472150123173,24.845369800206292,4693400
2023-04-20,24.796403884887695,25.006958019292824,24.595643183234703,24.70826485802479,12528200
2023-04-21,24.81598472595215,24.879641089434365,24.57605035153816,24.825778156326784,6475400
2023-04-24,24.869853973388672,24.918819269788045,24.62502375557915,24.786610728022147,8035800
2023-04-25,24.071704864501953,24.68378035624367,24.071704864501953,24.61522820003358,21168600
2023-04-26,23.870941162109375,24.277360133874495,23.79749136521744,24.150047401649257,7839000
2023-04-27,24.806194305419922,24.830676950374173,24.14025590239022,24.16963619707897,17527600
2023-04-28,25.21261215209961,25.222403715306882,24.683778079419305,24.693571510532568,7038200
2023-05-01,25.16854476928711,25.423166528088156,25.134268691452114,25.153853687424863,14043400
2023-05-02,24.59564208984375,25.075509065928184,24.22839678354285,25.07061328372291,10801600
2023-05-03,24.252878189086914,24.957990336556048,24.22839554350115,24.664192985808533,9211000
2023-05-04,23.90032386779785,24.145154058284962,23.733839263550372,24.101084549281037,10475800
2023-05-05,24.77681541442871,24.909023946159063,24.311639530225758,24.341017958672825,8319800
2023-05-08,24.791507720947266,24.845370666301953,24.610332019680357,24.811092718243838,4537000
2023-05-09,24.576051712036133,24.703364446048433,24.536879856274933,24.580949361447505,3214600
2023-05-10,24.796403884887695,24.992268804117774,24.31164110504802,24.92371664275914,8303800
2023-05-11,24.698469161987305,24.722953675577113,24.434053973535022,24.669090734329348,6571800
2023-05-12,24.620126724243164,24.86495694820869,24.321433552140203,24.850267732500797,6566200
2023-05-15,24.78171157836914,24.835574517833706,24.453638159769547,24.698468344313156,4953600
2023-05-16,24.458539962768555,24.757233137497526,24.448746529575068,24.644611457632017,5053200
2023-05-17,25.04123306274414,25.119578653609775,24.497709708904836,24.693574620022034,9786200
2023-05-18,25.516202926635742,25.565168217906933,24.962886169321873,24.992266464828266,11668600
2023-05-19,25.432960510253906,25.687584142469728,25.281166981673877,25.628825417467983,8804600
2023-05-22,25.43785858154297,25.648412706517785,25.276269750229456,25.44275436374661,7552400
2023-05-23,24.87964630126953,25.35951328271509,24.820885706712428,25.22730474682097,9012400
2023-05-24,24.502609252929688,24.713163394888014,24.360607274789167,24.664196229370745,14357800
2023-05-25,24.9188175201416,25.095095563452308,24.64950467304189,24.9188175201416,6616200
2023-05-26,25.555374145507812,25.648410811659627,24.977574757041303,24.977574757041303,10186800
2023-05-30,25.560274124145508,25.86386305947179,25.398685290046938,25.795310900001944,8434800
2023-05-31,25.28606414794922,25.44275533513524,25.085303447622987,25.320340228402017,7974400
2023-06-01,25.7463436126709,25.883447920998403,25.14405970301825,25.29585509288521,6691800
2023-06-02,26.50531768798828,26.588559058491892,26.005863861248113,26.07441601764077,9907400
2023-06-05,26.378005981445312,26.69138834756739,26.289866957485195,26.529801382244674,5571200
2023-06-06,26.500423431396484,26.56407981387209,26.245799769400463,26.31924958517281,6481800
2023-06-07,26.319246292114258,26.691387371296134,26.255589917603324,26.54448962603766,7815800
2023-06-08,26.622835159301758,26.6718023195568,26.201726920639246,26.30455702322175,9072800
2023-06-09,26.701181411743164,26.9607026977826,26.57387052772674,26.706079061843536,5341400
2023-06-12,27.190839767456055,27.190839767456055,26.73545547360392,26.833387921253877,4389800
2023-06-13,27.53360366821289,27.621742688366083,27.288773471766493,27.367119059913094,6269200
2023-06-14,27.602161407470703,27.83230243641115,27.15167465148387,27.582576407402197,6619000
2023-06-15,28.263198852539062,28.4296834630598,27.465051878462635,27.479741092715404,11772600
2023-06-16,28.057538986206055,28.542303577128177,28.008573696091375,28.527612495768906,7186200
2023-06-20,27.7833309173584,27.920435226691083,27.499326998990846,27.807813562895504,4726600
2023-06-21,27.47484588623047,27.739262955757287,27.411189509957815,27.63153706789683,5634000
2023-06-22,27.670705795288086,27.67560344485769,27.298564747956917,27.342634254553268,4571800
2023-06-23,27.23491096496582,27.474845383196758,27.14677194340394,27.205532536382655,4735200
2023-06-26,27.01456642150879,27.41119206273639,26.980290339071313,27.166361835093614,7110200
2023-06-27,27.607051849365234,27.680499783232328,27.063528546380894,27.127184916723884,6321000
2023-06-28,27.636436462402344,27.753955797965876,27.372021226220717,27.460160260916748,6097000
2023-06-29,27.82740020751953,27.84698520305143,27.509120214323286,27.558085505012198,6580400
2023-06-30,28.4737548828125,28.60106577332012,28.20933780109708,28.238716231572365,17573000
2023-07-03,28.54720115661621,28.571683803215244,28.38561419473764,28.419890273557527,3150000
2023-07-05,28.439477920532227,28.542306159821276,28.27788908630122,28.287682518791545,4527000
2023-07-06,27.984092712402344,28.0379537875637,27.646225839671768,27.944918983660052,8904600
2023-07-07,27.842092514038086,28.361131377460975,27.807816433167,27.842092514038086,8394000
2023-07-10,27.97429847717285,27.998781122980876,27.709881419471458,27.78333122480167,5461800
2023-07-11,28.33175277709961,28.3905115056826,27.940024806702514,28.067335696616706,4547000
2023-07-12,28.782238006591797,28.958516051247123,28.635340258681094,28.836100950003836,10043800
2023-07-13,29.203346252441406,29.320865571508495,28.94872261771789,28.98789634670899,4676600
2023-07-14,29.169069290161133,29.44817556309843,29.071136838555415,29.33555389751901,5877800
2023-07-17,29.36493492126465,29.51183266836142,29.134793934472444,29.134793934472444,4825600
2023-07-18,29.790939331054688,29.883974136233437,29.267002843335934,29.320865787141713,5497800
2023-07-19,29.913354873657227,30.089632922196785,29.825215849387448,29.90845909137835,4493200
2023-07-20,29.5118350982666,29.89866729619998,29.423696069170227,29.771354535102397,11144200
2023-07-21,29.516727447509766,29.76645529020396,29.511831665532256,29.737074994620485,3942400
2023-07-24,29.766456604003906,29.874180623418987,29.585280908435145,29.653834934489016,4163000
2023-07-25,29.932939529418945,30.094526483383635,29.722385416748207,29.722385416748207,3685200
2023-07-26,29.932939529418945,30.119009128783606,29.65383326246585,29.805626784689327,5538800
2023-07-27,29.52162742614746,30.427498463841847,29.39921232008572,30.388326601213357,6142600
2023-07-28,30.0798397064209,30.197357161023007,29.84969871162457,29.96232038391253,4511400
2023-07-31,30.207149505615234,30.24632323434256,29.977010387013866,30.148390780430436,4756200
2023-08-01,30.011287689208984,30.11901171178848,29.893768366142123,29.986805041709385,3402000
2023-08-02,29.193553924560547,29.624455620232226,29.076036468954083,29.580386107403232,5658200
2023-08-03,28.9927921295166,29.247415764245712,28.806722520523422,28.889963892772023,5778200
2023-08-04,28.738168716430664,29.516728841041516,28.659823125748716,29.22782912516941,7570000
2023-08-07,29.22293472290039,29.242521588472346,28.875276264576556,28.96341529174405,4616400
2023-08-08,28.968307495117188,29.022170434832088,28.51292320031714,28.870375047263376,6364600
2023-08-09,28.571683883666992,29.012378995315277,28.468855646917795,28.997689780895737,3918000
2023-08-10,28.581478118896484,29.32086639722285,28.419891152023222,28.860584408146334,8348800
2023-08-11,28.53740882873535,28.66961736697377,28.243613322365274,28.326854697604496,7892000
2023-08-14,28.850788116455078,28.850788116455078,28.366025395969928,28.405197254275944,4356800
2023-08-15,28.179954528808594,28.65002804586811,28.096713160704898,28.591269323212195,10453000
2023-08-16,27.734365463256836,28.326854114044217,27.734365463256836,28.101610772606964,6144400
2023-08-17,27.29857063293457,27.954715723760824,27.23981190077434,27.91554199038306,10323400
2023-08-18,27.318153381347656,27.465051123556268,26.89214750066471,26.936217010117907,6841200
2023-08-21,27.685401916503906,27.773540945743225,27.176154607100358,27.46015856085069,4459200
2023-08-22,27.52381134033203,27.9106435145327,27.455259181442035,27.9106435145327,5518400
2023-08-23,28.1260929107666,28.209336150691094,27.641330157222683,27.651123589443575,7544600
2023-08-24,27.347532272338867,28.395407085099524,27.332843058240996,28.326853060861744,9399000
2023-08-25,27.714778900146484,27.881263516913705,27.097807595601044,27.54829428337926,13202400
2023-08-28,28.06733512878418,28.145680721278584,27.822504918750887,27.99878296883986,5464200
2023-08-29,28.875274658203125,28.904653087020385,28.02326473228466,28.04285159676697,5808000
2023-08-30,29.10051727294922,29.188656293023357,28.81651334873118,28.90465236880532,4901400
2023-08-31,28.9927921295166,29.31596792207543,28.978102915097722,29.1739678242451,6823000
2023-09-01,29.10541343688965,29.423693443323124,28.914446180192037,29.35024363632888,3207200
2023-09-05,28.84589195251465,29.07603292119686,28.83609852109136,29.04665262692699,2532000
2023-09-06,28.444372177124023,28.743065314385785,28.140783257832826,28.73327188242076,9121400
2023-09-07,28.263198852539062,28.34644022384634,27.993884138530383,28.04285129921659,4535000
2023-09-08,28.346437454223633,28.537404692475697,28.21422893514774,28.263196091049554,4373000
2023-09-11,28.708789825439453,28.747961686197037,28.46395962500942,28.674513746811744,3627000
2023-09-12,28.38561248779297,28.708788260022416,28.312162684506514,28.503129931563993,3241600
2023-09-13,28.454166412353516,28.596168377995895,28.268094935577505,28.405199251146033,3122800
2023-09-14,28.924238204956055,29.017273003769954,28.591269000487436,28.76754703437154,4267200
2023-09-15,28.219127655029297,28.74795988348522,28.165264715447307,28.708788025184003,6693400
2023-09-18,28.25340461730957,28.419889223098046,28.116298439191564,28.17505903034477,3887400
2023-09-19,28.13588523864746,28.19954161163164,27.778433382192823,28.12609180681096,4477400
2023-09-20,27.587467193603516,28.33664701284012,27.57767376138985,28.287681719677988,5232600
2023-09-21,26.691387176513672,27.249601593072136,26.657111098467034,27.220221297072374,7340600
2023-09-22,26.54938507080078,26.99497591955364,26.495522132835156,26.78931759894908,5436600
2023-09-25,26.76483726501465,26.77463069711792,26.338833242006316,26.38290275251795,10953400
2023-09-26,25.976484298706055,26.466144707231734,25.868760279006636,26.373109902058097,7357600
2023-09-27,25.996068954467773,26.191933848397962,25.535788882009708,26.1135882644071,10283200
2023-09-28,26.28496742248535,26.485728088863592,25.834478934571997,25.91282451491702,8849600
2023-09-29,26.138071060180664,26.681594369466303,25.956895378481402,26.662007506378913,9313800
2023-10-02,26.123382568359375,26.27517797047408,25.7757241196743,26.02545197902732,7896800
2023-10-03,25.42806625366211,26.03034835780533,25.24199476743619,25.83448343884054,8336600
2023-10-04,25.7855167388916,25.868759978685798,25.28606290384502,25.462340947732777,41179200
2023-10-05,25.7463436126709,25.84427419410134,25.33992460169135,25.726756749222368,6131000
2023-10-06,26.343727111816406,26.539592003851666,25.26647394143455,25.43295853929271,10589800
2023-10-09,26.67669677734375,26.759940011691874,26.040138668877606,26.108690821925425,14943000
2023-10-10,26.94111442565918,27.283877066435192,26.710973448527003,26.764836389379738,14622000
2023-10-11,27.171255111694336,27.20553118861411,26.779525316200733,27.09780530806276,5409200
2023-10-12,26.838289260864258,27.283880184423143,26.524905011717347,27.23981067031704,7390000
2023-10-13,26.564077377319336,27.16635946052732,26.353523250518226,27.019461710363025,6122600
2023-10-16,27.112497329711914,27.239810086805154,26.80401260548367,26.82359760296192,6716200
2023-10-17,27.10270118713379,27.362222457764812,26.657110317672807,26.696284044525076,6864000
2023-10-18,26.382902145385742,26.99007997856657,26.236004403029487,26.86276909996612,8168400
2023-10-19,25.883451461791992,26.671805078332234,25.805105865186484,26.441664071094525,14957400
2023-10-20,25.251787185668945,25.898138777216356,25.23709797110394,25.81489740413969,11397800
2023-10-23,25.158750534057617,25.63861747633207,24.840470543859396,25.04612887220907,17433800
2023-10-24,25.53089141845703,25.67289337419644,25.183233003706953,25.413373975566955,7195800
2023-10-25,24.801300048828125,25.320338878240136,24.73274602367176,25.320338878240136,8221200
2023-10-26,24.194120407104492,24.74743718481277,24.066809524363233,24.659298162951057,10979400
2023-10-27,23.959083557128906,24.414467879239872,23.792598946164613,24.360604936294635,11951800
2023-10-30,24.536884307861328,24.659299414671327,24.13536290695703,24.282260661547774,8019600
2023-10-31,24.83067512512207,24.869848848494154,24.365497433561224,24.590742607138836,5413200
2023-11-01,25.34971809387207,25.452546325362935,24.87964457742288,24.933505650175636,11358400
2023-11-02,26.324146270751953,26.333939704384598,25.819796580062945,25.824694230832502,13213600
2023-11-03,26.789321899414062,26.985186820202703,26.58856119616355,26.603252279361808,7868000
2023-11-06,26.90683937072754,26.96559809575125,26.662009170571523,26.882356724293178,5512600
2023-11-07,27.04884147644043,27.141876280539577,26.769733328330588,26.901941861254343,5258200
2023-11-08,27.0880126953125,27.200634361154567,26.799112989750274,27.127186423208602,3794400
2023-11-09,26.65221405029297,27.230013435496453,26.603248760525652,27.230013435496453,5715200
2023-11-10,27.489534378051758,27.518914674306586,26.72566535448802,26.90683917829401,9242600
2023-11-13,27.430774688720703,27.56787899727565,27.210427144324463,27.30835959382347,5122800
2023-11-14,28.478649139404297,28.650029534348796,28.160369128328842,28.194647075223955,6990800
2023-11-15,28.605960845947266,28.816514976024976,28.493339173471835,28.65492800870154,5426800
2023-11-16,28.654926300048828,28.689202377979854,28.385613458631,28.537406984352348,4323000
2023-11-17,28.723478317260742,28.801823904711497,28.53740684660039,28.6549261617296,2609600
2023-11-20,29.159276962280273,29.26700284991605,28.68430763605372,28.68920341826161,3355200
2023-11-21,29.017274856567383,29.061344367852314,28.85568789379344,29.007483292198476,2867800
2023-11-22,29.227828979492188,29.40410702462453,29.08093123118398,29.222933197307942,3396600
2023-11-24,29.2523136138916,29.28169204292979,29.183759587687973,29.222933316947188,1709400
2023-11-27,29.14948272705078,29.271897825844587,29.09561978471652,29.16906959115527,3638400
2023-11-28,29.193553924560547,29.36983197587652,29.012380090888588,29.085829901572335,3186800
2023-11-29,29.164173126220703,29.624453214462008,29.10541253528308,29.4775554729302,21396400
2023-11-30,29.36493492126465,29.4090044321843,28.973205105131658,29.257209035037455,5214600
2023-12-01,29.70279884338379,29.776248648207222,29.203345027140394,29.281690613929193,11189800
2023-12-04,29.384519577026367,29.41879752326081,29.08582830415234,29.247415263713293,5375400
2023-12-05,29.374727249145508,29.492244695242498,29.14948205296504,29.193551562227945,4670000
2023-12-06,29.12989616394043,29.65383260916261,29.07113557478772,29.644039177637158,5286800
2023-12-07,29.555904388427734,29.639145766438816,29.315969951507764,29.37962633157328,3926600
2023-12-08,29.800731658935547,29.87417959675266,29.423692934174678,29.462864794095907,6300600
2023-12-11,30.035768508911133,30.060251154920866,29.693005861056402,29.737075371036386,5828400
2023-12-12,30.309978485107422,30.31487426706361,29.849696529168206,29.981905056858867,3551800
2023-12-13,31.122814178466797,31.166883687033607,30.295286947368524,30.354047537395,5526400
2023-12-14,31.328475952148438,31.543925881727304,30.956334825074684,31.392132334851492,6905000
2023-12-15,31.2060546875,31.37743693517093,31.093433028239353,31.225641550303425,5266400
2023-12-18,31.563507080078125,31.681024523141787,31.397024347055616,31.416611210201587,3927800
2023-12-19,31.935649871826172,31.940547521544786,31.622267534453464,31.622267534453464,3969000
2023-12-20,30.987911224365234,32.06221236735311,30.978101912696903,31.812031880099024,9008400
2023-12-21,31.596193313598633,31.640340829944464,31.095832339510824,31.41959576304807,6200600
2023-12-22,31.723724365234375,31.959188948826412,31.468641163710377,31.758062560489194,6087200
2023-12-26,31.96900177001953,32.10635456612887,31.76787910216886,31.782594938525857,3475600
2023-12-27,32.08674240112305,32.116174079758,31.885615950227564,31.954292362098276,4238000
2023-12-28,32.09164047241211,32.209374654827315,32.047492960943806,32.12107588930751,3133600
2023-12-29,31.919950485229492,32.13579275061965,31.63543181586671,32.06711634664702,4730400
2024-01-02,31.542232513427734,31.674678804084834,31.252807296682825,31.478458889058665,6798800
2024-01-03,31.017343521118164,31.341105060565788,30.93885593189728,31.242995106216746,8747200
2024-01-04,30.8015079498291,31.282244743122515,30.77207439752019,30.93886078468664,5561600
2024-01-05,30.87999153137207,31.208657735221372,30.678866961673833,30.816219778650645,17652600
2024-01-08,31.75807762145996,31.77769999128024,30.929052145121158,30.933958673222318,6585200
2024-01-09,31.645248413085938,31.792410548399882,31.316580322750813,31.390163261699655,13003400
2024-01-10,32.00334930419922,32.121083514563466,31.65015415827466,31.689398895062745,4516000
2024-01-11,31.959196090698242,32.18975420003846,31.409781101261633,32.12598057846912,6901800
2024-01-12,31.983718872070312,32.253521691235576,31.80221855970745,32.14069403706197,7079400
2024-01-16,31.743356704711914,31.973914835008802,31.498082735048634,31.792410750127818,15274400
2024-01-17,31.39016342163086,31.45393517762531,31.066401856931773,31.331296321655113,7157400
2024-01-18,31.92976188659668,32.003344822123005,31.395066457433625,31.59619289836667,6173000
2024-01-19,32.71464157104492,32.75878908684964,31.988629011837634,32.086740840154064,13635400
2024-01-22,32.851993560791016,33.092360984591835,32.763694788821645,32.92066996759125,6771600
2024-01-23,33.05311584472656,33.07273820965258,32.76860090975793,32.93047887087654,3602200
2024-01-24,33.09727096557617,33.563290023580784,33.0580262311423,33.425937195646114,12191600
2024-01-25,33.45536804199219,33.48480346337645,33.09727014130701,33.381788844990965,4718400
2024-01-26,33.367069244384766,33.58781806301655,33.23952947459799,33.391598138427334,4670400
2024-01-29,33.877235412597656,33.891951250191894,33.318011128516694,33.39650058579705,5524600
2024-01-30,33.80855941772461,33.916480551498886,33.71045133752074,33.77422121539492,9505200
2024-01-31,32.71464157104492,33.558384581648355,32.70973504398321,33.50442401172021,10327000
2024-02-01,33.54857635498047,33.54857635498047,32.81275437835259,32.920675533738134,7959800
2024-02-02,34.2402458190918,34.47570672144827,33.558384519534854,33.60253203525786,8411200
2024-02-05,33.99006652832031,34.205908815207486,33.67120962521436,34.14704171626089,16593600
2024-02-06,34.17156982421875,34.22062386758802,33.91157628345279,34.11760925373748,4287000
2024-02-07,34.73079299926758,34.79946940622125,34.36778485670276,34.49532835929536,5001400
2024-02-08,34.76022720336914,34.80928124867678,34.61796785216836,34.72098247008953,3607800
2024-02-09,35.157569885253906,35.21153045794346,34.774943091697985,34.833810191700344,4590000
2024-02-12,35.10361099243164,35.461712651727865,35.01531220949449,35.14776225519219,4206800
2024-02-13,34.142127990722656,34.38740190407926,33.66629599999758,34.20590160344843,13042800
2024-02-14,34.75041198730469,34.81909213756403,34.17647183347813,34.50513803343862,6200000
2024-02-15,35.20662307739258,35.22624544358448,34.760226409923746,34.82890282030357,5811400
2024-02-16,34.848533630371094,35.314552776949284,34.75042177563887,35.167390608727814,10679200
2024-02-20,34.46589279174805,34.686637825951955,34.137222889765184,34.598339063753784,6075400
2024-02-21,34.51004409790039,34.534572989991645,34.004780358521714,34.264770147321734,4900000
2024-02-22,35.92772674560547,36.055270246100065,35.30473256632112,35.437178851100704,6803400
2024-02-23,35.97187805175781,36.2907349321414,35.863956916004895,36.163191431471276,4832400
2024-02-26,35.70207595825195,36.0847027256726,35.67755080853065,36.020932845297,11585600
2024-02-27,35.81489944458008,35.84923764425035,35.51566495777499,35.785464028731944,3226000
2024-02-28,35.70698547363281,35.80509356589595,35.535294440880406,35.58925501440028,2801200
2024-02-29,35.9522590637207,36.187719979676395,35.5745350531071,35.96697490314496,5872800
2024-03-01,36.62430191040039,36.68316525334286,36.020926447160164,36.06998048047318,4968400
2024-03-04,36.52619552612305,36.80580767437677,36.501670377115445,36.50657316136693,7078000
2024-03-05,35.80018997192383,36.30054721929072,35.47642653812239,36.236777335019404,5765600
2024-03-06,36.15828323364258,36.4820466259395,35.97187638941854,36.27111089105664,5005000
2024-03-07,36.86958312988281,37.01183873192148,36.486952611976285,36.61449611794513,4511000
2024-03-08,36.423187255859375,37.34051331926313,36.32507915759102,36.9480734410216,9179600
2024-03-11,36.33979034423828,36.41827606428493,35.942443989194054,36.217153365816245,5286400
2024-03-12,37.11485290527344,37.193338616775094,36.271109986777425,36.62920782893572,5351600
2024-03-13,37.00202178955078,37.17371277607262,36.786179553590294,37.14428110483539,3832400
2024-03-14,36.81562042236328,37.13447355489838,36.3741265754749,37.10504187930027,6653800
2024-03-15,36.305450439453125,36.57524953379421,36.09941748099108,36.35941100683802,6918000
2024-03-18,36.746944427490234,37.10504229320629,36.678264279356256,36.88920002285683,4954200
2024-03-19,37.15410614013672,37.17372851012779,36.486960530778,36.619410592571604,4193800
2024-03-20,37.80707931518555,37.83166598911994,37.03510502128241,37.14328038435415,5864000
2024-03-21,38.02834701538086,38.323372117478776,38.00376409113937,38.2250291663128,4521600
2024-03-22,37.91526412963867,38.097195808465116,37.85625834832723,38.02343951967598,8444400
2024-03-25,37.68907165527344,37.84641661532309,37.654652562493816,37.67923548510797,2787200
2024-03-26,37.51697540283203,37.930004507506304,37.47763822579648,37.8808349119117,3704200
2024-03-27,38.14635467529297,38.14635467529297,37.60056354390745,37.92508587123419,5337600
2024-03-28,38.116851806640625,38.333202536515714,38.07751837962682,38.141438480999085,3953200
2024-04-01,37.984092712402344,38.2987826302313,37.802161079651334,38.22011202647393,5077000
2024-04-02,37.477638244628906,37.50222116673872,37.13836165747622,37.38913147195428,12428800
2024-04-03,37.56122970581055,37.77758044419028,37.30554553887083,37.310459872815855,4633000
2024-04-04,36.607330322265625,38.180784041649225,36.57782930767864,38.13161443353738,10313400
2024-04-05,37.379295349121094,37.664484256032225,36.74991552104113,36.81383937168655,7935000
2024-04-08,37.40388488769531,37.62023562694454,37.295709518070694,37.46780499183714,4520200
2024-04-09,37.48255920410156,37.698906191697844,36.77942305376373,37.674323267702796,7440600
2024-04-10,36.735164642333984,37.025271631270556,36.44506140479706,36.641739785513785,11411600
2024-04-11,37.2711296081543,37.47764419337482,36.42048083845984,36.931852967148956,13145400
2024-04-12,36.21887969970703,36.946598740527435,35.98286038154378,36.735166096626955,9455800
2024-04-15,35.30923080444336,36.85317965480284,35.19614108847329,36.83842914849373,12670000
2024-04-16,35.18138885498047,35.59441801695985,34.99453911383725,35.36331675906178,20225800
2024-04-17,34.74376678466797,35.54524203937096,34.55691707703694,35.52557345165193,10216800
2024-04-18,34.581512451171875,35.23056100361981,34.458586560546124,34.92570344436378,8174200
2024-04-19,33.981624603271484,34.7191797538248,33.80461106702673,34.576585307883214,9296800
2024-04-22,34.581512451171875,34.97487305033399,34.01605260401333,34.340575004537065,7083600
2024-04-23,35.42231750488281,35.476405185283774,34.812606268380684,34.88635878583684,14201400
2024-04-24,35.3780632019043,35.648501611239126,35.06337328089638,35.53540816240826,6206000
2024-04-25,35.06829071044922,35.19613466078128,34.25206491540535,34.47824805743918,9008600
2024-04-26,35.75175857543945,35.973027386058185,35.397731479569266,35.48132391988287,12429400
2024-04-29,35.98777770996094,36.091034987173735,35.604249608484935,35.98777770996094,4769400
2024-04-30,34.84702682495117,35.9189405566961,34.84702682495117,35.77634609795482,6417200
2024-05-01,34.61100769042969,35.70259001730521,34.5520019222689,34.753602149935034,8753400
2024-05-02,35.2354736328125,35.35839950440105,34.4831641475147,35.127298265590596,8904800
2024-05-03,36.12053680419922,36.28279985119922,35.73700869412634,36.0811996258841,6367200
2024-05-06,36.85316848754883,36.85316848754883,36.395884173531,36.46472610111364,4082200
2024-05-07,36.92693328857422,37.12853353073669,36.83351217151854,36.98593906097789,5665400
2024-05-08,36.931846618652344,37.00068480189273,36.63682529742216,36.65157580077373,3651800
2024-05-09,37.32521057128906,37.33996107451814,36.83842145633179,36.94167873033496,3503800
2024-05-10,37.43338394165039,37.67923567744544,37.24653797295007,37.57106406487143,4993200
2024-05-13,37.43338394165039,37.67432134373738,37.26620656198165,37.66940325862954,3402000
2024-05-14,37.752994537353516,37.831668898874874,37.36946640343698,37.44322267951325,3321400
2024-05-15,38.682315826416016,38.73148542916349,38.02834923081391,38.12669218770909,4573400
2024-05-16,38.50038528442383,38.92325059161275,38.49054911370782,38.687231262628245,4376400
2024-05-17,38.62330627441406,38.62330627441406,38.31353070983248,38.520045251953874,10337800
2024-05-20,38.69706344604492,38.9134141836785,38.57413757264402,38.623310923124336,3549200
2024-05-21,38.87407684326172,38.90358160370801,38.54955448955194,38.579055498598294,3001400
2024-05-22,38.633140563964844,38.869159874536535,38.32336873577669,38.77081693204847,4341800
2024-05-23,38.057857513427734,39.09043427222527,37.87592583989556,39.08060185132649,7803200
2024-05-24,38.564308166503906,38.67248354377268,38.18569809746344,38.32828882051747,4472000
2024-05-28,38.59872055053711,38.697059739278004,38.20535629277435,38.66755873293565,17183000
2024-05-29,38.04801559448242,38.22994724053624,37.94475830933836,37.98409548979324,6088800
2024-05-30,37.5317268371582,37.91033685916582,37.35471328750795,37.81691575063913,4909800
2024-05-31,38.190608978271484,38.234864242879624,36.91218066090141,37.664486396640726,7123800
2024-06-03,38.24961471557617,38.45612927984325,37.50714139958752,38.43646069018926,7263200
2024-06-04,38.323368072509766,38.4462939349426,37.836578956268006,38.06276584437609,4278600
2024-06-05,39.247772216796875,39.247772216796875,38.387291113790205,38.66264386630437,5337200
2024-06-06,39.22810363769531,39.34611142431889,38.93800038070403,39.28710940670705,2979800
2024-06-07,39.10517120361328,39.53787260095515,38.89865667382699,39.070752115315564,4381600
2024-06-10,39.34119415283203,39.40019616603817,38.898660296787874,38.98224898309632,2863000
2024-06-11,39.51820755004883,39.54279047166119,38.81015338297977,39.11501087188997,2989200
2024-06-12,40.177093505859375,40.575372150037246,40.02466661762342,40.22134877265697,6151000
2024-06-13,40.31477355957031,40.452449955209026,39.911576793171044,40.43278511417529,4458400
2024-06-14,40.344276428222656,40.35902693400507,39.92632542358614,40.07875606993838,3521400
2024-06-17,40.97856903076172,41.190001691707046,40.17709365394109,40.24593184574654,3729400
2024-06-18,41.18016815185547,41.2047548274315,40.92939831629993,40.983486001447204,3234200
2024-06-20,40.93923568725586,41.42110303091243,40.683547758809425,41.3227638285254,5518800
2024-06-21,40.76222229003906,40.998237877301854,40.6048773147305,40.81139189143547,3923200
2024-06-24,40.52619934082031,41.180165860189724,40.52619934082031,40.786801581263816,4758000
2024-06-25,40.860557556152344,40.90972715281154,40.51144854305236,40.727799270032534,3938000
2024-06-26,40.954689025878906,41.05818418061077,40.575206791862065,40.673772531594715,3074000
2024-06-27,41.0631103515625,41.15675042894017,40.811762847046545,40.92018740821192,3221200
2024-06-28,40.70827102661133,41.63480552678885,40.54070851660422,41.16167944667499,5871600
2024-07-01,40.88569259643555,40.96454819691171,40.4667825590214,40.93004981171388,5280400
2024-07-02,41.4179573059082,41.42288672103015,40.62449067316681,40.634345743368655,3340800
2024-07-03,41.76786804199219,41.83686480934081,41.358813092681224,41.36867192232636,2671400
2024-07-05,42.25578308105469,42.3050659587801,41.71366390599003,41.8073040056981,3016000
2024-07-08,42.32970428466797,42.4824823156086,42.16706742331962,42.354347600645156,3397000
2024-07-09,42.40363693237305,42.605697866008114,42.36420912481992,42.462778643702734,3037600
2024-07-10,43.23652267456055,43.29073119881926,42.54655122349598,42.5909046779009,3320200
2024-07-11,42.46769332885742,43.379439522744924,42.38391207948241,43.25130482136257,5847800
2024-07-12,42.98517990112305,43.561797432334004,42.58598372721428,42.64019225746108,4651600
2024-07-15,43.2168083190918,43.729358427048034,42.93589183069714,43.30551898700811,6924000
2024-07-16,43.73428726196289,43.77371506391303,43.30552213589207,43.42873119695466,4272200
2024-07-17,42.48741149902344,43.0393894375389,42.443058042557006,42.78804190410287,5298200
2024-07-18,41.8270149230957,42.87675480788031,41.496811769816674,42.72890242521553,6713000
2024-07-19,41.25532531738281,42.0241487253148,41.09268843953797,41.76787550935163,5996000
2024-07-22,42.102996826171875,42.19170749280483,41.555948341942276,41.851649310704865,5703400
2024-07-23,41.95514678955078,42.40362956242312,41.88122436329009,42.073430191651944,4657200
2024-07-24,40.03308868408203,41.24546536069888,39.90495021125656,41.20110814470304,9923400
2024-07-25,39.60432052612305,40.96454960061082,39.48111146618863,40.052799549062435,9078800
2024-07-26,40.46185302734375,40.89062189360242,40.05772747617333,40.17108146152056,18313600
2024-07-29,40.53578186035156,40.86105559256188,40.22529637418534,40.7132032124586,3129600
2024-07-30,40.10208511352539,40.8955517391838,39.58460557155964,40.74276995210364,5617200
2024-07-31,41.3390998840332,41.80236712400613,40.92018985812073,41.12225450876148,6669000
2024-08-01,40.220367431640625,41.999506628931236,39.68810336906256,41.654518991315555,10633600
2024-08-02,38.70736312866211,39.308624011227636,38.06667444001695,39.13120264391182,12113400
2024-08-05,36.430450439453125,37.33727098868225,35.400424602166915,35.60741490056294,22889400
2024-08-06,37.11056900024414,38.170163868928874,36.5093082081275,36.68672954875346,9921600
2024-08-07,36.58816146850586,38.43629737172436,36.514235280368695,38.007532248604626,5993000
2024-08-08,38.27366638183594,38.377161546922046,37.05636019813763,37.34220237597635,4703000
2024-08-09,38.598934173583984,38.820708977608426,37.973033803086,38.14552573510968,3958200
2024-08-12,38.623573303222656,38.98827102854942,38.30322902987649,38.7714219031997,3453400
2024-08-13,39.90494918823242,39.92958874311662,39.07205477628246,39.10655316115389,3965000
2024-08-14,40.1513671875,40.323859111385346,39.61417375592342,40.01829930332992,3374200
2024-08-15,41.52145004272461,41.55594842648306,40.90047537503061,40.999044871513206,4559800
2024-08-16,41.66437530517578,41.77772553237,41.22082194648919,41.24546526198812,4740800
2024-08-19,42.45784378051758,42.46277319583996,41.60030975649125,41.728444474535536,3348800
2024-08-20,42.31491470336914,42.65004345607392,42.11285006480757,42.38391146774586,3345200
2024-08-21,42.61555099487305,42.832400147352615,42.226209907485725,42.47755744694684,2714000
2024-08-22,41.92557907104492,42.99010716149257,41.7383026521886,42.896467072043336,4427400
2024-08-23,42.783119201660156,42.94082667168881,42.068508050602155,42.413491966276496,4017000
2024-08-26,42.57119369506836,43.05910428720491,42.32970498666397,42.945750295888956,4035000
2024-08-27,42.689476013183594,42.76832785553192,42.19663977836983,42.37406112370615,5737400
2024-08-28,42.19170379638672,42.699324437630814,41.689008809493835,42.63032767629908,3594200
2024-08-29,42.171993255615234,42.98024431844246,42.00935640808442,42.48247870632169,4767400
2024-08-30,42.950679779052734,43.039390454123016,41.97486235327964,42.52191088953934,4112600
2024-09-03,41.18632125854492,42.512051845389585,40.79205079285346,42.457839562355964,11234200
2024-09-04,40.98918533325195,41.516519910181756,40.7871244490289,40.88569018376574,6098400
2024-09-05,40.792057037353516,41.41303179986254,40.42242982920045,40.97933722924488,5145200
2024-09-06,39.41704559326172,41.07297196191123,39.26426379635995,40.82655383276117,8532400
2024-09-09,40.269649505615234,40.46185534216542,39.737385453610614,40.00844689492098,4658600
2024-09-10,40.61956024169922,40.67377252655805,39.83102304380983,40.56042230188373,3921800
2024-09-11,41.42781066894531,41.585518105970365,39.303687804004966,40.59984568455331,6438800
2024-09-12,42.13749694824219,42.181850403367555,41.19125230514788,41.53130674123497,4945000
2024-09-13,42.54655838012695,42.7091952603855,42.172001741967364,42.21142954809839,4616000
2024-09-16,42.67961883544922,42.719046638171086,42.23113979962514,42.5071268985938,2466000
2024-09-17,42.70918655395508,43.23159171854788,42.36419896069952,43.01474258907535,4926000
2024-09-18,42.42827606201172,43.547016589725374,42.35927927951444,42.79790329397971,7338400
2024-09-19,43.8772087097168,44.167984039011216,43.453369253485626,43.89199319492732,5450200
2024-09-20,43.68007278442383,43.872278609241995,43.24144884983449,43.65050381446471,4138800
2024-09-23,43.90678024291992,44.02506365159222,43.680076016361376,43.87228185540106,4071000
2024-09-24,44.15813064575195,44.1729151327828,43.596297578324915,44.0398509894627,3563200
2024-09-25,43.95813751220703,44.24948188992768,43.79518614125865,44.135906069060205,2599000
2024-09-26,44.29886245727539,44.67415206204294,43.93345097672308,44.62970803787547,3992600
2024-09-27,44.14578628540039,44.570455217188986,43.997644558534375,44.45687939093829,3907200
2024-09-30,44.526004791259766,44.58526222696764,43.63222679854966,43.98776387799679,5564200
2024-10-01,43.69642639160156,44.442066563257285,43.286574640964915,44.43219220612174,8203600
2024-10-02,43.71617126464844,43.88406544593666,43.16805223770747,43.543341789351736,4015000
2024-10-03,43.553218841552734,43.85937662203539,43.20262080784208,43.493965170582065,4366600
2024-10-04,44.31367111206055,44.387741966109324,43.59766164685599,44.22972590225866,4628600
2024-10-07,43.52853012084961,44.150720024307994,43.33594815958395,44.06183575238537,5161800
2024-10-08,44.3284912109375,44.42231455803444,43.775436787799414,43.90382603634249,3536000
2024-10-09,44.925987243652344,45.02474587207586,44.23466554248716,44.328485109269444,3457600
2024-10-10,44.77784729003906,44.995120801973634,44.52107258562575,44.718589850220454,3696800
2024-10-11,45.2667121887207,45.395101433885806,44.71859307492421,44.73340649409699,4588000
2024-10-14,46.01234817504883,46.16542518248299,45.483981590543536,45.528421844030774,3564800
2024-10-15,45.29139709472656,46.10122987496109,45.11362855590434,46.056785856555514,4199600
2024-10-16,45.671627044677734,45.76051132401381,45.16301291135481,45.29140215204036,2584200
2024-10-17,45.66669464111328,46.26912838652932,45.65681651645032,46.24937967200481,4090800
2024-10-18,46.002471923828125,46.13579644619761,45.7061885098513,45.9382754260131,2812800
2024-10-21,45.85927200317383,46.041975849595026,45.37040660150549,45.88889883937179,3795800
2024-10-22,45.790138244628906,45.972842083219746,45.335838760462096,45.43953645011099,3114200
2024-10-23,44.93586349487305,45.52348753075873,44.38774441898312,45.45435573446633,5148200
2024-10-24,45.12350845336914,45.256836757560805,44.728470137669085,45.2518976954869,3457600
2024-10-25,45.08893966674805,45.928403097738396,44.92598830274781,45.47410360103997,4431000
2024-10-28,45.3457145690918,45.63211985011252,45.30620961293722,45.6271807887432,2587200
2024-10-29,45.483985900878906,45.66669352868596,44.97043268553531,45.19264150882986,2648000
2024-10-30,45.197574615478516,45.725941180433566,45.098815988672015,45.41484811533297,2683600
2024-10-31,43.41495895385742,44.52107529334209,43.39520647271656,44.50625810693603,6533400
2024-11-01,43.76555252075195,44.46181328167757,43.71123414504569,43.8149356022305,5421800
2024-11-04,43.577911376953125,43.987766858385534,43.276692651312466,43.780371470456,4335200
2024-11-05,44.61983108520508,44.61983108520508,43.68160901156958,43.72111397133115,4392200
2024-11-06,46.832054138183594,46.9703214915917,45.96296766401936,46.56046602778233,8275600
2024-11-07,47.54806900024414,47.711024132490536,47.14809164600326,47.15302694038627,4230000
2024-11-08,47.94310760498047,48.16038111605754,47.6122620439497,47.6122620439497,2462200
2024-11-11,48.012245178222656,48.24432834966166,47.74065327800615,48.19988809366285,5364000
2024-11-12,47.706085205078125,48.096188204251476,47.311043144107565,47.99742580530868,4007400
2024-11-13,47.75546646118164,48.081376739834326,47.40486840734041,47.78509329836808,3186200
2024-11-14,47.1234016418457,47.83941116037193,47.01970394541503,47.76534406820747,4680000
2024-11-15,45.88889694213867,46.604906414922404,45.602491646065104,46.53577462171847,5830000
2024-11-18,46.27406311035156,46.48145850002058,45.82964172720341,45.972844382184505,3872600
2024-11-19,46.58515548706055,46.713544721886066,45.612371288183446,45.71606898144242,3959200
2024-11-20,46.61972427368164,46.66416452678361,45.69137657883805,46.60490708858075,4514800
2024-11-21,47.09870910644531,47.340674160415446,46.135799254606084,47.069082270204206,4790000
2024-11-22,47.3653564453125,47.47399318880632,47.01475844329147,47.0838902314421,3575000
2024-11-25,47.67646026611328,48.21964029601039,47.33079750716025,48.017180195672125,4073200
2024-11-26,48.1949462890625,48.28876962514373,47.78509081475006,47.888792274313666,2794800
2024-11-27,47.864097595214844,48.19494312958034,47.63201068479725,48.14556381760639,3924200
2024-11-29,48.42703628540039,48.57023894577302,47.94804898594033,47.977679590866025,1410600
2024-12-02,48.60974884033203,48.718385612149575,48.42704119978427,48.50605113107007,2993400
2024-12-03,48.634429931640625,48.68874831008125,48.39740770517277,48.5652981349708,2455400
2024-12-04,49.23192596435547,49.27636998431047,48.812196142603625,48.91589383263172,3304000
2024-12-05,49.06897735595703,49.37019608705433,49.02453333350969,49.23192872519624,2465000
2024-12-06,49.24674987792969,49.43933186678036,49.11342156724803,49.17267901281773,3296000
2024-12-09,48.71837615966797,49.23686460537912,48.62455282632017,49.20723777059567,4204800
2024-12-10,48.42703628540039,48.87145768528089,48.30852516789909,48.81713930488435,2352200
2024-12-11,49.152923583984375,49.306000599944134,48.83689142802848,48.886270746009,2177600
2024-12-12,48.634429931640625,49.09366473374751,48.634429931640625,48.99984516249582,2461000
2024-12-13,48.59986114501953,49.06403498141712,48.37271328840373,48.940584813643305,2557200
2024-12-16,48.994903564453125,49.15785869133982,48.748003227012745,48.871453395732935,2967400
2024-12-17,48.57023620605469,48.72825227627665,48.36284082027591,48.57023620605469,3015200
2024-12-18,45.7703857421875,48.92083269041834,45.60249155374627,48.530729705328596,8320800
2024-12-19,45.641998291015625,46.71848395448776,45.60249333132483,46.46664454570933,7121800
2024-12-20,46.67898178100586,47.424621928224596,45.1185734540838,45.25189799174782,8556400
2024-12-23,47.270606994628906,47.35972223746221,46.15666834780762,46.656700309692845,3973600
2024-12-24,48.27067184448242,48.29047565029677,47.369619454473,47.45873469204272,2264200
2024-12-26,48.28057861328125,48.47861292194016,47.770642818087985,47.993432831775614,3175800
2024-12-27,47.25080108642578,47.686473489131146,46.57253489184613,47.63696586246755,5103600
2024-12-30,46.161617279052734,46.71611255279509,45.56751816783523,46.11706154544694,4737800
2024-12-31,45.80020523071289,46.51807525860029,45.55761143941623,46.414108109697345,4029000
2025-01-02,45.557613372802734,46.58738866829065,44.92390666086861,46.32004294097033,6692000
2025-01-03,46.6765022277832,46.79037316903597,45.839809358217956,46.00813982217555,4027800
2025-01-06,47.23099899291992,47.90926143490359,46.94880135579615,47.3498180566589,4083000
2025-01-07,46.166568756103516,47.58250886141497,45.85466729212414,47.54785314319504,4533000
2025-01-08,46.250732421875,46.43391480640659,45.58732187504549,46.15666905873933,4622600
2025-01-10,44.83479309082031,45.69128982939804,44.527843515446975,45.67643791796902,9081800
2025-01-13,44.973411560058594,45.017971067169285,44.03275534128958,44.09216298118421,3920800
2025-01-14,45.082332611083984,45.50810500951456,44.49318541847555,45.41898976851304,5705400
2025-01-15,46.711158752441406,46.894341129907716,46.15666727849343,46.339845878769864,4624600
2025-01-16,46.532928466796875,46.9537489699582,46.414109404334944,46.92404514864019,2693800
2025-01-17,47.41912841796875,47.71122984048258,47.12207887675406,47.33991696966676,3728400
2025-01-21,48.28057861328125,48.28553050972505,47.59736421445779,47.91421759743594,7236400
2025-01-22,48.80536651611328,49.043004647312145,48.666743643382276,48.741003198638175,3153800
2025-01-23,49.345008850097656,49.345008850097656,48.6667463596377,48.70140207975471,2630400
2025-01-24,49.03805923461914,49.493535492211045,48.85982873778923,49.34006069995926,4584400
2025-01-27,47.64686965942383,47.681525378558504,46.88444006127077,46.90424386894632,7305600
2025-01-28,48.44890594482422,48.58257692258588,47.305263458097684,47.83005113128129,4713000
2025-01-29,48.01322937011719,48.37959033048751,47.59735700718653,48.32017891372893,4072800
2025-01-30,48.5083122253418,48.76080224292921,47.83499795739611,48.349885560953965,6317200
2025-01-31,47.96866989135742,49.28064273899127,47.84985083496034,48.88952607711161,4699200
2025-02-03,47.315162658691406,47.71617936226352,46.16656829561465,46.503225459474564,7280000
2025-02-04,47.94887161254883,48.02313494780305,47.24585343014786,47.325064884479595,3254400
2025-02-05,48.32513427734375,48.3548380992598,47.438933744011784,47.76073899779892,2604000
2025-02-06,48.65684127807617,48.676645085788486,48.06769027450265,48.602381751164835,3444600
2025-02-07,47.745887756347656,48.92913785700194,47.63696870487487,48.72615166522266,4510600
2025-02-10,48.37959671020508,48.48851576669722,48.047891421571876,48.255825741862225,2016800
2025-02-11,48.43405532836914,48.538022486560756,47.993430991523184,48.00828290309482,1837400
2025-02-12,48.13700485229492,48.325135357284104,47.36467147050818,47.46369050775779,4392600
2025-02-13,49.14202117919922,49.176676895616275,48.10234590949784,48.305328312172065,7450600
2025-02-14,49.1123161315918,49.31035042591071,49.00340085804689,49.14697184980836,3615600
2025-02-18,49.36975860595703,49.37471050171713,48.879626687019915,49.28559526398404,3293600
2025-02-19,49.61235427856445,49.6519618947852,49.06776277569484,49.15192612727129,8643800
2025-02-20,49.191532135009766,49.389566432447914,48.646940649947396,49.37966264012148,3851000
2025-02-21,47.488441467285156,49.13707157632107,47.39932622416997,49.1321196802619,5301800
2025-02-24,47.03792190551758,47.953826355517066,46.924050947742664,47.79044776369712,11625000
2025-02-25,46.56263732910156,47.131980731495865,45.829911573454034,47.018113561893,5163000
2025-02-26,46.58243942260742,47.38942854650423,46.1863745937092,46.82998135711512,4521400
2025-02-27,45.107086181640625,47.1369290449691,45.04272664619974,46.958698571390045,5008000
2025-02-28,46.47351837158203,46.572533622209924,44.68131362857553,45.16154552621916,4871600
2025-03-03,44.87935256958008,46.9686070587146,44.24564583446991,46.795324686328776,10618400
2025-03-04,43.7802619934082,45.07738295092217,43.06734008977429,44.2258381831794,6871200
2025-03-05,44.72092819213867,44.98332204656576,43.196068921396375,43.74066043889283,19684600
2025-03-06,43.14160919189453,44.265451719693246,42.71583675103558,43.54262592776786,6614000
2025-03-07,43.56242752075195,43.79016564171403,42.03262021564035,42.82970552760266,7943200
2025-03-10,41.260284423828125,42.59701302611005,40.48795486063625,42.309863499265425,7437200
2025-03-11,40.57707595825195,41.567243757459245,39.97307299638504,41.05235604860861,8951600
2025-03-12,40.9830436706543,41.59694663455594,40.22061402938098,41.458323750177215,6622400
2025-03-13,39.8889045715332,40.987991293349374,39.61660695047427,40.913727962406945,5627400
2025-03-14,41.497928619384766,41.646455286919604,40.45825327821108,40.527564715809994,5987200
2025-03-17,42.12173080444336,42.51779557995296,41.43356462145039,41.478120350604485,12023800
2025-03-18,41.2305793762207,41.81477842712906,40.933529843614195,41.78507460702534,4037400
2025-03-19,42.09697723388672,42.66632439075915,41.30979576147627,41.47812244971882,4943000
2025-03-20,41.88904571533203,42.601967682748686,41.42861757424046,41.52763283540828,5075600
2025-03-21,41.8791389465332,41.98805799239095,40.9830384319233,41.16126891111055,5570200
2025-03-24,43.3544921875,43.512918866929105,42.78514500989259,42.87921214921268,5829400
2025-03-25,43.54261779785156,43.70104445948476,43.29507590297534,43.53271778401992,3258400
2025-03-26,42.533721923828125,43.664647102431985,42.30555314080567,43.52080082489618,4626600
2025-03-27,42.27083206176758,42.84621338996326,41.96329824807131,42.29563079530787,5754400
2025-03-28,40.574440002441406,42.13194259522713,40.47027246583969,42.01785632312324,5756200
2025-03-31,41.060543060302734,41.278793114161374,39.25999146896801,39.68656905551007,10132600
2025-04-01,41.32343292236328,41.60120674903676,40.24707022396091,40.79269157184386,6908800
2025-04-02,41.834327697753906,42.255947752574656,40.40579136742933,40.43059388277144,9364000
2025-04-03,37.84633255004883,39.374071477256734,37.7372075300341,38.95741643829079,10010600
2025-04-04,33.317665100097656,36.14993906770779,33.23830386173749,35.847366541273736,16705800
2025-04-07,33.18374252319336,35.609280295743275,30.177860300848444,31.140138528886403,23717400
2025-04-08,32.14210510253906,35.83745346128424,31.14014234674786,35.44063585386201,16782800
2025-04-09,38.168739318847656,38.5258743414878,31.646077140977344,31.6956802786586,32769200
2025-04-10,35.49519348144531,36.7253248675862,33.382150798258735,36.54179608716888,16187400
2025-04-11,36.710445404052734,37.06261918969165,34.85037019405884,35.252145228431054,8526800
2025-04-14,37.42470932006836,38.14394062590988,36.710443058415436,38.11417685110551,6363200
2025-04-15,37.23622512817383,37.985216465822354,37.117181375384,37.50407641020044,5567200
2025-04-16,35.56959915161133,36.85429311470697,34.82060777816945,36.392994293227254,6858200
2025-04-17,35.6390380859375,36.2838656330128,35.29678684158651,35.79280686723444,5706200
2025-04-21,33.94761276245117,34.979331569979784,33.2035827021473,34.90988906709803,7094800
2025-04-22,35.663841247558594,35.96145251147672,34.62715740730586,34.75612367592565,8033600
2025-04-23,36.7898063659668,38.138981513536905,36.586440112403785,37.46439393975185,7827400
2025-04-24,38.31755065917969,38.43163694113547,36.7898079253052,36.953495457720216,5204600
2025-04-25,38.85325241088867,38.92765617714367,37.90585227486268,38.32746857119735,5776800
2025-04-28,38.90285110473633,39.2699048673276,38.07449856286627,38.97725486610371,4271200
2025-04-29,39.35919189453125,39.53279816259209,38.575479273761964,38.62508430835034,3080800
2025-04-30,39.36911392211914,39.67664394045171,37.548717407443434,38.406833785015316,5554000
2025-05-01,39.94945526123047,40.75796657996818,39.870090236790304,40.22722527810573,6503000
2025-05-02,41.09526062011719,41.3531931668152,40.49011555017109,40.84228933356062,4206400
2025-05-05,40.648841857910156,41.10022192293402,40.385951835130406,40.509956848466715,3008200
2025-05-06,39.96433639526367,40.61412146795715,39.69648510664971,39.84033137929421,3120400
2025-05-07,40.30659103393555,40.673644817800096,39.57247968187373,40.14786476650769,9438200
2025-05-08,40.83237075805664,41.59624209653665,40.376033215899554,40.87701453083977,4994800
2025-05-09,40.718284606933594,41.18454467086205,40.500038355498475,41.035740924565296,3393000
2025-05-12,43.38687515258789,43.401755148859976,42.55356130235647,43.1934276323853,5250600
2025-05-13,43.977142333984375,44.30947488104256,43.381915964343285,43.47616099101136,4961600
2025-05-14,44.06642150878906,44.28963281244111,43.773771481933515,44.12098401961515,4606400
2025-05-15,44.49300003051758,44.577326320908504,43.699368652815586,43.76385368572235,3401400
2025-05-16,45.043582916259766,45.08822669196943,44.31443278244305,44.60212534131398,3484600
2025-05-19,45.15270233154297,45.241986087537455,44.11602229436546,44.12097976990281,4438200
2025-05-20,44.81541061401367,45.008858130134165,44.33923182169147,44.86501186198486,3760600
2025-05-21,43.31742858886719,44.7707673764965,43.14877981680717,44.145781101292116,7427400
2025-05-22,43.3223876953125,43.853132761493804,43.07933893971175,43.262867713559466,5442400
2025-05-23,42.722206115722656,43.109104938738426,42.19146480649515,42.24602731547176,6035600
2025-05-27,44.47811508178711,44.50291759696431,43.481117548449696,43.73408503846113,4917200
2025-05-28,43.96225357055664,44.72116738966854,43.85808981914892,44.54259987744603,4353800
2025-05-29,44.28963088989258,44.77077094574642,43.70432707725584,44.75092968954977,4123800
2025-05-30,44.180503845214844,44.428513859790954,43.2529450283405,44.11106134388014,5676200
2025-06-02,44.66164779663086,44.68148905365729,43.530722636454136,43.92753642398425,3426200
2025-06-03,45.182464599609375,45.32135339263813,44.53267954421009,44.61204456879795,4417400
2025-06-04,45.1378288269043,45.445362649403535,45.083266313487776,45.30151636715387,2083600
2025-06-05,44.67156219482422,45.599121002985214,44.388830932236694,45.40071223632165,4536400
2025-06-06,45.5842399597168,45.852091220904576,45.261826194342675,45.51479746063097,3101400
2025-06-09,45.653690338134766,45.906661648083166,45.499925318525456,45.67353159620259,3535000
2025-06-10,46.17947006225586,46.23403257542252,45.584247462316156,45.747935001816124,3618600
2025-06-11,45.91657638549805,46.47707768584395,45.59912385272994,46.33819267579949,4546800
2025-06-12,46.253868103027344,46.258829362973216,45.623924325872586,45.693366827784686,3678000
2025-06-13,45.20726776123047,45.95129784786604,44.98406024897289,45.440397793869515,7470800
2025-06-16,46.07033920288086,46.33323299864069,45.70824669880145,45.73304542979822,4284800
2025-06-17,45.276710510253906,45.91161558210681,45.157666755364666,45.683446808430475,3511000
2025-06-18,45.246952056884766,45.81737590264742,45.103105780347555,45.390798333421984,4436200
2025-06-20,44.998939514160156,45.79753209692169,44.795569477304014,45.62888331217115,4256200
2025-06-23,45.88185501098633,45.941378779846836,44.62692487942231,45.11798367344026,5676000
2025-06-24,46.893733978271484,47.05742149602017,46.382833954085434,46.52171895666038,4383800
2025-06-25,46.94593048095703,47.14476662212309,46.707321801978956,47.06026088287189,3109200
2025-06-26,47.68163299560547,47.731342030574005,47.134826025838976,47.22430380580486,2845000
2025-06-27,48.089256286621094,48.34774935340539,47.48776820139575,47.80591059700988,3852400
2025-06-30,48.576412200927734,48.78022038796327,48.138963578411015,48.496874708631466,4607800
2025-07-01,48.51178741455078,48.71559939571503,48.19364502802409,48.327863599170406,4896200
2025-07-02,48.94923782348633,48.95917811418395,48.36763410748367,48.457111893988426,2923000
2025-07-03,49.679969787597656,49.83904097813748,49.25246525191756,49.25246525191756,3015400
2025-07-07,48.96912384033203,49.476162119165565,48.506822559973514,49.37674403862775,3941200
2025-07-08,48.884613037109375,49.16796252369071,48.76531058503489,49.05860036239053,2868400
2025-07-09,49.461246490478516,49.57558068877932,48.97408882616908,49.26240655009596,3723800
2025-07-10,49.744590759277344,49.908633989872826,49.297201854269815,49.48610149891539,2116200
2025-07-11,49.35685729980469,49.56066549291175,49.04368694781049,49.23258280880686,2447600
2025-07-14,49.53083801269531,49.600431420292956,49.06853678076451,49.27731700355745,3272600
2025-07-15,49.0933952331543,50.01302569393008,49.0933952331543,49.968284905727316,5094800
2025-07-16,49.426448822021484,49.515926603821875,48.45710934631424,49.366795703302444,4619800
2025-07-17,50.03788375854492,50.08759279730971,49.4363918740544,49.45130799898473,2258200
2025-07-18,49.93846130371094,50.21683495157939,49.75950573220793,50.20689466096545,2863200
2025-07-21,50.1174201965332,50.55983711302481,50.04285473803936,50.1174201965332,2505400
2025-07-22,50.12735366821289,50.24665990259469,49.69488089438664,50.157182123086464,5568200
2025-07-23,50.96745681762695,50.96745681762695,50.25660653311533,50.54989632227806,3374000
2025-07-24,51.0121955871582,51.26571282390333,50.922717799907986,51.02213587793864,2293400
2025-07-25,51.39495849609375,51.484436281840985,51.04201939468981,51.08675639128517,8142600
2025-07-28,51.36513137817383,51.54408694112025,51.15137911090763,51.4595774084382,3046600
2025-07-29,51.081790924072266,51.63357000080293,50.942604092564835,51.593801251070325,3526000
2025-07-30,50.96745681762695,51.464554812598536,50.48527115569545,51.19612144020707,8596000
2025-07-31,50.544921875,51.807551177246594,50.35105396959172,51.74292601373947,4233000
2025-08-01,48.86969757080078,49.615344485424195,48.50184615483567,49.61037623663393,8160000
2025-08-04,50.34111022949219,50.35602635448081,49.486104898749794,49.49604518951897,5055200
2025-08-05,49.84898376464844,50.57971838647586,49.69488460775245,50.45544389412579,3340600
2025-08-06,50.57971954345703,50.7039940386498,49.86389723752856,49.99811581616846,3231200
2025-08-07,50.51012420654297,51.250799107777205,50.00308216162876,51.13646870038433,10660800
2025-08-08,51.250797271728516,51.34027505335747,50.733814954823025,50.77855574191567,2667400
2025-08-11,51.04201889038086,51.53911685238591,50.84815098860341,51.310452244970364,2599400
2025-08-12,52.125694274902344,52.15551893996333,51.19115144161108,51.424784305516454,2954400
2025-08-13,52.483604431152344,52.687412626134005,52.13066532857901,52.48857268019729,3049800
2025-08-14,52.483604431152344,52.587994549443906,52.06604016542958,52.135633577623956,5431000
2025-08-15,52.22511291503906,52.642677193165774,52.061073462883186,52.63770515141662,2626000
2025-08-18,52.18037414550781,52.279792221776056,52.00141857417978,52.1157489826326,3574400
2025-08-19,51.59379577636719,52.29967394271394,51.39992788268824,52.14557479454767,4963800
2025-08-20,51.315425872802734,51.563974861488575,50.4902414099386,51.524206113085256,10906400
2025-08-21,50.902835845947266,51.29057167828076,50.62445838762426,51.00722597060961,3669200
2025-08-22,52.428924560546875,52.632732760229636,51.15138290357268,51.230916608248,6818200
2025-08-25,51.971595764160156,52.42892499940201,51.96165168064462,52.22014475625551,3091200
2025-08-26,52.38915252685547,52.45377389488686,51.82246116856061,51.91691099246188,2851600
2025-08-27,52.62776184082031,52.74706428805838,52.274822748013555,52.28973507984876,2783000
2025-08-28,52.9807014465332,53.08011952143466,52.41401007597071,52.7271804252111,2971400
2025-08-29,52.33447265625,52.7768895375351,52.026274348084385,52.73215254153291,3477000
2025-09-02,51.544090270996094,51.56894289422644,50.67416881424606,51.09172929305892,5790800
2025-09-03,52.07101058959961,52.170428663201584,51.56894059502992,51.921879686640246,3694200
2025-09-04,52.93099594116211,52.955848565267665,52.03621803711476,52.200261284949555,2940000
2025-09-05,52.6227912902832,53.438031655861124,51.9964467875638,53.313757163638186,4443200
2025-09-08,52.871341705322266,53.04035319889144,52.632733005073085,52.85145733092178,3581000
2025-09-09,53.11491775512695,53.19445525138173,52.60290744879564,52.89122518388437,3173600
2025-09-10,53.418148040771484,53.78599948106065,53.149714678650234,53.65178469627831,3313200
2025-09-11,54.28309631347656,54.38749022367724,53.63687123388547,53.7313172683884,2927400
2025-09-12,54.218475341796875,54.51176511571562,54.153853971129735,54.26818438019902,5111200
2025-09-15,54.795108795166016,54.82493345860128,54.541587778297085,54.59129681487465,2478600
2025-09-16,54.631065368652344,54.934295421030335,54.51176292277528,54.87464230181362,2096600
2025-09-17,54.49188232421875,54.92435514268804,53.676641934569155,54.636041194560725,4051200
2025-09-18,55.00886154174805,55.43139404514823,54.6758030294279,54.92932404849057,2653600
2025-09-19,55.50099182128906,55.66006302776045,54.974065368400254,55.29221157389975,2456800
2025-09-22,56.02790832519531,56.102473774657206,55.24249267030185,55.24249267030185,2185800
2025-09-23,55.436363220214844,56.11241675397228,55.21764269521554,55.99808634620011,3591600
2025-09-24,55.04199981689453,55.62458565430616,54.81792571091719,55.6096481403665,3244200
2025-09-25,54.52912521362305,54.76315639720749,53.93657849765061,54.51916433830069,5159400
2025-09-26,55.12664794921875,55.226237706519704,54.50422621219077,54.75817534460721,3839200
2025-09-29,55.430389404296875,55.68931517229109,55.13660817140035,55.559854187774356,3190600
2025-09-30,55.83372116088867,55.92335004784339,55.08681503591969,55.30092827703591,3556600
2025-10-01,56.22709274291992,56.38145592693029,55.3208467874439,55.335784302260144,4304800
2025-10-02,56.32667922973633,56.56070661317777,55.93330823362882,56.54576909923053,2896400
2025-10-03,56.311737060546875,56.89432668835601,56.147420610665044,56.44618228194928,3601000
2025-10-06,56.700130462646484,56.849509396306914,56.35157201951741,56.705107101162675,2823600
2025-10-07,56.2818603515625,56.93415709092304,56.03787210384881,56.86444616300484,3913600
2025-10-08,56.93415832519531,56.954076276312406,56.331654550006036,56.45613889526731,2768400
2025-10-09,56.60054397583008,57.068606352703924,56.27688390243776,57.00387585760983,4103200
2025-10-10,53.52328872680664,57.03872926638466,53.478476185426004,56.74494423225537,9195200
2025-10-13,55.146568298339844,55.4054940806583,54.61875585805936,54.75319728755989,5010400
2025-10-14,55.007144927978516,55.59969164686834,53.50835229729532,54.16562951025578,5524600
2025-10-15,55.4702262878418,56.32169877319599,54.44945311356715,55.74907001199218,12724600
2025-10-16,54.728302001953125,56.06277060022634,54.14073571214942,55.75405184049008,8218800
2025-10-17,55.305904388427734,55.53495512629133,54.28513124457235,54.50422490642479,7309600
2025-10-20,56.46112060546875,56.610503342733786,55.79388632332944,55.79886296200034,9536200
2025-10-21,56.436222076416016,56.734987550205716,56.251987673067944,56.48103841706879,3892600
2025-10-22,55.86359786987305,56.56070718756226,55.106730897866385,56.56070718756226,6843400
2025-10-23,56.47605895996094,56.66527760317432,55.8486605716159,55.893473114085886,3618600
2025-10-24,57.38230514526367,57.611355894318315,57.14827395847976,57.277738746714434,4459600
2025-10-27,58.741676330566406,58.80142638788725,58.22880141077097,58.343324886609864,4691800
2025-10-28,59.04541778564453,59.3740544940841,58.676941374505695,59.05039442439117,4437800
2025-10-29,59.08027267456055,59.498538262845315,58.323405706767865,59.32426093439333,8832400
2025-10-30,57.81053161621094,58.84624232418969,57.800574539713075,58.49768766235112,6866200
2025-10-31,58.1391716003418,58.66200358838105,57.67608966867226,58.65702694965748,9027200
2025-11-03,58.373199462890625,58.77652751627544,57.79060985371622,58.761590003033135,4125200
2025-11-04,56.99391555786133,57.76073962601303,56.849513252920985,57.10844283383504,5679800
2025-11-05,57.32752990722656,57.90513909873632,56.76984246600144,56.914244763878884,4305400
2025-11-06,56.087669372558594,57.30761450343023,55.8387006683839,57.153255122509414,7609600
2025-11-07,56.18227767944336,56.212152707736365,54.56398113158374,55.689316918843524,10488000
2025-11-10,57.920074462890625,58.0545158806362,56.85946923724248,57.23789890146887,5290600
2025-11-11,58.183982849121094,58.293529681978015,57.481893109659275,57.67110794889165,3299400
2025-11-12,58.243736267089844,58.51759954822114,57.84040820273679,58.50764247210905,3320200
2025-11-13,56.311737060546875,57.810529653489105,56.05281129182341,57.750779598608716,6733200
2025-11-14,56.26194763183594,56.889349840393116,54.812951725146476,55.1664868350189,9934000
2025-11-17,55.206321716308594,56.55573163424883,54.62373206254323,55.8835168941698,14279000
2025-11-18,54.280155181884766,55.10175262358674,53.57806164838794,54.583897289416775,15860000
2025-11-19,54.66854476928711,55.46026337076389,54.04114261408619,54.37475974304959,7387800
2025-11-20,52.99049758911133,56.80469992489035,52.9008687044884,56.36651257830675,5442400
2025-11-21,54.036163330078125,54.93245214235426,52.70169098677852,53.35897198175486,6211600
2025-11-24,55.62956619262695,55.84865986136736,54.45443364040977,54.63369140593176,3680000
2025-11-25,56.66527557373047,56.86444748730053,54.90257678611812,55.599689880495546,6729500
2025-11-26,57.41218566894531,57.76074034107429,56.93416240579556,57.093506026152816,3081300
2025-11-28,58.0196647644043,58.06946154407762,57.55160618695458,57.6113562442251,1850700
2025-12-01,57.49184799194336,57.94994945826308,57.23292223240284,57.24287930820952,3077500
2025-12-02,57.6910285949707,58.07941916672457,57.32255597548125,57.75078245176397,2328000
2025-12-03,58.0694580078125,58.2487157666296,57.37234492340828,57.53168473136118,2359000
2025-12-04,58.16904830932617,58.33834900484097,57.65119294504702,58.30847017683191,2570100
2025-12-05,58.33834457397461,58.816363997242846,58.159086815378934,58.31842662313501,2342300
2025-12-08,57.98978805541992,58.50764339753725,57.64123340157211,58.49768632126766,2219700
2025-12-09,57.90016174316406,58.27859524053979,57.810532856916154,57.910122618836596,2390100
2025-12-10,58.62714767456055,58.87611637142767,57.59144078280356,57.790612701128595,2710400
2025-12-11,58.9059944152832,58.915951491482765,57.72090100261472,58.218838389729676,2818400
2025-12-12,57.60139846801758,58.83628488907477,57.17317200096265,58.7366951298987,3545300
2025-12-15,57.43209457397461,58.27859038443917,57.18312588836044,58.27859038443917,3109300
2025-12-16,57.103458404541016,57.48189187383043,56.45613829646391,57.17316933323108,3512700
2025-12-17,55.828739166259766,57.352426299359934,55.80882121562936,57.26279742100341,3976300
2025-12-18,56.66527557373047,57.3723457442021,56.406346007752205,56.84453333511211,3251300
2025-12-19,57.67110824584961,57.750780051596074,56.99391309284779,57.023788120522326,2546400
2025-12-22,58.38814163208008,58.487727594277,58.029626089833684,58.238758889823764,5741200
2025-12-23,58.88607406616211,58.945824118848066,58.20887894334338,58.2188360191375,2262600
2025-12-24,59.291194915771484,59.380999977265525,58.87210716641813,58.892064269686614,1460800
2025-12-26,59.25128173828125,59.490759353421105,59.0816482716648,59.32112969323271,1758800
2025-12-29,58.832191467285156,59.07167289400293,58.522865890542036,58.77232396542682,3097700
2025-12-30,58.67253875732422,58.951934391022085,58.61267125515395,58.76234381700779,1709700
2025-12-31,57.7944450378418,58.722429382141655,57.7545346386934,58.702476085781534,2623000
2026-01-02,57.974056243896484,58.61267212581494,57.41527258105664,58.413104900617185,5051200
2026-01-05,58.75236511230469,59.041733577664736,58.52286414701939,58.54281744275895,3408800
2026-01-06,59.44086837768555,59.52069678685219,58.74238502318959,58.762342125481254,7080800
2026-01-07,59.05171585083008,59.80009007623962,58.99184454248318,59.49076069275621,2058800
2026-01-08,59.00182342529297,59.20139064137139,58.67253694779938,58.91201836837909,2593900
2026-01-09,59.77015686035156,59.989677380065736,58.9519346710932,59.18143564550194,7065700
2026-01-12,59.94976806640625,60.109421086557425,59.181436717419864,59.181436717419864,2469300
2026-01-13,59.69032669067383,60.099437773255005,59.29119225606524,60.02958981816271,2606800
2026-01-14,59.13154220581055,59.34108988801317,58.39314841314995,59.22134726777503,4292500
2026-01-15,59.41093444824219,59.96971808501087,59.25128143681856,59.8300221758187,3008100
2026-01-16,59.291194915771484,59.74022022324168,59.03176018613773,59.650415161747645,2437000
2026-01-20,56.86646270751953,58.09379594210122,56.6968292423802,57.5449851487928,7592200
2026-01-21,58.153663635253906,58.7324081805089,56.95626795314903,57.19574556699879,5194800
2026-01-22,58.75236511230469,59.1315386342049,58.433059090479226,58.912018123217415,3088800
2026-01-23,58.77232360839844,59.08164918326248,58.43306047635895,58.61267059369916,3182700
2026-01-26,59.38099670410156,59.610501475824336,58.912018125641886,58.99184272788752,2695600
2026-01-27,59.859962463378906,60.0196154820864,59.52069932282194,59.62048103210355,1899500
2026-01-28,59.820045471191406,60.23913319837051,59.57058740317679,60.10941774363109,2895500
2026-01-29,59.55063247680664,60.07948238226361,57.99401270520603,59.96972021929824,3578200
2026-01-30,59.161476135253906,59.58056386109675,58.363211081437996,59.161476135253906,9207800
2026-02-02,59.78013229370117,60.029590366001116,58.74238579939067,58.772323356437774,4491100
2026-02-03,58.74238586425781,60.03956708036433,57.81440152976304,59.919828271328,4662200
2026-02-04,58.153663635253906,59.07167130548609,57.4152698850511,58.86212744176054,6937100
2026-02-05,56.68685531616211,57.71462138492472,56.40745967894675,57.25561943250921,6982300
2026-02-06,58.882083892822266,59.1514990776612,57.23566283848868,57.31548744524007,6016000
2026-02-09,59.40095520019531,59.75019878669603,58.46299421483739,58.65258098024421,7456300
2026-02-10,59.09162902832031,59.849979888713165,58.99184351614488,59.59054516991321,3159900
2026-02-11,59.06169128417969,59.93978475639878,58.582732246540566,59.82004594859602,3942500
2026-02-12,57.235660552978516,59.63045575631622,57.07600753942267,59.450849446690476,5226700
2026-02-13,57.245635986328125,58.03392438934585,56.56710974150628,57.265593088402646,5821200
2026-02-17,57.42524719238281,57.78446742371054,56.2577852469958,56.97622190322316,11188600
2026-02-18,58.00399398803711,58.50291014941882,57.44520651697544,57.64477374281377,2884700
2026-02-19,57.694664001464844,57.984036285618714,57.21570494825923,57.59488229279091,2769200
2026-02-20,58.51288604736328,58.60269110751732,57.22568145396469,57.29552941114804,4356100
2026-02-23,57.30550765991211,58.572755101558194,56.966244535326325,58.223511522657155,5528600
2026-02-24,58.1436882019043,58.28338411397274,56.896397834967345,57.205727216281836,2422800
2026-02-25,59.09162902832031,59.19141073406766,58.592712886727405,58.592712886727405,2257500
2026-02-26,58.43305969238281,59.141519697703956,57.60485707282266,59.141519697703956,3623000
2026-02-27,57.88425064086914,57.984036155747766,57.11592311165873,57.355400734511065,3764600
2026-03-02,57.904205322265625,58.28338265009068,56.49726197595554,56.5970474866611,4687600
2026-03-03,56.876441955566406,57.265595949391766,55.08034454983416,55.998348452557764,6507400
2026-03-04,57.68468475341797,58.003990774497794,56.756700440145956,57.09596356334678,4768300
2026-03-05,57.036094665527344,57.734578043545824,56.06819610714054,57.13587637391791,6349000
2026-03-06,55.49943161010742,56.12806702660529,55.06038676723567,55.679041729106814,5087200
2026-03-09,56.4773063659668,56.73674489422768,53.84302971658999,54.50159887893419,7107200
2026-03-10,56.247806549072266,57.30551017363096,55.878609658201896,56.36754916753958,5858900
2026-03-11,56.12806701660156,56.746721978362444,55.62915086534288,56.34759134121239,3132800
2026-03-12,54.39183807373047,55.33977953876094,54.38186142536157,55.23999782935909,4561100
2026-03-13,53.763206481933594,55.40962752652174,53.623510566124345,54.91071136638686,3980000
2026-03-16,54.83088684082031,55.33977965007857,54.55149120236232,54.73110132478952,3009600
2026-03-17,55.13023376464844,55.728931613277005,55.01049495620834,55.389668484006656,1877000
2026-03-18,53.613529205322266,54.940647995939976,53.56363835143752,54.731100319338964,4096800
2026-03-19,53.30419921875,53.80311536481735,52.565805454170075,52.84519727791079,4910400
2026-03-20,51.74758529663086,53.074700317567974,51.14888361415143,53.054743214175836,5682000
2026-03-23,52.84519577026367,53.99270439605197,52.615694806391616,53.24433019830169,20106000
2026-03-24,52.47600173950195,53.094656710669,51.94715182918401,52.19660990860616,4952300
2026-03-25,53.040000915527344,53.70000076293945,52.63999938964844,53.34000015258789,3281900
2026-03-26,51.15999984741211,52.720001220703125,51.11000061035156,52.2599983215332,4281200
2026-03-27,49.380001068115234,50.75,49.2400016784668,50.72999954223633,5417800
2026-03-30,49.060001373291016,50.349998474121094,48.630001068115234,50.29999923706055,6903900
2026-03-31,51.880001068115234,52.06999969482422,49.97999954223633,50.119998931884766,8139500
2026-04-01,52.650001525878906,53.189998626708984,52.310001373291016,52.45000076293945,5837500
2026-04-02,52.7400016784668,53.060001373291016,51.0099983215332,51.220001220703125,4570400
2026-04-06,53.220001220703125,53.34000015258789,52.66999816894531,52.720001220703125,3188100
2026-04-07,53.25,53.310001373291016,51.939998626708984,52.849998474121094,5841400
2026-04-08,55.939998626708984,56.13999938964844,55.22999954223633,56.02000045776367,4265200
2026-04-09,56.59000015258789,56.810001373291016,55.59000015258789,55.779998779296875,3048700
2026-04-10,56.47999954223633,56.93000030517578,56.34000015258789,56.79999923706055,2051400
2026-04-13,57.58000183105469,57.630001068115234,56.02000045776367,56.13999938964844,2733900
2026-04-14,58.9900016784668,59.02000045776367,57.849998474121094,57.869998931884766,15381500
2026-04-15,59.900001525878906,59.970001220703125,58.959999084472656,59.130001068115234,3194100
2026-04-16,60.18000030517578,60.38999938964844,59.66999816894531,60.09000015258789,4842700
2026-04-17,61.619998931884766,62.02000045776367,60.900001525878906,60.939998626708984,5341500
2026-04-20,61.369998931884766,61.58000183105469,60.93000030517578,61.380001068115234,4298000
2026-04-21,60.58000183105469,61.810001373291016,60.31999969482422,61.630001068115234,4388900
2026-04-22,61.779998779296875,61.83000183105469,61.279998779296875,61.45000076293945,2761900
2026-04-23,61.310001373291016,61.970001220703125,60.22999954223633,61.4900016784668,4884300
2026-04-24,62.209999084472656,62.310001373291016,61.369998931884766,61.66999816894531,3979900
2026-04-27,62.41999816894531,62.4900016784668,61.91999816894531,62.06999969482422,2426200
2026-04-28,61.79999923706055,62.0099983215332,61.380001068115234,61.83000183105469,2326700
2026-04-29,61.790000915527344,61.869998931884766,61.220001220703125,61.66999816894531,5380500
2026-04-30,62.959999084472656,63.20000076293945,61.56999969482422,62.310001373291016,5831500
2026-05-01,63.310001373291016,64.05999755859375,63.290000915527344,63.43000030517578,3178400
2026-05-04,62.86000061035156,63.560001373291016,62.31999969482422,63.209999084472656,4701000
2026-05-05,63.83000183105469,64.06999969482422,63.459999084472656,63.5,2732900
2026-05-06,65.61000061035156,65.73999786376953,64.55000305175781,64.5999984741211,4508200
2026-05-07,65.18000030517578,66.0,64.87999725341797,65.83000183105469,4662400
2026-05-08,66.22000122070312,66.33000183105469,65.72000122070312,65.7699966430664,2245100
2026-05-11,66.51000213623047,66.80000305175781,66.0199966430664,66.04000091552734,2521600
2026-05-12,66.33000183105469,66.44000244140625,65.18000030517578,66.11000061035156,4867200
2026-05-13,67.05999755859375,67.33999633789062,65.83999633789062,66.37000274658203,2142700
2026-05-14,68.0999984741211,68.3499984741211,67.29000091552734,67.30000305175781,2854700
2026-05-15,66.43000030517578,67.20999908447266,66.2300033569336,66.94000244140625,3008600
2026-05-18,66.30999755859375,66.83000183105469,65.4000015258789,66.55000305175781,4143100
